facility_id,stroke_measure_name,stroke_score,compared_to_national
010001,Death rate for stroke patients,13.5,No Different Than the National Rate
010005,Death rate for stroke patients,12.9,No Different Than the National Rate
010006,Death rate for stroke patients,12.4,No Different Than the National Rate
010007,Death rate for stroke patients,Not Available,Number of Cases Too Small
010008,Death rate for stroke patients,Not Available,Number of Cases Too Small
010011,Death rate for stroke patients,12.8,No Different Than the National Rate
010012,Death rate for stroke patients,Not Available,Number of Cases Too Small
010016,Death rate for stroke patients,16,No Different Than the National Rate
010018,Death rate for stroke patients,Not Available,Not Available
010019,Death rate for stroke patients,13.3,No Different Than the National Rate
010021,Death rate for stroke patients,Not Available,Number of Cases Too Small
010022,Death rate for stroke patients,Not Available,Not Available
010023,Death rate for stroke patients,16.7,Worse Than the National Rate
010024,Death rate for stroke patients,14.3,No Different Than the National Rate
010029,Death rate for stroke patients,14.5,No Different Than the National Rate
010033,Death rate for stroke patients,14.5,No Different Than the National Rate
010034,Death rate for stroke patients,Not Available,Number of Cases Too Small
010035,Death rate for stroke patients,14.3,No Different Than the National Rate
010036,Death rate for stroke patients,12.5,No Different Than the National Rate
010039,Death rate for stroke patients,12.8,No Different Than the National Rate
010040,Death rate for stroke patients,12.9,No Different Than the National Rate
010044,Death rate for stroke patients,Not Available,Number of Cases Too Small
010045,Death rate for stroke patients,Not Available,Number of Cases Too Small
010046,Death rate for stroke patients,14.4,No Different Than the National Rate
010049,Death rate for stroke patients,16.1,No Different Than the National Rate
010051,Death rate for stroke patients,Not Available,Not Available
010052,Death rate for stroke patients,Not Available,Number of Cases Too Small
010055,Death rate for stroke patients,13.8,No Different Than the National Rate
010056,Death rate for stroke patients,13.1,No Different Than the National Rate
010058,Death rate for stroke patients,Not Available,Not Available
010059,Death rate for stroke patients,Not Available,Number of Cases Too Small
010061,Death rate for stroke patients,13.6,No Different Than the National Rate
010062,Death rate for stroke patients,Not Available,Not Available
010065,Death rate for stroke patients,Not Available,Number of Cases Too Small
010073,Death rate for stroke patients,Not Available,Number of Cases Too Small
010078,Death rate for stroke patients,12.9,No Different Than the National Rate
010079,Death rate for stroke patients,19,No Different Than the National Rate
010083,Death rate for stroke patients,13.1,No Different Than the National Rate
010085,Death rate for stroke patients,13.5,No Different Than the National Rate
010086,Death rate for stroke patients,Not Available,Number of Cases Too Small
010087,Death rate for stroke patients,13.5,No Different Than the National Rate
010089,Death rate for stroke patients,15.1,No Different Than the National Rate
010090,Death rate for stroke patients,14.2,No Different Than the National Rate
010091,Death rate for stroke patients,Not Available,Number of Cases Too Small
010092,Death rate for stroke patients,15.8,No Different Than the National Rate
010095,Death rate for stroke patients,Not Available,Number of Cases Too Small
010097,Death rate for stroke patients,Not Available,Number of Cases Too Small
010099,Death rate for stroke patients,Not Available,Number of Cases Too Small
010100,Death rate for stroke patients,14,No Different Than the National Rate
010101,Death rate for stroke patients,Not Available,Number of Cases Too Small
010102,Death rate for stroke patients,Not Available,Not Available
010103,Death rate for stroke patients,13.3,No Different Than the National Rate
010104,Death rate for stroke patients,13.2,No Different Than the National Rate
010108,Death rate for stroke patients,13.2,No Different Than the National Rate
010110,Death rate for stroke patients,Not Available,Not Available
010112,Death rate for stroke patients,Not Available,Number of Cases Too Small
010113,Death rate for stroke patients,15.1,No Different Than the National Rate
010114,Death rate for stroke patients,Not Available,Number of Cases Too Small
010118,Death rate for stroke patients,16.9,No Different Than the National Rate
010120,Death rate for stroke patients,Not Available,Number of Cases Too Small
010125,Death rate for stroke patients,Not Available,Number of Cases Too Small
010126,Death rate for stroke patients,Not Available,Number of Cases Too Small
010128,Death rate for stroke patients,Not Available,Number of Cases Too Small
010129,Death rate for stroke patients,Not Available,Number of Cases Too Small
010130,Death rate for stroke patients,Not Available,Number of Cases Too Small
010131,Death rate for stroke patients,13.4,No Different Than the National Rate
010138,Death rate for stroke patients,Not Available,Not Available
010139,Death rate for stroke patients,16.5,No Different Than the National Rate
010144,Death rate for stroke patients,13.1,No Different Than the National Rate
010148,Death rate for stroke patients,Not Available,Number of Cases Too Small
010149,Death rate for stroke patients,13.6,No Different Than the National Rate
01014F,Death rate for stroke patients,Not Available,Not Available
010150,Death rate for stroke patients,Not Available,Number of Cases Too Small
010157,Death rate for stroke patients,Not Available,Number of Cases Too Small
010158,Death rate for stroke patients,Not Available,Number of Cases Too Small
010164,Death rate for stroke patients,Not Available,Number of Cases Too Small
010168,Death rate for stroke patients,Not Available,Number of Cases Too Small
010169,Death rate for stroke patients,Not Available,Number of Cases Too Small
010173,Death rate for stroke patients,Not Available,Number of Cases Too Small
010175,Death rate for stroke patients,Not Available,Number of Cases Too Small
01019F,Death rate for stroke patients,Not Available,Not Available
01021F,Death rate for stroke patients,Not Available,Not Available
011300,Death rate for stroke patients,Not Available,Not Available
011302,Death rate for stroke patients,Not Available,Not Available
011304,Death rate for stroke patients,Not Available,Not Available
011305,Death rate for stroke patients,Not Available,Number of Cases Too Small
011306,Death rate for stroke patients,Not Available,Not Available
011307,Death rate for stroke patients,Not Available,Not Available
013300,Death rate for stroke patients,Not Available,Not Available
013301,Death rate for stroke patients,Not Available,Not Available
020001,Death rate for stroke patients,13.6,No Different Than the National Rate
020006,Death rate for stroke patients,12.6,No Different Than the National Rate
020008,Death rate for stroke patients,12.3,No Different Than the National Rate
020012,Death rate for stroke patients,14.5,No Different Than the National Rate
020017,Death rate for stroke patients,13.3,No Different Than the National Rate
020018,Death rate for stroke patients,Not Available,Number of Cases Too Small
020024,Death rate for stroke patients,14.4,No Different Than the National Rate
020026,Death rate for stroke patients,14.1,No Different Than the National Rate
02013F,Death rate for stroke patients,Not Available,Not Available
02014F,Death rate for stroke patients,Not Available,Not Available
021301,Death rate for stroke patients,Not Available,Number of Cases Too Small
021302,Death rate for stroke patients,Not Available,Number of Cases Too Small
021304,Death rate for stroke patients,Not Available,Number of Cases Too Small
021305,Death rate for stroke patients,Not Available,Number of Cases Too Small
021306,Death rate for stroke patients,Not Available,Number of Cases Too Small
021307,Death rate for stroke patients,Not Available,Not Available
021308,Death rate for stroke patients,Not Available,Number of Cases Too Small
021309,Death rate for stroke patients,Not Available,Not Available
021310,Death rate for stroke patients,Not Available,Not Available
021311,Death rate for stroke patients,Not Available,Number of Cases Too Small
021312,Death rate for stroke patients,Not Available,Number of Cases Too Small
021313,Death rate for stroke patients,Not Available,Number of Cases Too Small
021314,Death rate for stroke patients,Not Available,Number of Cases Too Small
030002,Death rate for stroke patients,14,No Different Than the National Rate
030006,Death rate for stroke patients,14.5,No Different Than the National Rate
030007,Death rate for stroke patients,12.7,No Different Than the National Rate
030010,Death rate for stroke patients,15.1,No Different Than the National Rate
030011,Death rate for stroke patients,15.1,No Different Than the National Rate
030012,Death rate for stroke patients,15.1,No Different Than the National Rate
030013,Death rate for stroke patients,13.8,No Different Than the National Rate
030014,Death rate for stroke patients,15,No Different Than the National Rate
030016,Death rate for stroke patients,14,No Different Than the National Rate
030022,Death rate for stroke patients,Not Available,Number of Cases Too Small
030023,Death rate for stroke patients,13.1,No Different Than the National Rate
030024,Death rate for stroke patients,15.3,No Different Than the National Rate
030030,Death rate for stroke patients,14,No Different Than the National Rate
030036,Death rate for stroke patients,12.9,No Different Than the National Rate
030037,Death rate for stroke patients,Not Available,Number of Cases Too Small
030038,Death rate for stroke patients,15.3,No Different Than the National Rate
030043,Death rate for stroke patients,15.3,No Different Than the National Rate
030055,Death rate for stroke patients,14.1,No Different Than the National Rate
030061,Death rate for stroke patients,13.8,No Different Than the National Rate
030062,Death rate for stroke patients,12.4,No Different Than the National Rate
030064,Death rate for stroke patients,14.7,No Different Than the National Rate
030065,Death rate for stroke patients,14,No Different Than the National Rate
030069,Death rate for stroke patients,14.6,No Different Than the National Rate
030071,Death rate for stroke patients,Not Available,Number of Cases Too Small
030073,Death rate for stroke patients,Not Available,Number of Cases Too Small
030074,Death rate for stroke patients,Not Available,Not Available
030078,Death rate for stroke patients,Not Available,Not Available
030083,Death rate for stroke patients,17.1,No Different Than the National Rate
030084,Death rate for stroke patients,Not Available,Number of Cases Too Small
030085,Death rate for stroke patients,14.6,No Different Than the National Rate
030087,Death rate for stroke patients,13.8,No Different Than the National Rate
030088,Death rate for stroke patients,13.8,No Different Than the National Rate
030089,Death rate for stroke patients,12.6,No Different Than the National Rate
030092,Death rate for stroke patients,13,No Different Than the National Rate
030093,Death rate for stroke patients,13.7,No Different Than the National Rate
030094,Death rate for stroke patients,14.3,No Different Than the National Rate
030101,Death rate for stroke patients,12.4,No Different Than the National Rate
030103,Death rate for stroke patients,9.4,Better Than the National Rate
030105,Death rate for stroke patients,Not Available,Number of Cases Too Small
030107,Death rate for stroke patients,Not Available,Not Available
030108,Death rate for stroke patients,Not Available,Not Available
030110,Death rate for stroke patients,17.3,Worse Than the National Rate
030111,Death rate for stroke patients,Not Available,Number of Cases Too Small
030112,Death rate for stroke patients,Not Available,Not Available
030113,Death rate for stroke patients,Not Available,Not Available
030114,Death rate for stroke patients,11.4,No Different Than the National Rate
030115,Death rate for stroke patients,12.2,No Different Than the National Rate
030117,Death rate for stroke patients,13.6,No Different Than the National Rate
030119,Death rate for stroke patients,11.6,No Different Than the National Rate
030121,Death rate for stroke patients,13.4,No Different Than the National Rate
030122,Death rate for stroke patients,15.3,No Different Than the National Rate
030123,Death rate for stroke patients,10.5,No Different Than the National Rate
03012F,Death rate for stroke patients,Not Available,Not Available
030130,Death rate for stroke patients,Not Available,Number of Cases Too Small
030134,Death rate for stroke patients,Not Available,Not Available
030136,Death rate for stroke patients,Not Available,Not Available
030138,Death rate for stroke patients,Not Available,Not Available
030139,Death rate for stroke patients,Not Available,Number of Cases Too Small
03013F,Death rate for stroke patients,Not Available,Not Available
030146,Death rate for stroke patients,Not Available,Number of Cases Too Small
030147,Death rate for stroke patients,12.5,No Different Than the National Rate
030148,Death rate for stroke patients,12.6,No Different Than the National Rate
030152,Death rate for stroke patients,Not Available,Not Available
030153,Death rate for stroke patients,Not Available,Not Available
030154,Death rate for stroke patients,Not Available,Not Available
030155,Death rate for stroke patients,Not Available,Not Available
03033F,Death rate for stroke patients,Not Available,Not Available
031300,Death rate for stroke patients,Not Available,Number of Cases Too Small
031301,Death rate for stroke patients,Not Available,Not Available
031302,Death rate for stroke patients,Not Available,Number of Cases Too Small
031304,Death rate for stroke patients,Not Available,Number of Cases Too Small
031305,Death rate for stroke patients,Not Available,Not Available
031307,Death rate for stroke patients,Not Available,Not Available
031308,Death rate for stroke patients,Not Available,Not Available
031309,Death rate for stroke patients,Not Available,Number of Cases Too Small
031311,Death rate for stroke patients,Not Available,Not Available
031312,Death rate for stroke patients,Not Available,Not Available
031313,Death rate for stroke patients,Not Available,Not Available
031314,Death rate for stroke patients,Not Available,Number of Cases Too Small
031315,Death rate for stroke patients,Not Available,Number of Cases Too Small
031317,Death rate for stroke patients,Not Available,Number of Cases Too Small
031318,Death rate for stroke patients,13.2,No Different Than the National Rate
031319,Death rate for stroke patients,Not Available,Number of Cases Too Small
031320,Death rate for stroke patients,Not Available,Number of Cases Too Small
033302,Death rate for stroke patients,Not Available,Not Available
040001,Death rate for stroke patients,Not Available,Number of Cases Too Small
040002,Death rate for stroke patients,Not Available,Number of Cases Too Small
040004,Death rate for stroke patients,14.1,No Different Than the National Rate
040007,Death rate for stroke patients,13.9,No Different Than the National Rate
040010,Death rate for stroke patients,12,No Different Than the National Rate
040011,Death rate for stroke patients,Not Available,Number of Cases Too Small
040014,Death rate for stroke patients,15.7,No Different Than the National Rate
040015,Death rate for stroke patients,Not Available,Number of Cases Too Small
040016,Death rate for stroke patients,14.8,No Different Than the National Rate
040017,Death rate for stroke patients,13.6,No Different Than the National Rate
040018,Death rate for stroke patients,Not Available,Not Available
040019,Death rate for stroke patients,Not Available,Number of Cases Too Small
040020,Death rate for stroke patients,16.6,No Different Than the National Rate
040022,Death rate for stroke patients,16.2,No Different Than the National Rate
040026,Death rate for stroke patients,11.7,No Different Than the National Rate
040027,Death rate for stroke patients,16.8,No Different Than the National Rate
040029,Death rate for stroke patients,15.4,No Different Than the National Rate
040036,Death rate for stroke patients,17.5,Worse Than the National Rate
040039,Death rate for stroke patients,12.3,No Different Than the National Rate
040041,Death rate for stroke patients,14.3,No Different Than the National Rate
040050,Death rate for stroke patients,Not Available,Number of Cases Too Small
040051,Death rate for stroke patients,Not Available,Number of Cases Too Small
040055,Death rate for stroke patients,13.2,No Different Than the National Rate
040062,Death rate for stroke patients,12.8,No Different Than the National Rate
040067,Death rate for stroke patients,Not Available,Number of Cases Too Small
040069,Death rate for stroke patients,Not Available,Number of Cases Too Small
040071,Death rate for stroke patients,18.5,Worse Than the National Rate
040072,Death rate for stroke patients,Not Available,Number of Cases Too Small
040076,Death rate for stroke patients,Not Available,Number of Cases Too Small
040078,Death rate for stroke patients,15.5,No Different Than the National Rate
040084,Death rate for stroke patients,15.9,No Different Than the National Rate
040088,Death rate for stroke patients,13,No Different Than the National Rate
04009F,Death rate for stroke patients,Not Available,Not Available
04010F,Death rate for stroke patients,Not Available,Not Available
040114,Death rate for stroke patients,15.7,Worse Than the National Rate
040118,Death rate for stroke patients,13.2,No Different Than the National Rate
040119,Death rate for stroke patients,12.1,No Different Than the National Rate
040132,Death rate for stroke patients,Not Available,Not Available
040134,Death rate for stroke patients,Not Available,Number of Cases Too Small
040137,Death rate for stroke patients,14.8,No Different Than the National Rate
040147,Death rate for stroke patients,Not Available,Not Available
040153,Death rate for stroke patients,Not Available,Number of Cases Too Small
040154,Death rate for stroke patients,13.5,No Different Than the National Rate
040156,Death rate for stroke patients,Not Available,Number of Cases Too Small
040161,Death rate for stroke patients,Not Available,Number of Cases Too Small
040164,Death rate for stroke patients,Not Available,Not Available
041300,Death rate for stroke patients,Not Available,Number of Cases Too Small
041302,Death rate for stroke patients,Not Available,Number of Cases Too Small
041303,Death rate for stroke patients,Not Available,Not Available
041305,Death rate for stroke patients,Not Available,Number of Cases Too Small
041306,Death rate for stroke patients,Not Available,Not Available
041307,Death rate for stroke patients,Not Available,Number of Cases Too Small
041308,Death rate for stroke patients,Not Available,Number of Cases Too Small
041309,Death rate for stroke patients,Not Available,Number of Cases Too Small
041310,Death rate for stroke patients,Not Available,Number of Cases Too Small
041311,Death rate for stroke patients,Not Available,Number of Cases Too Small
041312,Death rate for stroke patients,Not Available,Number of Cases Too Small
041313,Death rate for stroke patients,Not Available,Number of Cases Too Small
041317,Death rate for stroke patients,Not Available,Number of Cases Too Small
041318,Death rate for stroke patients,Not Available,Number of Cases Too Small
041320,Death rate for stroke patients,Not Available,Not Available
041321,Death rate for stroke patients,Not Available,Number of Cases Too Small
041322,Death rate for stroke patients,Not Available,Number of Cases Too Small
041323,Death rate for stroke patients,Not Available,Number of Cases Too Small
041324,Death rate for stroke patients,Not Available,Number of Cases Too Small
041326,Death rate for stroke patients,Not Available,Number of Cases Too Small
041327,Death rate for stroke patients,Not Available,Number of Cases Too Small
041328,Death rate for stroke patients,Not Available,Number of Cases Too Small
041329,Death rate for stroke patients,Not Available,Number of Cases Too Small
041330,Death rate for stroke patients,Not Available,Number of Cases Too Small
041331,Death rate for stroke patients,Not Available,Number of Cases Too Small
041332,Death rate for stroke patients,Not Available,Number of Cases Too Small
041333,Death rate for stroke patients,Not Available,Not Available
043300,Death rate for stroke patients,Not Available,Not Available
043301,Death rate for stroke patients,Not Available,Not Available
050002,Death rate for stroke patients,13.1,No Different Than the National Rate
050006,Death rate for stroke patients,17,No Different Than the National Rate
050007,Death rate for stroke patients,11.4,No Different Than the National Rate
050008,Death rate for stroke patients,12,No Different Than the National Rate
050009,Death rate for stroke patients,13.9,No Different Than the National Rate
050013,Death rate for stroke patients,14.8,No Different Than the National Rate
050014,Death rate for stroke patients,14,No Different Than the National Rate
050017,Death rate for stroke patients,13.2,No Different Than the National Rate
050022,Death rate for stroke patients,12.1,No Different Than the National Rate
050024,Death rate for stroke patients,12.6,No Different Than the National Rate
050025,Death rate for stroke patients,10.7,Better Than the National Rate
050026,Death rate for stroke patients,12.2,No Different Than the National Rate
050028,Death rate for stroke patients,Not Available,Number of Cases Too Small
050030,Death rate for stroke patients,13.8,No Different Than the National Rate
050036,Death rate for stroke patients,15.2,No Different Than the National Rate
050038,Death rate for stroke patients,11.7,No Different Than the National Rate
050039,Death rate for stroke patients,14.2,No Different Than the National Rate
050040,Death rate for stroke patients,12.4,No Different Than the National Rate
050042,Death rate for stroke patients,12.8,No Different Than the National Rate
050043,Death rate for stroke patients,11.8,No Different Than the National Rate
050045,Death rate for stroke patients,12.6,No Different Than the National Rate
050047,Death rate for stroke patients,15.2,No Different Than the National Rate
050054,Death rate for stroke patients,Not Available,Number of Cases Too Small
050055,Death rate for stroke patients,Not Available,Number of Cases Too Small
050056,Death rate for stroke patients,11.7,No Different Than the National Rate
050057,Death rate for stroke patients,12.2,No Different Than the National Rate
050058,Death rate for stroke patients,12.5,No Different Than the National Rate
050060,Death rate for stroke patients,13.1,No Different Than the National Rate
050063,Death rate for stroke patients,12.7,No Different Than the National Rate
050067,Death rate for stroke patients,Not Available,Number of Cases Too Small
050069,Death rate for stroke patients,10.8,No Different Than the National Rate
050070,Death rate for stroke patients,Not Available,Number of Cases Too Small
050071,Death rate for stroke patients,11.5,No Different Than the National Rate
050072,Death rate for stroke patients,Not Available,Number of Cases Too Small
050073,Death rate for stroke patients,Not Available,Number of Cases Too Small
050075,Death rate for stroke patients,15,No Different Than the National Rate
050076,Death rate for stroke patients,Not Available,Number of Cases Too Small
050077,Death rate for stroke patients,17.5,Worse Than the National Rate
050078,Death rate for stroke patients,12.2,No Different Than the National Rate
050082,Death rate for stroke patients,13.2,No Different Than the National Rate
050084,Death rate for stroke patients,12.6,No Different Than the National Rate
050089,Death rate for stroke patients,Not Available,Number of Cases Too Small
050090,Death rate for stroke patients,15.9,No Different Than the National Rate
050091,Death rate for stroke patients,Not Available,Number of Cases Too Small
050093,Death rate for stroke patients,12.7,No Different Than the National Rate
050099,Death rate for stroke patients,14.1,No Different Than the National Rate
050100,Death rate for stroke patients,11.6,No Different Than the National Rate
050101,Death rate for stroke patients,12.2,No Different Than the National Rate
050102,Death rate for stroke patients,Not Available,Number of Cases Too Small
050103,Death rate for stroke patients,10.7,No Different Than the National Rate
050104,Death rate for stroke patients,12.9,No Different Than the National Rate
050107,Death rate for stroke patients,15.2,No Different Than the National Rate
050108,Death rate for stroke patients,11.8,No Different Than the National Rate
050110,Death rate for stroke patients,17.1,No Different Than the National Rate
050112,Death rate for stroke patients,10.8,No Different Than the National Rate
050113,Death rate for stroke patients,Not Available,Number of Cases Too Small
050115,Death rate for stroke patients,13.7,No Different Than the National Rate
050116,Death rate for stroke patients,11.8,No Different Than the National Rate
050118,Death rate for stroke patients,12.2,No Different Than the National Rate
050121,Death rate for stroke patients,15.2,No Different Than the National Rate
050122,Death rate for stroke patients,Not Available,Number of Cases Too Small
050124,Death rate for stroke patients,11.3,No Different Than the National Rate
050125,Death rate for stroke patients,11.5,No Different Than the National Rate
050126,Death rate for stroke patients,14.8,No Different Than the National Rate
050127,Death rate for stroke patients,11.3,No Different Than the National Rate
050128,Death rate for stroke patients,14.7,No Different Than the National Rate
050129,Death rate for stroke patients,12.1,No Different Than the National Rate
050131,Death rate for stroke patients,12.2,No Different Than the National Rate
050132,Death rate for stroke patients,10.5,No Different Than the National Rate
050133,Death rate for stroke patients,13.1,No Different Than the National Rate
050135,Death rate for stroke patients,11.9,No Different Than the National Rate
050136,Death rate for stroke patients,12.6,No Different Than the National Rate
050137,Death rate for stroke patients,Not Available,Number of Cases Too Small
050138,Death rate for stroke patients,10.8,No Different Than the National Rate
050139,Death rate for stroke patients,Not Available,Number of Cases Too Small
050140,Death rate for stroke patients,Not Available,Number of Cases Too Small
050145,Death rate for stroke patients,12.2,No Different Than the National Rate
050149,Death rate for stroke patients,12.9,No Different Than the National Rate
050150,Death rate for stroke patients,11.8,No Different Than the National Rate
050152,Death rate for stroke patients,11.8,No Different Than the National Rate
050158,Death rate for stroke patients,Not Available,Number of Cases Too Small
050159,Death rate for stroke patients,11.8,No Different Than the National Rate
05015F,Death rate for stroke patients,Not Available,Not Available
050167,Death rate for stroke patients,14.2,No Different Than the National Rate
050168,Death rate for stroke patients,12.2,No Different Than the National Rate
050169,Death rate for stroke patients,13,No Different Than the National Rate
050174,Death rate for stroke patients,12.4,No Different Than the National Rate
050179,Death rate for stroke patients,12.5,No Different Than the National Rate
050180,Death rate for stroke patients,16.6,Worse Than the National Rate
050191,Death rate for stroke patients,10.9,No Different Than the National Rate
050192,Death rate for stroke patients,Not Available,Number of Cases Too Small
050194,Death rate for stroke patients,12,No Different Than the National Rate
050195,Death rate for stroke patients,11.4,No Different Than the National Rate
050197,Death rate for stroke patients,12.5,No Different Than the National Rate
050204,Death rate for stroke patients,13.6,No Different Than the National Rate
05020F,Death rate for stroke patients,Not Available,Not Available
050211,Death rate for stroke patients,11.2,No Different Than the National Rate
050222,Death rate for stroke patients,10.7,No Different Than the National Rate
050224,Death rate for stroke patients,10.3,Better Than the National Rate
050226,Death rate for stroke patients,15.8,No Different Than the National Rate
050228,Death rate for stroke patients,12.1,No Different Than the National Rate
05022F,Death rate for stroke patients,Not Available,Not Available
050230,Death rate for stroke patients,Not Available,Number of Cases Too Small
050231,Death rate for stroke patients,15.9,No Different Than the National Rate
050232,Death rate for stroke patients,14.1,No Different Than the National Rate
050234,Death rate for stroke patients,12,No Different Than the National Rate
050235,Death rate for stroke patients,9.9,Better Than the National Rate
050236,Death rate for stroke patients,12.9,No Different Than the National Rate
050238,Death rate for stroke patients,10.8,Better Than the National Rate
050239,Death rate for stroke patients,10.8,No Different Than the National Rate
050242,Death rate for stroke patients,10.4,Better Than the National Rate
050243,Death rate for stroke patients,14.2,No Different Than the National Rate
050245,Death rate for stroke patients,13.7,No Different Than the National Rate
050248,Death rate for stroke patients,12.3,No Different Than the National Rate
050254,Death rate for stroke patients,14.9,No Different Than the National Rate
050257,Death rate for stroke patients,Not Available,Not Available
05025F,Death rate for stroke patients,Not Available,Not Available
050261,Death rate for stroke patients,14,No Different Than the National Rate
050262,Death rate for stroke patients,13.1,No Different Than the National Rate
050272,Death rate for stroke patients,18.5,Worse Than the National Rate
050276,Death rate for stroke patients,13.8,No Different Than the National Rate
050278,Death rate for stroke patients,11.6,No Different Than the National Rate
050279,Death rate for stroke patients,Not Available,Number of Cases Too Small
05027F,Death rate for stroke patients,Not Available,Not Available
050280,Death rate for stroke patients,14.1,No Different Than the National Rate
050281,Death rate for stroke patients,14,No Different Than the National Rate
050283,Death rate for stroke patients,11.9,No Different Than the National Rate
050289,Death rate for stroke patients,17.1,No Different Than the National Rate
050290,Death rate for stroke patients,10.5,Better Than the National Rate
050291,Death rate for stroke patients,13.4,No Different Than the National Rate
050292,Death rate for stroke patients,11.9,No Different Than the National Rate
050295,Death rate for stroke patients,13.9,No Different Than the National Rate
050298,Death rate for stroke patients,Not Available,Number of Cases Too Small
050300,Death rate for stroke patients,13,No Different Than the National Rate
050301,Death rate for stroke patients,11.9,No Different Than the National Rate
050305,Death rate for stroke patients,11.5,No Different Than the National Rate
050308,Death rate for stroke patients,10.9,No Different Than the National Rate
050309,Death rate for stroke patients,11.1,No Different Than the National Rate
05030F,Death rate for stroke patients,Not Available,Not Available
050313,Death rate for stroke patients,13.9,No Different Than the National Rate
050315,Death rate for stroke patients,17.1,No Different Than the National Rate
05031F,Death rate for stroke patients,Not Available,Not Available
050320,Death rate for stroke patients,15.8,No Different Than the National Rate
050324,Death rate for stroke patients,15.1,No Different Than the National Rate
050327,Death rate for stroke patients,12.7,No Different Than the National Rate
050329,Death rate for stroke patients,12,No Different Than the National Rate
050334,Death rate for stroke patients,13.3,No Different Than the National Rate
050335,Death rate for stroke patients,13.5,No Different Than the National Rate
050336,Death rate for stroke patients,13.9,No Different Than the National Rate
050342,Death rate for stroke patients,10.8,No Different Than the National Rate
050348,Death rate for stroke patients,10.9,No Different Than the National Rate
050350,Death rate for stroke patients,13.1,No Different Than the National Rate
050351,Death rate for stroke patients,13.4,No Different Than the National Rate
050352,Death rate for stroke patients,Not Available,Number of Cases Too Small
050353,Death rate for stroke patients,10.8,No Different Than the National Rate
050357,Death rate for stroke patients,Not Available,Not Available
050360,Death rate for stroke patients,10.6,No Different Than the National Rate
050367,Death rate for stroke patients,13.6,No Different Than the National Rate
050373,Death rate for stroke patients,11.4,No Different Than the National Rate
050376,Death rate for stroke patients,13.9,No Different Than the National Rate
050378,Death rate for stroke patients,Not Available,Number of Cases Too Small
050380,Death rate for stroke patients,11.9,No Different Than the National Rate
050382,Death rate for stroke patients,12.6,No Different Than the National Rate
050390,Death rate for stroke patients,Not Available,Number of Cases Too Small
050393,Death rate for stroke patients,12.4,No Different Than the National Rate
050394,Death rate for stroke patients,13.8,No Different Than the National Rate
050396,Death rate for stroke patients,12.5,No Different Than the National Rate
05039F,Death rate for stroke patients,Not Available,Not Available
050407,Death rate for stroke patients,10.9,No Different Than the National Rate
050411,Death rate for stroke patients,Not Available,Number of Cases Too Small
050414,Death rate for stroke patients,12.1,No Different Than the National Rate
050417,Death rate for stroke patients,13.4,No Different Than the National Rate
05041F,Death rate for stroke patients,Not Available,Not Available
050424,Death rate for stroke patients,14,No Different Than the National Rate
050425,Death rate for stroke patients,15.5,No Different Than the National Rate
050426,Death rate for stroke patients,Not Available,Number of Cases Too Small
050438,Death rate for stroke patients,10.8,No Different Than the National Rate
050441,Death rate for stroke patients,11.3,No Different Than the National Rate
050444,Death rate for stroke patients,12.3,No Different Than the National Rate
050454,Death rate for stroke patients,11,Better Than the National Rate
050455,Death rate for stroke patients,19.3,Worse Than the National Rate
050457,Death rate for stroke patients,12.1,No Different Than the National Rate
050464,Death rate for stroke patients,14,No Different Than the National Rate
050468,Death rate for stroke patients,12.5,No Different Than the National Rate
050471,Death rate for stroke patients,16,No Different Than the National Rate
050481,Death rate for stroke patients,10.6,No Different Than the National Rate
050485,Death rate for stroke patients,11.5,No Different Than the National Rate
050488,Death rate for stroke patients,11,No Different Than the National Rate
050492,Death rate for stroke patients,13,No Different Than the National Rate
050496,Death rate for stroke patients,13.8,No Different Than the National Rate
050498,Death rate for stroke patients,13.8,No Different Than the National Rate
050503,Death rate for stroke patients,13.9,No Different Than the National Rate
050506,Death rate for stroke patients,13.8,No Different Than the National Rate
050510,Death rate for stroke patients,Not Available,Number of Cases Too Small
050512,Death rate for stroke patients,Not Available,Number of Cases Too Small
050515,Death rate for stroke patients,Not Available,Number of Cases Too Small
050516,Death rate for stroke patients,14.8,No Different Than the National Rate
050517,Death rate for stroke patients,Not Available,Number of Cases Too Small
050523,Death rate for stroke patients,16.4,No Different Than the National Rate
050526,Death rate for stroke patients,Not Available,Number of Cases Too Small
050528,Death rate for stroke patients,13.1,No Different Than the National Rate
050534,Death rate for stroke patients,13.9,No Different Than the National Rate
050537,Death rate for stroke patients,11.9,No Different Than the National Rate
050541,Death rate for stroke patients,13.3,No Different Than the National Rate
050543,Death rate for stroke patients,Not Available,Not Available
050546,Death rate for stroke patients,Not Available,Not Available
050549,Death rate for stroke patients,11.7,No Different Than the National Rate
050551,Death rate for stroke patients,12.3,No Different Than the National Rate
050557,Death rate for stroke patients,12.8,No Different Than the National Rate
050561,Death rate for stroke patients,Not Available,Number of Cases Too Small
050567,Death rate for stroke patients,13,No Different Than the National Rate
050570,Death rate for stroke patients,14.3,No Different Than the National Rate
050573,Death rate for stroke patients,11,No Different Than the National Rate
050580,Death rate for stroke patients,Not Available,Number of Cases Too Small
050581,Death rate for stroke patients,14.1,No Different Than the National Rate
050586,Death rate for stroke patients,Not Available,Number of Cases Too Small
050588,Death rate for stroke patients,Not Available,Number of Cases Too Small
050589,Death rate for stroke patients,12.4,No Different Than the National Rate
050590,Death rate for stroke patients,12.3,No Different Than the National Rate
050597,Death rate for stroke patients,12.6,No Different Than the National Rate
050599,Death rate for stroke patients,10.7,Better Than the National Rate
050603,Death rate for stroke patients,15.4,No Different Than the National Rate
050604,Death rate for stroke patients,Not Available,Number of Cases Too Small
050608,Death rate for stroke patients,Not Available,Number of Cases Too Small
050609,Death rate for stroke patients,Not Available,Number of Cases Too Small
050624,Death rate for stroke patients,10.7,No Different Than the National Rate
050625,Death rate for stroke patients,10.6,Better Than the National Rate
050633,Death rate for stroke patients,15.2,No Different Than the National Rate
050636,Death rate for stroke patients,14.5,No Different Than the National Rate
050641,Death rate for stroke patients,Not Available,Number of Cases Too Small
050663,Death rate for stroke patients,Not Available,Number of Cases Too Small
050668,Death rate for stroke patients,Not Available,Not Available
050674,Death rate for stroke patients,15.9,No Different Than the National Rate
050677,Death rate for stroke patients,Not Available,Number of Cases Too Small
050678,Death rate for stroke patients,11.8,No Different Than the National Rate
050684,Death rate for stroke patients,Not Available,Number of Cases Too Small
050686,Death rate for stroke patients,Not Available,Number of Cases Too Small
050689,Death rate for stroke patients,11.5,No Different Than the National Rate
050690,Death rate for stroke patients,Not Available,Number of Cases Too Small
050696,Death rate for stroke patients,13.5,No Different Than the National Rate
050697,Death rate for stroke patients,Not Available,Not Available
050701,Death rate for stroke patients,13,No Different Than the National Rate
050704,Death rate for stroke patients,Not Available,Number of Cases Too Small
050708,Death rate for stroke patients,Not Available,Not Available
050709,Death rate for stroke patients,12.2,No Different Than the National Rate
050710,Death rate for stroke patients,Not Available,Number of Cases Too Small
050714,Death rate for stroke patients,Not Available,Not Available
050717,Death rate for stroke patients,Not Available,Number of Cases Too Small
050723,Death rate for stroke patients,Not Available,Number of Cases Too Small
050726,Death rate for stroke patients,Not Available,Not Available
050735,Death rate for stroke patients,Not Available,Number of Cases Too Small
050736,Death rate for stroke patients,Not Available,Number of Cases Too Small
050737,Death rate for stroke patients,12.6,No Different Than the National Rate
050738,Death rate for stroke patients,Not Available,Number of Cases Too Small
050739,Death rate for stroke patients,9.9,No Different Than the National Rate
050740,Death rate for stroke patients,11.8,No Different Than the National Rate
050744,Death rate for stroke patients,Not Available,Number of Cases Too Small
050745,Death rate for stroke patients,Not Available,Number of Cases Too Small
050746,Death rate for stroke patients,12.5,No Different Than the National Rate
050747,Death rate for stroke patients,Not Available,Number of Cases Too Small
050748,Death rate for stroke patients,Not Available,Number of Cases Too Small
050755,Death rate for stroke patients,13.4,No Different Than the National Rate
050758,Death rate for stroke patients,Not Available,Number of Cases Too Small
050760,Death rate for stroke patients,13,No Different Than the National Rate
050761,Death rate for stroke patients,9.4,Better Than the National Rate
050763,Death rate for stroke patients,Not Available,Number of Cases Too Small
050764,Death rate for stroke patients,12.4,No Different Than the National Rate
050765,Death rate for stroke patients,Not Available,Number of Cases Too Small
050766,Death rate for stroke patients,Not Available,Not Available
050767,Death rate for stroke patients,Not Available,Number of Cases Too Small
050769,Death rate for stroke patients,Not Available,Not Available
050770,Death rate for stroke patients,12.6,No Different Than the National Rate
050771,Death rate for stroke patients,Not Available,Number of Cases Too Small
050772,Death rate for stroke patients,Not Available,Number of Cases Too Small
050775,Death rate for stroke patients,13.3,No Different Than the National Rate
050776,Death rate for stroke patients,Not Available,Number of Cases Too Small
050777,Death rate for stroke patients,Not Available,Number of Cases Too Small
050778,Death rate for stroke patients,Not Available,Not Available
050779,Death rate for stroke patients,Not Available,Number of Cases Too Small
050780,Death rate for stroke patients,Not Available,Number of Cases Too Small
050782,Death rate for stroke patients,Not Available,Number of Cases Too Small
050783,Death rate for stroke patients,Not Available,Number of Cases Too Small
050784,Death rate for stroke patients,Not Available,Number of Cases Too Small
050785,Death rate for stroke patients,Not Available,Not Available
050854,Death rate for stroke patients,Not Available,Not Available
050855,Death rate for stroke patients,Not Available,Not Available
05114F,Death rate for stroke patients,Not Available,Not Available
05127F,Death rate for stroke patients,Not Available,Not Available
05128F,Death rate for stroke patients,Not Available,Not Available
051300,Death rate for stroke patients,Not Available,Not Available
051301,Death rate for stroke patients,Not Available,Number of Cases Too Small
051302,Death rate for stroke patients,Not Available,Not Available
051303,Death rate for stroke patients,Not Available,Number of Cases Too Small
051304,Death rate for stroke patients,Not Available,Number of Cases Too Small
051305,Death rate for stroke patients,Not Available,Number of Cases Too Small
051306,Death rate for stroke patients,Not Available,Number of Cases Too Small
051307,Death rate for stroke patients,Not Available,Not Available
051308,Death rate for stroke patients,Not Available,Not Available
051309,Death rate for stroke patients,Not Available,Not Available
05130F,Death rate for stroke patients,Not Available,Not Available
051310,Death rate for stroke patients,13,No Different Than the National Rate
051311,Death rate for stroke patients,Not Available,Number of Cases Too Small
051312,Death rate for stroke patients,Not Available,Not Available
051314,Death rate for stroke patients,Not Available,Not Available
051315,Death rate for stroke patients,Not Available,Not Available
051316,Death rate for stroke patients,14.8,No Different Than the National Rate
051317,Death rate for stroke patients,13.3,No Different Than the National Rate
051318,Death rate for stroke patients,Not Available,Number of Cases Too Small
051319,Death rate for stroke patients,14.4,No Different Than the National Rate
051320,Death rate for stroke patients,Not Available,Number of Cases Too Small
051321,Death rate for stroke patients,Not Available,Number of Cases Too Small
051323,Death rate for stroke patients,Not Available,Not Available
051324,Death rate for stroke patients,Not Available,Number of Cases Too Small
051325,Death rate for stroke patients,14.9,No Different Than the National Rate
051326,Death rate for stroke patients,Not Available,Number of Cases Too Small
051327,Death rate for stroke patients,Not Available,Not Available
051328,Death rate for stroke patients,Not Available,Number of Cases Too Small
051329,Death rate for stroke patients,Not Available,Number of Cases Too Small
051330,Death rate for stroke patients,Not Available,Number of Cases Too Small
051331,Death rate for stroke patients,Not Available,Number of Cases Too Small
051332,Death rate for stroke patients,14.5,No Different Than the National Rate
051333,Death rate for stroke patients,Not Available,Not Available
051334,Death rate for stroke patients,Not Available,Number of Cases Too Small
051335,Death rate for stroke patients,Not Available,Not Available
051336,Death rate for stroke patients,Not Available,Number of Cases Too Small
051337,Death rate for stroke patients,Not Available,Not Available
051338,Death rate for stroke patients,Not Available,Not Available
051339,Death rate for stroke patients,Not Available,Not Available
053300,Death rate for stroke patients,Not Available,Not Available
053301,Death rate for stroke patients,Not Available,Not Available
053302,Death rate for stroke patients,Not Available,Not Available
053303,Death rate for stroke patients,Not Available,Not Available
053304,Death rate for stroke patients,Not Available,Not Available
053305,Death rate for stroke patients,Not Available,Not Available
053306,Death rate for stroke patients,Not Available,Not Available
053308,Death rate for stroke patients,Not Available,Not Available
053309,Death rate for stroke patients,Not Available,Not Available
053311,Death rate for stroke patients,Not Available,Not Available
060001,Death rate for stroke patients,13,No Different Than the National Rate
060003,Death rate for stroke patients,14.6,No Different Than the National Rate
060004,Death rate for stroke patients,Not Available,Number of Cases Too Small
060006,Death rate for stroke patients,13.3,No Different Than the National Rate
060008,Death rate for stroke patients,Not Available,Number of Cases Too Small
060009,Death rate for stroke patients,12.7,No Different Than the National Rate
060010,Death rate for stroke patients,12,No Different Than the National Rate
060011,Death rate for stroke patients,Not Available,Number of Cases Too Small
060012,Death rate for stroke patients,Not Available,Not Available
060013,Death rate for stroke patients,12.7,No Different Than the National Rate
060014,Death rate for stroke patients,Not Available,Number of Cases Too Small
060015,Death rate for stroke patients,13.3,No Different Than the National Rate
060020,Death rate for stroke patients,13,No Different Than the National Rate
060022,Death rate for stroke patients,17.2,Worse Than the National Rate
060023,Death rate for stroke patients,13.9,No Different Than the National Rate
060024,Death rate for stroke patients,13.8,No Different Than the National Rate
060027,Death rate for stroke patients,14.2,No Different Than the National Rate
060028,Death rate for stroke patients,Not Available,Number of Cases Too Small
060030,Death rate for stroke patients,16.3,No Different Than the National Rate
060031,Death rate for stroke patients,16.7,Worse Than the National Rate
060032,Death rate for stroke patients,11.6,No Different Than the National Rate
060034,Death rate for stroke patients,11.2,Better Than the National Rate
06003F,Death rate for stroke patients,Not Available,Not Available
060044,Death rate for stroke patients,Not Available,Number of Cases Too Small
060049,Death rate for stroke patients,Not Available,Number of Cases Too Small
060054,Death rate for stroke patients,Not Available,Number of Cases Too Small
06005F,Death rate for stroke patients,Not Available,Not Available
060064,Death rate for stroke patients,12.9,No Different Than the National Rate
060065,Death rate for stroke patients,12.9,No Different Than the National Rate
060071,Death rate for stroke patients,Not Available,Number of Cases Too Small
060075,Death rate for stroke patients,15.5,No Different Than the National Rate
060076,Death rate for stroke patients,Not Available,Number of Cases Too Small
06007F,Death rate for stroke patients,Not Available,Not Available
060096,Death rate for stroke patients,Not Available,Number of Cases Too Small
060100,Death rate for stroke patients,12,No Different Than the National Rate
060103,Death rate for stroke patients,Not Available,Number of Cases Too Small
060104,Death rate for stroke patients,14.2,No Different Than the National Rate
060107,Death rate for stroke patients,Not Available,Not Available
060112,Death rate for stroke patients,11.6,No Different Than the National Rate
060113,Death rate for stroke patients,13.5,No Different Than the National Rate
060114,Death rate for stroke patients,12.4,No Different Than the National Rate
060116,Death rate for stroke patients,13.9,No Different Than the National Rate
060117,Death rate for stroke patients,Not Available,Not Available
060118,Death rate for stroke patients,Not Available,Number of Cases Too Small
060119,Death rate for stroke patients,14.8,No Different Than the National Rate
060124,Death rate for stroke patients,Not Available,Not Available
060125,Death rate for stroke patients,12.8,No Different Than the National Rate
060126,Death rate for stroke patients,Not Available,Number of Cases Too Small
060128,Death rate for stroke patients,13.1,No Different Than the National Rate
060129,Death rate for stroke patients,Not Available,Number of Cases Too Small
060130,Death rate for stroke patients,Not Available,Not Available
060131,Death rate for stroke patients,12.6,No Different Than the National Rate
060132,Death rate for stroke patients,11.7,No Different Than the National Rate
060133,Death rate for stroke patients,Not Available,Not Available
061300,Death rate for stroke patients,Not Available,Not Available
061301,Death rate for stroke patients,Not Available,Number of Cases Too Small
061302,Death rate for stroke patients,Not Available,Not Available
061303,Death rate for stroke patients,Not Available,Number of Cases Too Small
061304,Death rate for stroke patients,Not Available,Not Available
061305,Death rate for stroke patients,Not Available,Number of Cases Too Small
061306,Death rate for stroke patients,Not Available,Number of Cases Too Small
061307,Death rate for stroke patients,Not Available,Not Available
061308,Death rate for stroke patients,Not Available,Number of Cases Too Small
061309,Death rate for stroke patients,Not Available,Number of Cases Too Small
061310,Death rate for stroke patients,Not Available,Number of Cases Too Small
061311,Death rate for stroke patients,Not Available,Number of Cases Too Small
061312,Death rate for stroke patients,Not Available,Number of Cases Too Small
061313,Death rate for stroke patients,Not Available,Number of Cases Too Small
061314,Death rate for stroke patients,Not Available,Number of Cases Too Small
061315,Death rate for stroke patients,Not Available,Number of Cases Too Small
061316,Death rate for stroke patients,Not Available,Number of Cases Too Small
061317,Death rate for stroke patients,Not Available,Number of Cases Too Small
061318,Death rate for stroke patients,Not Available,Number of Cases Too Small
061319,Death rate for stroke patients,Not Available,Not Available
061320,Death rate for stroke patients,Not Available,Number of Cases Too Small
061321,Death rate for stroke patients,Not Available,Number of Cases Too Small
061322,Death rate for stroke patients,Not Available,Number of Cases Too Small
061323,Death rate for stroke patients,Not Available,Not Available
061324,Death rate for stroke patients,Not Available,Number of Cases Too Small
061325,Death rate for stroke patients,Not Available,Number of Cases Too Small
061326,Death rate for stroke patients,Not Available,Not Available
061327,Death rate for stroke patients,13.1,No Different Than the National Rate
061328,Death rate for stroke patients,Not Available,Not Available
061336,Death rate for stroke patients,Not Available,Not Available
061343,Death rate for stroke patients,Not Available,Not Available
061344,Death rate for stroke patients,Not Available,Number of Cases Too Small
063301,Death rate for stroke patients,Not Available,Not Available
063303,Death rate for stroke patients,Not Available,Not Available
070002,Death rate for stroke patients,15.9,No Different Than the National Rate
070003,Death rate for stroke patients,12.1,No Different Than the National Rate
070004,Death rate for stroke patients,12.1,No Different Than the National Rate
070005,Death rate for stroke patients,13.4,No Different Than the National Rate
070006,Death rate for stroke patients,11.3,No Different Than the National Rate
070007,Death rate for stroke patients,13.2,No Different Than the National Rate
070008,Death rate for stroke patients,Not Available,Number of Cases Too Small
070010,Death rate for stroke patients,11.9,No Different Than the National Rate
070011,Death rate for stroke patients,12.3,No Different Than the National Rate
070012,Death rate for stroke patients,Not Available,Number of Cases Too Small
070016,Death rate for stroke patients,14.1,No Different Than the National Rate
070017,Death rate for stroke patients,13,No Different Than the National Rate
070018,Death rate for stroke patients,10.9,No Different Than the National Rate
070020,Death rate for stroke patients,12.5,No Different Than the National Rate
070021,Death rate for stroke patients,12.8,No Different Than the National Rate
070022,Death rate for stroke patients,13.3,No Different Than the National Rate
070024,Death rate for stroke patients,9.7,No Different Than the National Rate
070025,Death rate for stroke patients,11.3,No Different Than the National Rate
070027,Death rate for stroke patients,13.2,No Different Than the National Rate
070028,Death rate for stroke patients,14.4,No Different Than the National Rate
070029,Death rate for stroke patients,14.5,No Different Than the National Rate
070031,Death rate for stroke patients,12.8,No Different Than the National Rate
070033,Death rate for stroke patients,12.6,No Different Than the National Rate
070034,Death rate for stroke patients,13.6,No Different Than the National Rate
070035,Death rate for stroke patients,15.7,No Different Than the National Rate
070036,Death rate for stroke patients,14.1,No Different Than the National Rate
070038,Death rate for stroke patients,Not Available,Not Available
07003F,Death rate for stroke patients,Not Available,Not Available
073300,Death rate for stroke patients,Not Available,Not Available
080001,Death rate for stroke patients,12.2,No Different Than the National Rate
080003,Death rate for stroke patients,12,No Different Than the National Rate
080004,Death rate for stroke patients,14.4,No Different Than the National Rate
080006,Death rate for stroke patients,12.4,No Different Than the National Rate
080007,Death rate for stroke patients,12.4,No Different Than the National Rate
080009,Death rate for stroke patients,14.1,No Different Than the National Rate
08002F,Death rate for stroke patients,Not Available,Not Available
083300,Death rate for stroke patients,Not Available,Not Available
090001,Death rate for stroke patients,15.2,No Different Than the National Rate
090003,Death rate for stroke patients,12.6,No Different Than the National Rate
090004,Death rate for stroke patients,14.5,No Different Than the National Rate
090005,Death rate for stroke patients,10.4,No Different Than the National Rate
090008,Death rate for stroke patients,Not Available,Number of Cases Too Small
090011,Death rate for stroke patients,12.1,No Different Than the National Rate
09002F,Death rate for stroke patients,Not Available,Not Available
093300,Death rate for stroke patients,Not Available,Not Available
100001,Death rate for stroke patients,13.7,No Different Than the National Rate
100002,Death rate for stroke patients,10.5,No Different Than the National Rate
100006,Death rate for stroke patients,12.1,No Different Than the National Rate
100007,Death rate for stroke patients,9.4,Better Than the National Rate
100008,Death rate for stroke patients,9.6,Better Than the National Rate
100012,Death rate for stroke patients,10.4,No Different Than the National Rate
100014,Death rate for stroke patients,12.6,No Different Than the National Rate
100017,Death rate for stroke patients,14.5,No Different Than the National Rate
100018,Death rate for stroke patients,13,No Different Than the National Rate
100019,Death rate for stroke patients,14.2,No Different Than the National Rate
100022,Death rate for stroke patients,12.5,No Different Than the National Rate
100023,Death rate for stroke patients,13.8,No Different Than the National Rate
100025,Death rate for stroke patients,13.5,No Different Than the National Rate
100026,Death rate for stroke patients,14.2,No Different Than the National Rate
100028,Death rate for stroke patients,13.5,No Different Than the National Rate
100029,Death rate for stroke patients,13.3,No Different Than the National Rate
100030,Death rate for stroke patients,11.1,No Different Than the National Rate
100032,Death rate for stroke patients,14.4,No Different Than the National Rate
100034,Death rate for stroke patients,11.4,No Different Than the National Rate
100035,Death rate for stroke patients,13.5,No Different Than the National Rate
100038,Death rate for stroke patients,13.9,No Different Than the National Rate
100039,Death rate for stroke patients,15.1,No Different Than the National Rate
100040,Death rate for stroke patients,11.4,No Different Than the National Rate
100043,Death rate for stroke patients,13.6,No Different Than the National Rate
100044,Death rate for stroke patients,11.4,No Different Than the National Rate
100045,Death rate for stroke patients,11.7,No Different Than the National Rate
100046,Death rate for stroke patients,11.3,No Different Than the National Rate
100047,Death rate for stroke patients,12,No Different Than the National Rate
100049,Death rate for stroke patients,13.9,No Different Than the National Rate
100050,Death rate for stroke patients,Not Available,Number of Cases Too Small
100051,Death rate for stroke patients,11,No Different Than the National Rate
100052,Death rate for stroke patients,14,No Different Than the National Rate
100053,Death rate for stroke patients,Not Available,Number of Cases Too Small
100054,Death rate for stroke patients,Not Available,Number of Cases Too Small
100055,Death rate for stroke patients,14,No Different Than the National Rate
100057,Death rate for stroke patients,10.6,No Different Than the National Rate
100062,Death rate for stroke patients,11.7,No Different Than the National Rate
100063,Death rate for stroke patients,14.6,No Different Than the National Rate
100067,Death rate for stroke patients,10,No Different Than the National Rate
100068,Death rate for stroke patients,12.5,No Different Than the National Rate
100069,Death rate for stroke patients,Not Available,Number of Cases Too Small
100071,Death rate for stroke patients,10.9,No Different Than the National Rate
100072,Death rate for stroke patients,10.4,No Different Than the National Rate
100073,Death rate for stroke patients,12.5,No Different Than the National Rate
100075,Death rate for stroke patients,12.3,No Different Than the National Rate
100077,Death rate for stroke patients,15.6,No Different Than the National Rate
100080,Death rate for stroke patients,12.4,No Different Than the National Rate
100084,Death rate for stroke patients,11.7,No Different Than the National Rate
100086,Death rate for stroke patients,11.1,No Different Than the National Rate
100087,Death rate for stroke patients,12.1,No Different Than the National Rate
100088,Death rate for stroke patients,10.4,Better Than the National Rate
100090,Death rate for stroke patients,14.4,No Different Than the National Rate
100092,Death rate for stroke patients,10,No Different Than the National Rate
100093,Death rate for stroke patients,12.7,No Different Than the National Rate
100099,Death rate for stroke patients,13.1,No Different Than the National Rate
10009F,Death rate for stroke patients,Not Available,Not Available
100105,Death rate for stroke patients,11.6,No Different Than the National Rate
100107,Death rate for stroke patients,Not Available,Number of Cases Too Small
100109,Death rate for stroke patients,11.1,No Different Than the National Rate
100110,Death rate for stroke patients,11.4,No Different Than the National Rate
100113,Death rate for stroke patients,11.9,No Different Than the National Rate
100117,Death rate for stroke patients,13.7,No Different Than the National Rate
100118,Death rate for stroke patients,11.4,No Different Than the National Rate
100121,Death rate for stroke patients,Not Available,Number of Cases Too Small
100122,Death rate for stroke patients,13.5,No Different Than the National Rate
100124,Death rate for stroke patients,14.9,No Different Than the National Rate
100125,Death rate for stroke patients,13.2,No Different Than the National Rate
100126,Death rate for stroke patients,11.3,No Different Than the National Rate
100127,Death rate for stroke patients,10.8,Better Than the National Rate
100128,Death rate for stroke patients,13.6,No Different Than the National Rate
100130,Death rate for stroke patients,Not Available,Not Available
100131,Death rate for stroke patients,14.9,No Different Than the National Rate
100132,Death rate for stroke patients,12.2,No Different Than the National Rate
100134,Death rate for stroke patients,Not Available,Number of Cases Too Small
100135,Death rate for stroke patients,14.1,No Different Than the National Rate
100137,Death rate for stroke patients,11.5,No Different Than the National Rate
10013F,Death rate for stroke patients,Not Available,Not Available
100140,Death rate for stroke patients,14,No Different Than the National Rate
100142,Death rate for stroke patients,16.7,No Different Than the National Rate
100150,Death rate for stroke patients,Not Available,Number of Cases Too Small
100151,Death rate for stroke patients,10.3,Better Than the National Rate
100154,Death rate for stroke patients,12.7,No Different Than the National Rate
100156,Death rate for stroke patients,13.6,No Different Than the National Rate
100157,Death rate for stroke patients,14.9,No Different Than the National Rate
10015F,Death rate for stroke patients,Not Available,Not Available
100161,Death rate for stroke patients,12.1,No Different Than the National Rate
100166,Death rate for stroke patients,12.7,No Different Than the National Rate
100167,Death rate for stroke patients,12.2,No Different Than the National Rate
100168,Death rate for stroke patients,13.6,No Different Than the National Rate
100173,Death rate for stroke patients,14.9,No Different Than the National Rate
100175,Death rate for stroke patients,Not Available,Number of Cases Too Small
100176,Death rate for stroke patients,10,No Different Than the National Rate
100177,Death rate for stroke patients,13.2,No Different Than the National Rate
100179,Death rate for stroke patients,14,No Different Than the National Rate
100180,Death rate for stroke patients,Not Available,Number of Cases Too Small
100181,Death rate for stroke patients,Not Available,Not Available
100183,Death rate for stroke patients,Not Available,Number of Cases Too Small
100187,Death rate for stroke patients,12.9,No Different Than the National Rate
100189,Death rate for stroke patients,11.5,No Different Than the National Rate
100191,Death rate for stroke patients,12.2,No Different Than the National Rate
100200,Death rate for stroke patients,Not Available,Number of Cases Too Small
100204,Death rate for stroke patients,12.7,No Different Than the National Rate
100206,Death rate for stroke patients,12.1,No Different Than the National Rate
100209,Death rate for stroke patients,12.2,No Different Than the National Rate
100211,Death rate for stroke patients,11.4,No Different Than the National Rate
100212,Death rate for stroke patients,13.9,No Different Than the National Rate
100213,Death rate for stroke patients,12.2,No Different Than the National Rate
100217,Death rate for stroke patients,13.2,No Different Than the National Rate
10021F,Death rate for stroke patients,Not Available,Not Available
100220,Death rate for stroke patients,11.1,Better Than the National Rate
100223,Death rate for stroke patients,10.8,No Different Than the National Rate
100224,Death rate for stroke patients,13.1,No Different Than the National Rate
100226,Death rate for stroke patients,14.2,No Different Than the National Rate
100228,Death rate for stroke patients,11.7,No Different Than the National Rate
100230,Death rate for stroke patients,Not Available,Number of Cases Too Small
100231,Death rate for stroke patients,14.3,No Different Than the National Rate
100232,Death rate for stroke patients,12.4,No Different Than the National Rate
100236,Death rate for stroke patients,11.5,No Different Than the National Rate
100238,Death rate for stroke patients,11.1,No Different Than the National Rate
100242,Death rate for stroke patients,16.2,No Different Than the National Rate
100243,Death rate for stroke patients,12.7,No Different Than the National Rate
100244,Death rate for stroke patients,12.1,No Different Than the National Rate
100246,Death rate for stroke patients,13.5,No Different Than the National Rate
100248,Death rate for stroke patients,13.3,No Different Than the National Rate
100249,Death rate for stroke patients,12.6,No Different Than the National Rate
100252,Death rate for stroke patients,11.4,No Different Than the National Rate
100253,Death rate for stroke patients,12.6,No Different Than the National Rate
100254,Death rate for stroke patients,12.4,No Different Than the National Rate
100256,Death rate for stroke patients,13.5,No Different Than the National Rate
100258,Death rate for stroke patients,12.4,No Different Than the National Rate
100259,Death rate for stroke patients,13.1,No Different Than the National Rate
100260,Death rate for stroke patients,14.3,No Different Than the National Rate
100264,Death rate for stroke patients,12.5,No Different Than the National Rate
100265,Death rate for stroke patients,10.3,No Different Than the National Rate
100266,Death rate for stroke patients,14.4,No Different Than the National Rate
100267,Death rate for stroke patients,14.7,No Different Than the National Rate
100268,Death rate for stroke patients,12.8,No Different Than the National Rate
100269,Death rate for stroke patients,12.6,No Different Than the National Rate
100275,Death rate for stroke patients,13.9,No Different Than the National Rate
100276,Death rate for stroke patients,14.6,No Different Than the National Rate
100277,Death rate for stroke patients,Not Available,Not Available
100281,Death rate for stroke patients,15.1,No Different Than the National Rate
100284,Death rate for stroke patients,Not Available,Number of Cases Too Small
100285,Death rate for stroke patients,13.1,No Different Than the National Rate
100286,Death rate for stroke patients,16.2,Worse Than the National Rate
100287,Death rate for stroke patients,13,No Different Than the National Rate
100288,Death rate for stroke patients,13,No Different Than the National Rate
100289,Death rate for stroke patients,9.9,Better Than the National Rate
100290,Death rate for stroke patients,11.5,No Different Than the National Rate
100291,Death rate for stroke patients,Not Available,Number of Cases Too Small
100292,Death rate for stroke patients,13.4,No Different Than the National Rate
100296,Death rate for stroke patients,Not Available,Number of Cases Too Small
100298,Death rate for stroke patients,Not Available,Not Available
100299,Death rate for stroke patients,13.3,No Different Than the National Rate
100302,Death rate for stroke patients,12.7,No Different Than the National Rate
100307,Death rate for stroke patients,12.4,No Different Than the National Rate
100313,Death rate for stroke patients,Not Available,Number of Cases Too Small
100314,Death rate for stroke patients,11.4,No Different Than the National Rate
100315,Death rate for stroke patients,10.8,No Different Than the National Rate
100316,Death rate for stroke patients,11.1,No Different Than the National Rate
100319,Death rate for stroke patients,13,No Different Than the National Rate
100320,Death rate for stroke patients,14.1,No Different Than the National Rate
100321,Death rate for stroke patients,13.3,No Different Than the National Rate
100329,Death rate for stroke patients,13.5,No Different Than the National Rate
100330,Death rate for stroke patients,Not Available,Number of Cases Too Small
100350,Death rate for stroke patients,Not Available,Number of Cases Too Small
100359,Death rate for stroke patients,12.5,No Different Than the National Rate
100360,Death rate for stroke patients,Not Available,Number of Cases Too Small
100361,Death rate for stroke patients,Not Available,Number of Cases Too Small
100362,Death rate for stroke patients,Not Available,Number of Cases Too Small
100363,Death rate for stroke patients,12.6,No Different Than the National Rate
100364,Death rate for stroke patients,Not Available,Not Available
100365,Death rate for stroke patients,Not Available,Not Available
10057F,Death rate for stroke patients,Not Available,Not Available
10063F,Death rate for stroke patients,Not Available,Not Available
10064F,Death rate for stroke patients,Not Available,Not Available
10065F,Death rate for stroke patients,Not Available,Not Available
10099F,Death rate for stroke patients,Not Available,Not Available
101300,Death rate for stroke patients,Not Available,Not Available
101303,Death rate for stroke patients,Not Available,Not Available
101304,Death rate for stroke patients,Not Available,Number of Cases Too Small
101305,Death rate for stroke patients,Not Available,Number of Cases Too Small
101307,Death rate for stroke patients,Not Available,Number of Cases Too Small
101308,Death rate for stroke patients,Not Available,Number of Cases Too Small
101309,Death rate for stroke patients,Not Available,Not Available
101311,Death rate for stroke patients,Not Available,Not Available
101312,Death rate for stroke patients,Not Available,Number of Cases Too Small
101313,Death rate for stroke patients,Not Available,Number of Cases Too Small
101314,Death rate for stroke patients,Not Available,Not Available
101315,Death rate for stroke patients,Not Available,Not Available
103300,Death rate for stroke patients,Not Available,Not Available
103301,Death rate for stroke patients,Not Available,Not Available
103304,Death rate for stroke patients,Not Available,Not Available
110001,Death rate for stroke patients,13.6,No Different Than the National Rate
110002,Death rate for stroke patients,16.4,No Different Than the National Rate
110003,Death rate for stroke patients,15.3,No Different Than the National Rate
110005,Death rate for stroke patients,10.5,No Different Than the National Rate
110006,Death rate for stroke patients,14,No Different Than the National Rate
110007,Death rate for stroke patients,14.8,No Different Than the National Rate
110008,Death rate for stroke patients,10.1,No Different Than the National Rate
110010,Death rate for stroke patients,11.7,No Different Than the National Rate
110011,Death rate for stroke patients,14.9,No Different Than the National Rate
110015,Death rate for stroke patients,13.3,No Different Than the National Rate
110016,Death rate for stroke patients,16.7,No Different Than the National Rate
110018,Death rate for stroke patients,15.7,No Different Than the National Rate
110023,Death rate for stroke patients,13.2,No Different Than the National Rate
110024,Death rate for stroke patients,14.1,No Different Than the National Rate
110025,Death rate for stroke patients,14.3,No Different Than the National Rate
110027,Death rate for stroke patients,13.3,No Different Than the National Rate
110028,Death rate for stroke patients,12.4,No Different Than the National Rate
110029,Death rate for stroke patients,11.8,No Different Than the National Rate
110030,Death rate for stroke patients,15.4,No Different Than the National Rate
110031,Death rate for stroke patients,14.7,No Different Than the National Rate
110032,Death rate for stroke patients,Not Available,Number of Cases Too Small
110034,Death rate for stroke patients,13.2,No Different Than the National Rate
110035,Death rate for stroke patients,12.9,No Different Than the National Rate
110036,Death rate for stroke patients,12.4,No Different Than the National Rate
110038,Death rate for stroke patients,14.7,No Different Than the National Rate
110041,Death rate for stroke patients,Not Available,Number of Cases Too Small
110042,Death rate for stroke patients,11.8,No Different Than the National Rate
110043,Death rate for stroke patients,11.6,No Different Than the National Rate
110044,Death rate for stroke patients,15.5,No Different Than the National Rate
110045,Death rate for stroke patients,Not Available,Number of Cases Too Small
110046,Death rate for stroke patients,13.4,No Different Than the National Rate
110050,Death rate for stroke patients,Not Available,Number of Cases Too Small
110051,Death rate for stroke patients,Not Available,Number of Cases Too Small
110054,Death rate for stroke patients,13.7,No Different Than the National Rate
110064,Death rate for stroke patients,18.1,Worse Than the National Rate
110069,Death rate for stroke patients,13.5,No Different Than the National Rate
110071,Death rate for stroke patients,Not Available,Number of Cases Too Small
110073,Death rate for stroke patients,Not Available,Number of Cases Too Small
110074,Death rate for stroke patients,14.6,No Different Than the National Rate
110075,Death rate for stroke patients,14.9,No Different Than the National Rate
110076,Death rate for stroke patients,10.8,No Different Than the National Rate
110078,Death rate for stroke patients,12.8,No Different Than the National Rate
110079,Death rate for stroke patients,13.5,No Different Than the National Rate
110082,Death rate for stroke patients,10.7,No Different Than the National Rate
110083,Death rate for stroke patients,11.1,No Different Than the National Rate
110086,Death rate for stroke patients,Not Available,Number of Cases Too Small
110087,Death rate for stroke patients,12.6,No Different Than the National Rate
110089,Death rate for stroke patients,12.5,No Different Than the National Rate
110091,Death rate for stroke patients,11.3,No Different Than the National Rate
110092,Death rate for stroke patients,Not Available,Number of Cases Too Small
110095,Death rate for stroke patients,14.4,No Different Than the National Rate
110100,Death rate for stroke patients,Not Available,Number of Cases Too Small
110101,Death rate for stroke patients,Not Available,Not Available
110104,Death rate for stroke patients,10.5,No Different Than the National Rate
110105,Death rate for stroke patients,11.6,No Different Than the National Rate
110107,Death rate for stroke patients,13.9,No Different Than the National Rate
110109,Death rate for stroke patients,Not Available,Number of Cases Too Small
110111,Death rate for stroke patients,Not Available,Number of Cases Too Small
110113,Death rate for stroke patients,Not Available,Not Available
110121,Death rate for stroke patients,Not Available,Number of Cases Too Small
110122,Death rate for stroke patients,16.9,No Different Than the National Rate
110124,Death rate for stroke patients,Not Available,Number of Cases Too Small
110125,Death rate for stroke patients,12.1,No Different Than the National Rate
110128,Death rate for stroke patients,13.4,No Different Than the National Rate
110129,Death rate for stroke patients,15.6,No Different Than the National Rate
110132,Death rate for stroke patients,Not Available,Number of Cases Too Small
110142,Death rate for stroke patients,Not Available,Number of Cases Too Small
110143,Death rate for stroke patients,11.1,No Different Than the National Rate
110146,Death rate for stroke patients,Not Available,Number of Cases Too Small
110150,Death rate for stroke patients,Not Available,Number of Cases Too Small
110153,Death rate for stroke patients,Not Available,Number of Cases Too Small
110161,Death rate for stroke patients,12,No Different Than the National Rate
110164,Death rate for stroke patients,10.3,No Different Than the National Rate
110165,Death rate for stroke patients,15,No Different Than the National Rate
110168,Death rate for stroke patients,11.4,No Different Than the National Rate
110177,Death rate for stroke patients,15.5,No Different Than the National Rate
110184,Death rate for stroke patients,13.2,No Different Than the National Rate
110190,Death rate for stroke patients,Not Available,Not Available
110191,Death rate for stroke patients,14.9,No Different Than the National Rate
110192,Death rate for stroke patients,13.7,No Different Than the National Rate
110194,Death rate for stroke patients,Not Available,Number of Cases Too Small
110198,Death rate for stroke patients,15.3,No Different Than the National Rate
110200,Death rate for stroke patients,11.4,No Different Than the National Rate
110201,Death rate for stroke patients,13,No Different Than the National Rate
110209,Death rate for stroke patients,Not Available,Not Available
110215,Death rate for stroke patients,13.9,No Different Than the National Rate
110225,Death rate for stroke patients,11.8,No Different Than the National Rate
110226,Death rate for stroke patients,12.9,No Different Than the National Rate
110229,Death rate for stroke patients,14.6,No Different Than the National Rate
110230,Death rate for stroke patients,10.4,No Different Than the National Rate
110233,Death rate for stroke patients,Not Available,Number of Cases Too Small
110234,Death rate for stroke patients,Not Available,Number of Cases Too Small
110236,Death rate for stroke patients,Not Available,Number of Cases Too Small
110237,Death rate for stroke patients,Not Available,Number of Cases Too Small
110252,Death rate for stroke patients,13.8,No Different Than the National Rate
11029F,Death rate for stroke patients,Not Available,Not Available
11030F,Death rate for stroke patients,Not Available,Not Available
11031F,Death rate for stroke patients,Not Available,Not Available
11032F,Death rate for stroke patients,Not Available,Not Available
11033F,Death rate for stroke patients,Not Available,Not Available
11035F,Death rate for stroke patients,Not Available,Not Available
111302,Death rate for stroke patients,Not Available,Number of Cases Too Small
111303,Death rate for stroke patients,Not Available,Not Available
111304,Death rate for stroke patients,Not Available,Number of Cases Too Small
111305,Death rate for stroke patients,Not Available,Not Available
111306,Death rate for stroke patients,Not Available,Number of Cases Too Small
111308,Death rate for stroke patients,Not Available,Not Available
111310,Death rate for stroke patients,Not Available,Not Available
111311,Death rate for stroke patients,Not Available,Number of Cases Too Small
111312,Death rate for stroke patients,Not Available,Number of Cases Too Small
111313,Death rate for stroke patients,Not Available,Number of Cases Too Small
111314,Death rate for stroke patients,Not Available,Number of Cases Too Small
111316,Death rate for stroke patients,Not Available,Not Available
111318,Death rate for stroke patients,Not Available,Number of Cases Too Small
111319,Death rate for stroke patients,Not Available,Not Available
111320,Death rate for stroke patients,Not Available,Not Available
111323,Death rate for stroke patients,Not Available,Not Available
111324,Death rate for stroke patients,Not Available,Number of Cases Too Small
111325,Death rate for stroke patients,Not Available,Number of Cases Too Small
111326,Death rate for stroke patients,Not Available,Not Available
111327,Death rate for stroke patients,Not Available,Number of Cases Too Small
111328,Death rate for stroke patients,Not Available,Not Available
111329,Death rate for stroke patients,13.7,No Different Than the National Rate
111330,Death rate for stroke patients,Not Available,Not Available
111331,Death rate for stroke patients,Not Available,Number of Cases Too Small
111332,Death rate for stroke patients,Not Available,Not Available
111333,Death rate for stroke patients,Not Available,Number of Cases Too Small
111334,Death rate for stroke patients,Not Available,Number of Cases Too Small
111335,Death rate for stroke patients,Not Available,Number of Cases Too Small
111336,Death rate for stroke patients,Not Available,Not Available
111337,Death rate for stroke patients,Not Available,Number of Cases Too Small
113300,Death rate for stroke patients,Not Available,Not Available
113301,Death rate for stroke patients,Not Available,Not Available
120001,Death rate for stroke patients,12.3,No Different Than the National Rate
120002,Death rate for stroke patients,18.1,Worse Than the National Rate
120005,Death rate for stroke patients,10.3,No Different Than the National Rate
120006,Death rate for stroke patients,11.9,No Different Than the National Rate
120007,Death rate for stroke patients,12.5,No Different Than the National Rate
120011,Death rate for stroke patients,Not Available,Number of Cases Too Small
120014,Death rate for stroke patients,12.3,No Different Than the National Rate
120019,Death rate for stroke patients,11.9,No Different Than the National Rate
12001F,Death rate for stroke patients,Not Available,Not Available
120022,Death rate for stroke patients,11.2,No Different Than the National Rate
120026,Death rate for stroke patients,10.6,No Different Than the National Rate
120028,Death rate for stroke patients,13.8,No Different Than the National Rate
121300,Death rate for stroke patients,Not Available,Number of Cases Too Small
121301,Death rate for stroke patients,Not Available,Not Available
121302,Death rate for stroke patients,Not Available,Not Available
121303,Death rate for stroke patients,Not Available,Number of Cases Too Small
121304,Death rate for stroke patients,Not Available,Not Available
121305,Death rate for stroke patients,Not Available,Not Available
121306,Death rate for stroke patients,Not Available,Not Available
121307,Death rate for stroke patients,Not Available,Not Available
121308,Death rate for stroke patients,Not Available,Not Available
123300,Death rate for stroke patients,Not Available,Not Available
123301,Death rate for stroke patients,Not Available,Not Available
130002,Death rate for stroke patients,14.2,No Different Than the National Rate
130003,Death rate for stroke patients,15.6,No Different Than the National Rate
130006,Death rate for stroke patients,15.1,No Different Than the National Rate
130007,Death rate for stroke patients,18.3,Worse Than the National Rate
130013,Death rate for stroke patients,13.8,No Different Than the National Rate
130014,Death rate for stroke patients,12,No Different Than the National Rate
130018,Death rate for stroke patients,16.2,No Different Than the National Rate
130025,Death rate for stroke patients,Not Available,Number of Cases Too Small
130028,Death rate for stroke patients,13.8,No Different Than the National Rate
13003F,Death rate for stroke patients,Not Available,Not Available
130049,Death rate for stroke patients,12.4,No Different Than the National Rate
130063,Death rate for stroke patients,Not Available,Not Available
130065,Death rate for stroke patients,Not Available,Not Available
130066,Death rate for stroke patients,Not Available,Not Available
130071,Death rate for stroke patients,12.2,No Different Than the National Rate
130073,Death rate for stroke patients,Not Available,Not Available
130074,Death rate for stroke patients,13,No Different Than the National Rate
131301,Death rate for stroke patients,Not Available,Number of Cases Too Small
131302,Death rate for stroke patients,Not Available,Number of Cases Too Small
131303,Death rate for stroke patients,Not Available,Number of Cases Too Small
131304,Death rate for stroke patients,Not Available,Not Available
131305,Death rate for stroke patients,Not Available,Number of Cases Too Small
131307,Death rate for stroke patients,Not Available,Number of Cases Too Small
131308,Death rate for stroke patients,Not Available,Not Available
131309,Death rate for stroke patients,Not Available,Number of Cases Too Small
131310,Death rate for stroke patients,Not Available,Not Available
131311,Death rate for stroke patients,Not Available,Number of Cases Too Small
131312,Death rate for stroke patients,Not Available,Number of Cases Too Small
131313,Death rate for stroke patients,Not Available,Number of Cases Too Small
131314,Death rate for stroke patients,Not Available,Number of Cases Too Small
131315,Death rate for stroke patients,Not Available,Number of Cases Too Small
131316,Death rate for stroke patients,Not Available,Number of Cases Too Small
131317,Death rate for stroke patients,Not Available,Number of Cases Too Small
131318,Death rate for stroke patients,Not Available,Number of Cases Too Small
131319,Death rate for stroke patients,Not Available,Number of Cases Too Small
131320,Death rate for stroke patients,13.7,No Different Than the National Rate
131321,Death rate for stroke patients,Not Available,Number of Cases Too Small
131322,Death rate for stroke patients,Not Available,Number of Cases Too Small
131323,Death rate for stroke patients,Not Available,Number of Cases Too Small
131324,Death rate for stroke patients,Not Available,Not Available
131325,Death rate for stroke patients,Not Available,Number of Cases Too Small
131326,Death rate for stroke patients,Not Available,Number of Cases Too Small
131327,Death rate for stroke patients,12.2,No Different Than the National Rate
131328,Death rate for stroke patients,12.4,No Different Than the National Rate
140001,Death rate for stroke patients,Not Available,Number of Cases Too Small
140002,Death rate for stroke patients,13.3,No Different Than the National Rate
140007,Death rate for stroke patients,13.9,No Different Than the National Rate
140008,Death rate for stroke patients,13.1,No Different Than the National Rate
140010,Death rate for stroke patients,9.5,Better Than the National Rate
140011,Death rate for stroke patients,11.3,No Different Than the National Rate
140012,Death rate for stroke patients,Not Available,Number of Cases Too Small
140013,Death rate for stroke patients,13.4,No Different Than the National Rate
140015,Death rate for stroke patients,15,No Different Than the National Rate
140018,Death rate for stroke patients,14.4,No Different Than the National Rate
140029,Death rate for stroke patients,12.4,No Different Than the National Rate
140030,Death rate for stroke patients,10.9,No Different Than the National Rate
140032,Death rate for stroke patients,12.6,No Different Than the National Rate
140034,Death rate for stroke patients,15.1,No Different Than the National Rate
14003F,Death rate for stroke patients,Not Available,Not Available
140043,Death rate for stroke patients,19.5,No Different Than the National Rate
140046,Death rate for stroke patients,12,No Different Than the National Rate
140048,Death rate for stroke patients,11.3,No Different Than the National Rate
140049,Death rate for stroke patients,12.2,No Different Than the National Rate
14004F,Death rate for stroke patients,Not Available,Not Available
140052,Death rate for stroke patients,12.6,No Different Than the National Rate
140053,Death rate for stroke patients,14.1,No Different Than the National Rate
140054,Death rate for stroke patients,11.6,No Different Than the National Rate
140059,Death rate for stroke patients,Not Available,Number of Cases Too Small
140062,Death rate for stroke patients,11.7,No Different Than the National Rate
140063,Death rate for stroke patients,12.2,No Different Than the National Rate
140064,Death rate for stroke patients,14.7,No Different Than the National Rate
140065,Death rate for stroke patients,12.1,No Different Than the National Rate
140067,Death rate for stroke patients,14.5,No Different Than the National Rate
140068,Death rate for stroke patients,Not Available,Number of Cases Too Small
140077,Death rate for stroke patients,Not Available,Not Available
14007F,Death rate for stroke patients,Not Available,Not Available
140080,Death rate for stroke patients,12.2,No Different Than the National Rate
140082,Death rate for stroke patients,11.7,No Different Than the National Rate
140083,Death rate for stroke patients,Not Available,Number of Cases Too Small
140084,Death rate for stroke patients,12.5,No Different Than the National Rate
140088,Death rate for stroke patients,11,No Different Than the National Rate
140089,Death rate for stroke patients,Not Available,Number of Cases Too Small
14008F,Death rate for stroke patients,Not Available,Not Available
140091,Death rate for stroke patients,13,No Different Than the National Rate
140093,Death rate for stroke patients,12.2,No Different Than the National Rate
140095,Death rate for stroke patients,Not Available,Number of Cases Too Small
140100,Death rate for stroke patients,Not Available,Number of Cases Too Small
140101,Death rate for stroke patients,12.7,No Different Than the National Rate
140103,Death rate for stroke patients,Not Available,Number of Cases Too Small
140110,Death rate for stroke patients,15.9,No Different Than the National Rate
140113,Death rate for stroke patients,11.4,No Different Than the National Rate
140114,Death rate for stroke patients,11.7,No Different Than the National Rate
140115,Death rate for stroke patients,Not Available,Number of Cases Too Small
140116,Death rate for stroke patients,12.3,No Different Than the National Rate
140117,Death rate for stroke patients,13.8,No Different Than the National Rate
140119,Death rate for stroke patients,10.3,Better Than the National Rate
140120,Death rate for stroke patients,14.2,No Different Than the National Rate
140122,Death rate for stroke patients,11.8,No Different Than the National Rate
140124,Death rate for stroke patients,Not Available,Number of Cases Too Small
140125,Death rate for stroke patients,Not Available,Number of Cases Too Small
140127,Death rate for stroke patients,12.7,No Different Than the National Rate
140130,Death rate for stroke patients,9.1,Better Than the National Rate
140133,Death rate for stroke patients,13.5,No Different Than the National Rate
140135,Death rate for stroke patients,11.6,No Different Than the National Rate
140137,Death rate for stroke patients,Not Available,Number of Cases Too Small
140145,Death rate for stroke patients,13.3,No Different Than the National Rate
140148,Death rate for stroke patients,12.4,No Different Than the National Rate
140150,Death rate for stroke patients,10.2,Better Than the National Rate
140155,Death rate for stroke patients,13.3,No Different Than the National Rate
140158,Death rate for stroke patients,Not Available,Number of Cases Too Small
140160,Death rate for stroke patients,13.2,No Different Than the National Rate
140161,Death rate for stroke patients,13.4,No Different Than the National Rate
140162,Death rate for stroke patients,13.4,No Different Than the National Rate
140164,Death rate for stroke patients,14.8,No Different Than the National Rate
140166,Death rate for stroke patients,11.1,No Different Than the National Rate
140172,Death rate for stroke patients,11.9,No Different Than the National Rate
140174,Death rate for stroke patients,11.2,No Different Than the National Rate
140177,Death rate for stroke patients,Not Available,Number of Cases Too Small
140179,Death rate for stroke patients,10.1,Better Than the National Rate
140180,Death rate for stroke patients,13.8,No Different Than the National Rate
140181,Death rate for stroke patients,Not Available,Number of Cases Too Small
140182,Death rate for stroke patients,10.4,Better Than the National Rate
140184,Death rate for stroke patients,Not Available,Number of Cases Too Small
140185,Death rate for stroke patients,13.3,No Different Than the National Rate
140186,Death rate for stroke patients,10.8,No Different Than the National Rate
140187,Death rate for stroke patients,11.2,No Different Than the National Rate
140189,Death rate for stroke patients,14.3,No Different Than the National Rate
140191,Death rate for stroke patients,12.1,No Different Than the National Rate
140197,Death rate for stroke patients,Not Available,Not Available
140200,Death rate for stroke patients,13.6,No Different Than the National Rate
140202,Death rate for stroke patients,10.3,Better Than the National Rate
140206,Death rate for stroke patients,Not Available,Number of Cases Too Small
140208,Death rate for stroke patients,9.5,Better Than the National Rate
140209,Death rate for stroke patients,12.1,No Different Than the National Rate
140210,Death rate for stroke patients,Not Available,Number of Cases Too Small
140211,Death rate for stroke patients,11.2,No Different Than the National Rate
140213,Death rate for stroke patients,13.8,No Different Than the National Rate
140217,Death rate for stroke patients,14.1,No Different Than the National Rate
140223,Death rate for stroke patients,10,Better Than the National Rate
140224,Death rate for stroke patients,12.4,No Different Than the National Rate
140228,Death rate for stroke patients,16.9,No Different Than the National Rate
140231,Death rate for stroke patients,13.2,No Different Than the National Rate
140233,Death rate for stroke patients,13.6,No Different Than the National Rate
140239,Death rate for stroke patients,16.2,No Different Than the National Rate
140242,Death rate for stroke patients,10.7,Better Than the National Rate
140251,Death rate for stroke patients,12.5,No Different Than the National Rate
140252,Death rate for stroke patients,12.3,No Different Than the National Rate
140258,Death rate for stroke patients,12.6,No Different Than the National Rate
140275,Death rate for stroke patients,12.9,No Different Than the National Rate
140276,Death rate for stroke patients,13.2,No Different Than the National Rate
140280,Death rate for stroke patients,13.8,No Different Than the National Rate
140281,Death rate for stroke patients,10.6,Better Than the National Rate
140286,Death rate for stroke patients,10.7,No Different Than the National Rate
140288,Death rate for stroke patients,10.5,No Different Than the National Rate
140289,Death rate for stroke patients,13.3,No Different Than the National Rate
140290,Death rate for stroke patients,12.5,No Different Than the National Rate
140291,Death rate for stroke patients,10.5,No Different Than the National Rate
140292,Death rate for stroke patients,13.5,No Different Than the National Rate
140294,Death rate for stroke patients,Not Available,Number of Cases Too Small
140300,Death rate for stroke patients,Not Available,Number of Cases Too Small
140304,Death rate for stroke patients,11.3,No Different Than the National Rate
140308,Death rate for stroke patients,Not Available,Not Available
140310,Death rate for stroke patients,Not Available,Not Available
14034F,Death rate for stroke patients,Not Available,Not Available
141300,Death rate for stroke patients,Not Available,Not Available
141301,Death rate for stroke patients,Not Available,Number of Cases Too Small
141302,Death rate for stroke patients,Not Available,Number of Cases Too Small
141303,Death rate for stroke patients,Not Available,Number of Cases Too Small
141304,Death rate for stroke patients,Not Available,Number of Cases Too Small
141305,Death rate for stroke patients,Not Available,Number of Cases Too Small
141306,Death rate for stroke patients,Not Available,Number of Cases Too Small
141307,Death rate for stroke patients,Not Available,Number of Cases Too Small
141308,Death rate for stroke patients,Not Available,Not Available
141309,Death rate for stroke patients,Not Available,Not Available
141310,Death rate for stroke patients,Not Available,Number of Cases Too Small
141311,Death rate for stroke patients,Not Available,Number of Cases Too Small
141312,Death rate for stroke patients,Not Available,Number of Cases Too Small
141313,Death rate for stroke patients,Not Available,Number of Cases Too Small
141315,Death rate for stroke patients,Not Available,Number of Cases Too Small
141316,Death rate for stroke patients,Not Available,Not Available
141317,Death rate for stroke patients,Not Available,Number of Cases Too Small
141318,Death rate for stroke patients,Not Available,Number of Cases Too Small
141319,Death rate for stroke patients,Not Available,Number of Cases Too Small
141320,Death rate for stroke patients,Not Available,Number of Cases Too Small
141321,Death rate for stroke patients,Not Available,Number of Cases Too Small
141322,Death rate for stroke patients,Not Available,Number of Cases Too Small
141323,Death rate for stroke patients,Not Available,Not Available
141324,Death rate for stroke patients,Not Available,Number of Cases Too Small
141325,Death rate for stroke patients,Not Available,Number of Cases Too Small
141326,Death rate for stroke patients,Not Available,Number of Cases Too Small
141327,Death rate for stroke patients,Not Available,Number of Cases Too Small
141328,Death rate for stroke patients,Not Available,Number of Cases Too Small
141329,Death rate for stroke patients,Not Available,Not Available
141330,Death rate for stroke patients,Not Available,Number of Cases Too Small
141331,Death rate for stroke patients,Not Available,Number of Cases Too Small
141332,Death rate for stroke patients,Not Available,Number of Cases Too Small
141333,Death rate for stroke patients,Not Available,Not Available
141334,Death rate for stroke patients,Not Available,Number of Cases Too Small
141335,Death rate for stroke patients,Not Available,Number of Cases Too Small
141336,Death rate for stroke patients,12.8,No Different Than the National Rate
141337,Death rate for stroke patients,Not Available,Number of Cases Too Small
141338,Death rate for stroke patients,Not Available,Number of Cases Too Small
141339,Death rate for stroke patients,Not Available,Number of Cases Too Small
141340,Death rate for stroke patients,Not Available,Number of Cases Too Small
141341,Death rate for stroke patients,Not Available,Number of Cases Too Small
141342,Death rate for stroke patients,Not Available,Number of Cases Too Small
141343,Death rate for stroke patients,Not Available,Number of Cases Too Small
141344,Death rate for stroke patients,Not Available,Number of Cases Too Small
141345,Death rate for stroke patients,Not Available,Number of Cases Too Small
141346,Death rate for stroke patients,Not Available,Number of Cases Too Small
141347,Death rate for stroke patients,Not Available,Number of Cases Too Small
141348,Death rate for stroke patients,Not Available,Number of Cases Too Small
141349,Death rate for stroke patients,Not Available,Number of Cases Too Small
141350,Death rate for stroke patients,Not Available,Number of Cases Too Small
141351,Death rate for stroke patients,Not Available,Number of Cases Too Small
141352,Death rate for stroke patients,Not Available,Not Available
141353,Death rate for stroke patients,Not Available,Number of Cases Too Small
141354,Death rate for stroke patients,Not Available,Number of Cases Too Small
141355,Death rate for stroke patients,17.1,No Different Than the National Rate
143300,Death rate for stroke patients,Not Available,Not Available
143301,Death rate for stroke patients,Not Available,Not Available
143302,Death rate for stroke patients,Not Available,Not Available
150001,Death rate for stroke patients,11.5,No Different Than the National Rate
150002,Death rate for stroke patients,13.4,No Different Than the National Rate
150005,Death rate for stroke patients,12.8,No Different Than the National Rate
150006,Death rate for stroke patients,13.8,No Different Than the National Rate
150007,Death rate for stroke patients,13.3,No Different Than the National Rate
150008,Death rate for stroke patients,12.1,No Different Than the National Rate
150009,Death rate for stroke patients,12.5,No Different Than the National Rate
150010,Death rate for stroke patients,12.6,No Different Than the National Rate
150011,Death rate for stroke patients,16.3,No Different Than the National Rate
150012,Death rate for stroke patients,12.7,No Different Than the National Rate
150015,Death rate for stroke patients,12.2,No Different Than the National Rate
150017,Death rate for stroke patients,15.1,No Different Than the National Rate
150018,Death rate for stroke patients,14.3,No Different Than the National Rate
150021,Death rate for stroke patients,14.4,No Different Than the National Rate
150022,Death rate for stroke patients,13.2,No Different Than the National Rate
150023,Death rate for stroke patients,13,No Different Than the National Rate
150024,Death rate for stroke patients,12.4,No Different Than the National Rate
150026,Death rate for stroke patients,14.1,No Different Than the National Rate
150030,Death rate for stroke patients,17.2,No Different Than the National Rate
150034,Death rate for stroke patients,12.7,No Different Than the National Rate
150035,Death rate for stroke patients,12.9,No Different Than the National Rate
150037,Death rate for stroke patients,12.3,No Different Than the National Rate
15003F,Death rate for stroke patients,Not Available,Not Available
150042,Death rate for stroke patients,12.8,No Different Than the National Rate
150044,Death rate for stroke patients,13.3,No Different Than the National Rate
150045,Death rate for stroke patients,Not Available,Number of Cases Too Small
150046,Death rate for stroke patients,13.5,No Different Than the National Rate
150047,Death rate for stroke patients,Not Available,Number of Cases Too Small
150048,Death rate for stroke patients,14.6,No Different Than the National Rate
15004F,Death rate for stroke patients,Not Available,Not Available
150051,Death rate for stroke patients,12.6,No Different Than the National Rate
150056,Death rate for stroke patients,13,No Different Than the National Rate
150057,Death rate for stroke patients,Not Available,Number of Cases Too Small
150058,Death rate for stroke patients,15.5,No Different Than the National Rate
150059,Death rate for stroke patients,13.4,No Different Than the National Rate
150061,Death rate for stroke patients,Not Available,Number of Cases Too Small
150065,Death rate for stroke patients,10.4,No Different Than the National Rate
150069,Death rate for stroke patients,11.8,No Different Than the National Rate
150072,Death rate for stroke patients,Not Available,Number of Cases Too Small
150074,Death rate for stroke patients,20.2,Worse Than the National Rate
150075,Death rate for stroke patients,Not Available,Number of Cases Too Small
150076,Death rate for stroke patients,Not Available,Number of Cases Too Small
150082,Death rate for stroke patients,16.4,Worse Than the National Rate
150084,Death rate for stroke patients,15.8,Worse Than the National Rate
150086,Death rate for stroke patients,13.8,No Different Than the National Rate
150088,Death rate for stroke patients,13.2,No Different Than the National Rate
150089,Death rate for stroke patients,12.8,No Different Than the National Rate
150090,Death rate for stroke patients,14.8,No Different Than the National Rate
150091,Death rate for stroke patients,Not Available,Number of Cases Too Small
150097,Death rate for stroke patients,12.4,No Different Than the National Rate
150100,Death rate for stroke patients,11.6,No Different Than the National Rate
150101,Death rate for stroke patients,14.2,No Different Than the National Rate
150102,Death rate for stroke patients,Not Available,Number of Cases Too Small
150104,Death rate for stroke patients,13,No Different Than the National Rate
150109,Death rate for stroke patients,15.4,No Different Than the National Rate
150112,Death rate for stroke patients,12.5,No Different Than the National Rate
150113,Death rate for stroke patients,16.3,No Different Than the National Rate
150115,Death rate for stroke patients,14.5,No Different Than the National Rate
150125,Death rate for stroke patients,9.9,Better Than the National Rate
150126,Death rate for stroke patients,15.9,No Different Than the National Rate
150128,Death rate for stroke patients,16.5,No Different Than the National Rate
150133,Death rate for stroke patients,16.3,No Different Than the National Rate
150146,Death rate for stroke patients,13.3,No Different Than the National Rate
150149,Death rate for stroke patients,Not Available,Not Available
150150,Death rate for stroke patients,Not Available,Number of Cases Too Small
150153,Death rate for stroke patients,Not Available,Number of Cases Too Small
150157,Death rate for stroke patients,12.4,No Different Than the National Rate
150158,Death rate for stroke patients,11.6,No Different Than the National Rate
150160,Death rate for stroke patients,Not Available,Not Available
150161,Death rate for stroke patients,11.3,No Different Than the National Rate
150162,Death rate for stroke patients,12.1,No Different Than the National Rate
150165,Death rate for stroke patients,12,No Different Than the National Rate
150166,Death rate for stroke patients,Not Available,Not Available
150167,Death rate for stroke patients,Not Available,Not Available
150168,Death rate for stroke patients,Not Available,Not Available
150169,Death rate for stroke patients,15.4,No Different Than the National Rate
150172,Death rate for stroke patients,Not Available,Not Available
150173,Death rate for stroke patients,11.2,No Different Than the National Rate
150177,Death rate for stroke patients,Not Available,Not Available
150179,Death rate for stroke patients,Not Available,Not Available
150181,Death rate for stroke patients,Not Available,Number of Cases Too Small
150183,Death rate for stroke patients,Not Available,Number of Cases Too Small
150193,Death rate for stroke patients,Not Available,Not Available
150195,Death rate for stroke patients,Not Available,Not Available
151300,Death rate for stroke patients,Not Available,Number of Cases Too Small
151301,Death rate for stroke patients,Not Available,Number of Cases Too Small
151303,Death rate for stroke patients,Not Available,Number of Cases Too Small
151304,Death rate for stroke patients,Not Available,Number of Cases Too Small
151305,Death rate for stroke patients,Not Available,Number of Cases Too Small
151306,Death rate for stroke patients,Not Available,Number of Cases Too Small
151307,Death rate for stroke patients,Not Available,Number of Cases Too Small
151308,Death rate for stroke patients,Not Available,Number of Cases Too Small
151309,Death rate for stroke patients,Not Available,Number of Cases Too Small
151310,Death rate for stroke patients,Not Available,Number of Cases Too Small
151311,Death rate for stroke patients,Not Available,Number of Cases Too Small
151312,Death rate for stroke patients,Not Available,Number of Cases Too Small
151313,Death rate for stroke patients,Not Available,Number of Cases Too Small
151314,Death rate for stroke patients,Not Available,Number of Cases Too Small
151315,Death rate for stroke patients,Not Available,Number of Cases Too Small
151316,Death rate for stroke patients,Not Available,Number of Cases Too Small
151317,Death rate for stroke patients,13.7,No Different Than the National Rate
151318,Death rate for stroke patients,Not Available,Number of Cases Too Small
151319,Death rate for stroke patients,Not Available,Number of Cases Too Small
151320,Death rate for stroke patients,Not Available,Number of Cases Too Small
151322,Death rate for stroke patients,Not Available,Number of Cases Too Small
151323,Death rate for stroke patients,Not Available,Number of Cases Too Small
151324,Death rate for stroke patients,Not Available,Number of Cases Too Small
151325,Death rate for stroke patients,Not Available,Number of Cases Too Small
151326,Death rate for stroke patients,Not Available,Not Available
151327,Death rate for stroke patients,Not Available,Number of Cases Too Small
151328,Death rate for stroke patients,12.6,No Different Than the National Rate
151329,Death rate for stroke patients,Not Available,Number of Cases Too Small
151330,Death rate for stroke patients,Not Available,Number of Cases Too Small
151331,Death rate for stroke patients,Not Available,Number of Cases Too Small
151332,Death rate for stroke patients,Not Available,Number of Cases Too Small
151333,Death rate for stroke patients,Not Available,Number of Cases Too Small
151334,Death rate for stroke patients,Not Available,Number of Cases Too Small
160001,Death rate for stroke patients,Not Available,Number of Cases Too Small
160013,Death rate for stroke patients,13.9,No Different Than the National Rate
160016,Death rate for stroke patients,13.4,No Different Than the National Rate
160028,Death rate for stroke patients,13.6,No Different Than the National Rate
160029,Death rate for stroke patients,11.9,No Different Than the National Rate
160030,Death rate for stroke patients,12.4,No Different Than the National Rate
160032,Death rate for stroke patients,Not Available,Number of Cases Too Small
160033,Death rate for stroke patients,15.7,No Different Than the National Rate
16003F,Death rate for stroke patients,Not Available,Not Available
160040,Death rate for stroke patients,Not Available,Number of Cases Too Small
160045,Death rate for stroke patients,14.3,No Different Than the National Rate
160047,Death rate for stroke patients,14.2,No Different Than the National Rate
16004F,Death rate for stroke patients,Not Available,Not Available
160057,Death rate for stroke patients,14.5,No Different Than the National Rate
160058,Death rate for stroke patients,13.6,No Different Than the National Rate
160064,Death rate for stroke patients,13.3,No Different Than the National Rate
160067,Death rate for stroke patients,13.5,No Different Than the National Rate
160069,Death rate for stroke patients,12.7,No Different Than the National Rate
160079,Death rate for stroke patients,14,No Different Than the National Rate
160080,Death rate for stroke patients,11.5,No Different Than the National Rate
160082,Death rate for stroke patients,12,No Different Than the National Rate
160083,Death rate for stroke patients,13.8,No Different Than the National Rate
160089,Death rate for stroke patients,Not Available,Number of Cases Too Small
160101,Death rate for stroke patients,Not Available,Number of Cases Too Small
160104,Death rate for stroke patients,15.7,No Different Than the National Rate
160110,Death rate for stroke patients,12.6,No Different Than the National Rate
160112,Death rate for stroke patients,14.9,No Different Than the National Rate
160117,Death rate for stroke patients,12,No Different Than the National Rate
160124,Death rate for stroke patients,13.3,No Different Than the National Rate
160146,Death rate for stroke patients,13.8,No Different Than the National Rate
160147,Death rate for stroke patients,12.9,No Different Than the National Rate
160153,Death rate for stroke patients,14.8,No Different Than the National Rate
161300,Death rate for stroke patients,Not Available,Not Available
161301,Death rate for stroke patients,Not Available,Number of Cases Too Small
161302,Death rate for stroke patients,Not Available,Number of Cases Too Small
161303,Death rate for stroke patients,Not Available,Number of Cases Too Small
161304,Death rate for stroke patients,Not Available,Number of Cases Too Small
161305,Death rate for stroke patients,Not Available,Not Available
161306,Death rate for stroke patients,Not Available,Number of Cases Too Small
161307,Death rate for stroke patients,Not Available,Number of Cases Too Small
161308,Death rate for stroke patients,Not Available,Number of Cases Too Small
161309,Death rate for stroke patients,Not Available,Number of Cases Too Small
161310,Death rate for stroke patients,Not Available,Number of Cases Too Small
161311,Death rate for stroke patients,Not Available,Number of Cases Too Small
161312,Death rate for stroke patients,Not Available,Number of Cases Too Small
161313,Death rate for stroke patients,Not Available,Number of Cases Too Small
161314,Death rate for stroke patients,Not Available,Number of Cases Too Small
161315,Death rate for stroke patients,Not Available,Number of Cases Too Small
161316,Death rate for stroke patients,Not Available,Number of Cases Too Small
161317,Death rate for stroke patients,Not Available,Number of Cases Too Small
161318,Death rate for stroke patients,Not Available,Number of Cases Too Small
161319,Death rate for stroke patients,Not Available,Number of Cases Too Small
161320,Death rate for stroke patients,Not Available,Number of Cases Too Small
161321,Death rate for stroke patients,Not Available,Number of Cases Too Small
161322,Death rate for stroke patients,Not Available,Number of Cases Too Small
161323,Death rate for stroke patients,Not Available,Number of Cases Too Small
161324,Death rate for stroke patients,Not Available,Number of Cases Too Small
161325,Death rate for stroke patients,Not Available,Number of Cases Too Small
161326,Death rate for stroke patients,Not Available,Number of Cases Too Small
161327,Death rate for stroke patients,Not Available,Number of Cases Too Small
161328,Death rate for stroke patients,Not Available,Number of Cases Too Small
161329,Death rate for stroke patients,Not Available,Number of Cases Too Small
161330,Death rate for stroke patients,Not Available,Number of Cases Too Small
161331,Death rate for stroke patients,Not Available,Number of Cases Too Small
161332,Death rate for stroke patients,Not Available,Number of Cases Too Small
161333,Death rate for stroke patients,Not Available,Number of Cases Too Small
161334,Death rate for stroke patients,Not Available,Number of Cases Too Small
161335,Death rate for stroke patients,Not Available,Number of Cases Too Small
161336,Death rate for stroke patients,Not Available,Number of Cases Too Small
161337,Death rate for stroke patients,Not Available,Number of Cases Too Small
161338,Death rate for stroke patients,Not Available,Number of Cases Too Small
161339,Death rate for stroke patients,Not Available,Number of Cases Too Small
161340,Death rate for stroke patients,Not Available,Number of Cases Too Small
161341,Death rate for stroke patients,Not Available,Number of Cases Too Small
161342,Death rate for stroke patients,Not Available,Number of Cases Too Small
161343,Death rate for stroke patients,Not Available,Number of Cases Too Small
161344,Death rate for stroke patients,Not Available,Number of Cases Too Small
161345,Death rate for stroke patients,Not Available,Number of Cases Too Small
161346,Death rate for stroke patients,Not Available,Number of Cases Too Small
161347,Death rate for stroke patients,Not Available,Number of Cases Too Small
161348,Death rate for stroke patients,Not Available,Number of Cases Too Small
161349,Death rate for stroke patients,Not Available,Number of Cases Too Small
161350,Death rate for stroke patients,Not Available,Not Available
161351,Death rate for stroke patients,Not Available,Number of Cases Too Small
161352,Death rate for stroke patients,Not Available,Number of Cases Too Small
161353,Death rate for stroke patients,15.9,No Different Than the National Rate
161354,Death rate for stroke patients,Not Available,Number of Cases Too Small
161355,Death rate for stroke patients,Not Available,Number of Cases Too Small
161356,Death rate for stroke patients,Not Available,Number of Cases Too Small
161357,Death rate for stroke patients,Not Available,Number of Cases Too Small
161358,Death rate for stroke patients,Not Available,Number of Cases Too Small
161359,Death rate for stroke patients,Not Available,Number of Cases Too Small
161360,Death rate for stroke patients,Not Available,Number of Cases Too Small
161361,Death rate for stroke patients,Not Available,Number of Cases Too Small
161362,Death rate for stroke patients,Not Available,Number of Cases Too Small
161363,Death rate for stroke patients,Not Available,Number of Cases Too Small
161364,Death rate for stroke patients,Not Available,Number of Cases Too Small
161365,Death rate for stroke patients,13.2,No Different Than the National Rate
161366,Death rate for stroke patients,Not Available,Number of Cases Too Small
161367,Death rate for stroke patients,Not Available,Number of Cases Too Small
161368,Death rate for stroke patients,Not Available,Number of Cases Too Small
161369,Death rate for stroke patients,Not Available,Number of Cases Too Small
161370,Death rate for stroke patients,Not Available,Number of Cases Too Small
161371,Death rate for stroke patients,Not Available,Number of Cases Too Small
161372,Death rate for stroke patients,Not Available,Number of Cases Too Small
161373,Death rate for stroke patients,Not Available,Number of Cases Too Small
161374,Death rate for stroke patients,Not Available,Number of Cases Too Small
161375,Death rate for stroke patients,Not Available,Number of Cases Too Small
161376,Death rate for stroke patients,18.1,No Different Than the National Rate
161377,Death rate for stroke patients,Not Available,Number of Cases Too Small
161378,Death rate for stroke patients,Not Available,Not Available
161379,Death rate for stroke patients,16.8,No Different Than the National Rate
161380,Death rate for stroke patients,Not Available,Number of Cases Too Small
161381,Death rate for stroke patients,Not Available,Number of Cases Too Small
161382,Death rate for stroke patients,13.6,No Different Than the National Rate
170006,Death rate for stroke patients,13.2,No Different Than the National Rate
170009,Death rate for stroke patients,Not Available,Number of Cases Too Small
170012,Death rate for stroke patients,14.9,No Different Than the National Rate
170013,Death rate for stroke patients,12.3,No Different Than the National Rate
170014,Death rate for stroke patients,Not Available,Number of Cases Too Small
170016,Death rate for stroke patients,12.3,No Different Than the National Rate
170017,Death rate for stroke patients,Not Available,Number of Cases Too Small
170020,Death rate for stroke patients,11.2,No Different Than the National Rate
170023,Death rate for stroke patients,13.1,No Different Than the National Rate
170027,Death rate for stroke patients,Not Available,Number of Cases Too Small
17002F,Death rate for stroke patients,Not Available,Not Available
170040,Death rate for stroke patients,15.6,Worse Than the National Rate
170049,Death rate for stroke patients,11.3,No Different Than the National Rate
17005F,Death rate for stroke patients,Not Available,Not Available
170068,Death rate for stroke patients,Not Available,Number of Cases Too Small
170074,Death rate for stroke patients,Not Available,Number of Cases Too Small
170086,Death rate for stroke patients,13.9,No Different Than the National Rate
17008F,Death rate for stroke patients,Not Available,Not Available
170103,Death rate for stroke patients,11.9,No Different Than the National Rate
170104,Death rate for stroke patients,14,No Different Than the National Rate
170105,Death rate for stroke patients,Not Available,Number of Cases Too Small
170109,Death rate for stroke patients,Not Available,Number of Cases Too Small
170120,Death rate for stroke patients,Not Available,Number of Cases Too Small
170122,Death rate for stroke patients,12.4,No Different Than the National Rate
170123,Death rate for stroke patients,9.3,Better Than the National Rate
170137,Death rate for stroke patients,15.1,No Different Than the National Rate
170142,Death rate for stroke patients,13.9,No Different Than the National Rate
170146,Death rate for stroke patients,13.3,No Different Than the National Rate
170175,Death rate for stroke patients,Not Available,Number of Cases Too Small
170176,Death rate for stroke patients,11.3,No Different Than the National Rate
170182,Death rate for stroke patients,13.2,No Different Than the National Rate
170183,Death rate for stroke patients,Not Available,Not Available
170185,Death rate for stroke patients,11.6,No Different Than the National Rate
170186,Death rate for stroke patients,Not Available,Not Available
170187,Death rate for stroke patients,Not Available,Not Available
170188,Death rate for stroke patients,Not Available,Not Available
170190,Death rate for stroke patients,Not Available,Not Available
170191,Death rate for stroke patients,13.9,No Different Than the National Rate
170194,Death rate for stroke patients,Not Available,Not Available
170196,Death rate for stroke patients,Not Available,Not Available
170197,Death rate for stroke patients,15.2,No Different Than the National Rate
170198,Death rate for stroke patients,Not Available,Not Available
170199,Death rate for stroke patients,Not Available,Not Available
170200,Death rate for stroke patients,10.7,No Different Than the National Rate
170203,Death rate for stroke patients,Not Available,Not Available
170204,Death rate for stroke patients,Not Available,Number of Cases Too Small
170208,Death rate for stroke patients,Not Available,Number of Cases Too Small
171300,Death rate for stroke patients,Not Available,Number of Cases Too Small
171301,Death rate for stroke patients,Not Available,Number of Cases Too Small
171303,Death rate for stroke patients,Not Available,Not Available
171304,Death rate for stroke patients,Not Available,Not Available
171306,Death rate for stroke patients,Not Available,Number of Cases Too Small
171307,Death rate for stroke patients,Not Available,Number of Cases Too Small
171308,Death rate for stroke patients,Not Available,Not Available
171309,Death rate for stroke patients,Not Available,Number of Cases Too Small
171310,Death rate for stroke patients,Not Available,Number of Cases Too Small
171311,Death rate for stroke patients,Not Available,Number of Cases Too Small
171312,Death rate for stroke patients,Not Available,Not Available
171313,Death rate for stroke patients,Not Available,Number of Cases Too Small
171314,Death rate for stroke patients,Not Available,Not Available
171315,Death rate for stroke patients,Not Available,Number of Cases Too Small
171316,Death rate for stroke patients,Not Available,Number of Cases Too Small
171317,Death rate for stroke patients,Not Available,Not Available
171318,Death rate for stroke patients,Not Available,Number of Cases Too Small
171319,Death rate for stroke patients,Not Available,Number of Cases Too Small
171321,Death rate for stroke patients,Not Available,Number of Cases Too Small
171322,Death rate for stroke patients,Not Available,Not Available
171323,Death rate for stroke patients,Not Available,Not Available
171324,Death rate for stroke patients,Not Available,Number of Cases Too Small
171325,Death rate for stroke patients,Not Available,Number of Cases Too Small
171326,Death rate for stroke patients,Not Available,Number of Cases Too Small
171327,Death rate for stroke patients,Not Available,Number of Cases Too Small
171328,Death rate for stroke patients,Not Available,Number of Cases Too Small
171329,Death rate for stroke patients,Not Available,Not Available
171330,Death rate for stroke patients,Not Available,Number of Cases Too Small
171331,Death rate for stroke patients,Not Available,Not Available
171332,Death rate for stroke patients,Not Available,Number of Cases Too Small
171333,Death rate for stroke patients,Not Available,Number of Cases Too Small
171334,Death rate for stroke patients,Not Available,Number of Cases Too Small
171335,Death rate for stroke patients,Not Available,Number of Cases Too Small
171336,Death rate for stroke patients,Not Available,Number of Cases Too Small
171337,Death rate for stroke patients,Not Available,Number of Cases Too Small
171338,Death rate for stroke patients,Not Available,Number of Cases Too Small
171339,Death rate for stroke patients,Not Available,Number of Cases Too Small
171341,Death rate for stroke patients,Not Available,Number of Cases Too Small
171343,Death rate for stroke patients,Not Available,Number of Cases Too Small
171344,Death rate for stroke patients,Not Available,Number of Cases Too Small
171345,Death rate for stroke patients,Not Available,Number of Cases Too Small
171346,Death rate for stroke patients,Not Available,Number of Cases Too Small
171347,Death rate for stroke patients,Not Available,Not Available
171348,Death rate for stroke patients,Not Available,Not Available
171349,Death rate for stroke patients,Not Available,Number of Cases Too Small
171350,Death rate for stroke patients,Not Available,Number of Cases Too Small
171351,Death rate for stroke patients,Not Available,Number of Cases Too Small
171352,Death rate for stroke patients,Not Available,Number of Cases Too Small
171353,Death rate for stroke patients,Not Available,Number of Cases Too Small
171354,Death rate for stroke patients,Not Available,Number of Cases Too Small
171355,Death rate for stroke patients,Not Available,Number of Cases Too Small
171356,Death rate for stroke patients,Not Available,Number of Cases Too Small
171357,Death rate for stroke patients,Not Available,Number of Cases Too Small
171358,Death rate for stroke patients,Not Available,Number of Cases Too Small
171359,Death rate for stroke patients,Not Available,Number of Cases Too Small
171360,Death rate for stroke patients,Not Available,Not Available
171361,Death rate for stroke patients,Not Available,Number of Cases Too Small
171362,Death rate for stroke patients,Not Available,Number of Cases Too Small
171363,Death rate for stroke patients,Not Available,Number of Cases Too Small
171364,Death rate for stroke patients,Not Available,Number of Cases Too Small
171365,Death rate for stroke patients,Not Available,Number of Cases Too Small
171367,Death rate for stroke patients,Not Available,Number of Cases Too Small
171368,Death rate for stroke patients,Not Available,Number of Cases Too Small
171369,Death rate for stroke patients,Not Available,Number of Cases Too Small
171370,Death rate for stroke patients,Not Available,Number of Cases Too Small
171371,Death rate for stroke patients,Not Available,Number of Cases Too Small
171372,Death rate for stroke patients,Not Available,Number of Cases Too Small
171373,Death rate for stroke patients,Not Available,Number of Cases Too Small
171374,Death rate for stroke patients,Not Available,Number of Cases Too Small
171375,Death rate for stroke patients,Not Available,Number of Cases Too Small
171376,Death rate for stroke patients,Not Available,Number of Cases Too Small
171377,Death rate for stroke patients,Not Available,Number of Cases Too Small
171378,Death rate for stroke patients,Not Available,Number of Cases Too Small
171379,Death rate for stroke patients,Not Available,Number of Cases Too Small
171380,Death rate for stroke patients,Not Available,Number of Cases Too Small
171381,Death rate for stroke patients,Not Available,Number of Cases Too Small
171382,Death rate for stroke patients,Not Available,Number of Cases Too Small
171383,Death rate for stroke patients,Not Available,Number of Cases Too Small
171384,Death rate for stroke patients,14.4,No Different Than the National Rate
171385,Death rate for stroke patients,Not Available,Number of Cases Too Small
171386,Death rate for stroke patients,Not Available,Not Available
171388,Death rate for stroke patients,Not Available,Number of Cases Too Small
173300,Death rate for stroke patients,Not Available,Not Available
180001,Death rate for stroke patients,11.1,No Different Than the National Rate
180002,Death rate for stroke patients,Not Available,Number of Cases Too Small
180004,Death rate for stroke patients,Not Available,Number of Cases Too Small
180005,Death rate for stroke patients,12.4,No Different Than the National Rate
180009,Death rate for stroke patients,16,No Different Than the National Rate
180010,Death rate for stroke patients,12.1,No Different Than the National Rate
180011,Death rate for stroke patients,13.6,No Different Than the National Rate
180012,Death rate for stroke patients,12.9,No Different Than the National Rate
180013,Death rate for stroke patients,13.8,No Different Than the National Rate
180016,Death rate for stroke patients,Not Available,Not Available
180017,Death rate for stroke patients,11.8,No Different Than the National Rate
180018,Death rate for stroke patients,13,No Different Than the National Rate
180019,Death rate for stroke patients,Not Available,Number of Cases Too Small
180020,Death rate for stroke patients,Not Available,Number of Cases Too Small
180024,Death rate for stroke patients,Not Available,Number of Cases Too Small
180025,Death rate for stroke patients,Not Available,Number of Cases Too Small
180027,Death rate for stroke patients,16.8,No Different Than the National Rate
180029,Death rate for stroke patients,13,No Different Than the National Rate
180035,Death rate for stroke patients,12.6,No Different Than the National Rate
180038,Death rate for stroke patients,14.8,No Different Than the National Rate
18003F,Death rate for stroke patients,Not Available,Not Available
180040,Death rate for stroke patients,13.1,No Different Than the National Rate
180043,Death rate for stroke patients,Not Available,Number of Cases Too Small
180044,Death rate for stroke patients,16.2,No Different Than the National Rate
180045,Death rate for stroke patients,12.9,No Different Than the National Rate
180046,Death rate for stroke patients,Not Available,Number of Cases Too Small
180048,Death rate for stroke patients,15.6,No Different Than the National Rate
180049,Death rate for stroke patients,12.4,No Different Than the National Rate
180050,Death rate for stroke patients,Not Available,Number of Cases Too Small
180051,Death rate for stroke patients,14.7,No Different Than the National Rate
180056,Death rate for stroke patients,15.7,No Different Than the National Rate
180064,Death rate for stroke patients,Not Available,Number of Cases Too Small
180066,Death rate for stroke patients,Not Available,Number of Cases Too Small
180067,Death rate for stroke patients,13.2,No Different Than the National Rate
180069,Death rate for stroke patients,Not Available,Number of Cases Too Small
18006F,Death rate for stroke patients,Not Available,Not Available
180070,Death rate for stroke patients,Not Available,Number of Cases Too Small
180078,Death rate for stroke patients,Not Available,Number of Cases Too Small
180079,Death rate for stroke patients,Not Available,Number of Cases Too Small
18007F,Death rate for stroke patients,Not Available,Not Available
180080,Death rate for stroke patients,11.2,No Different Than the National Rate
180087,Death rate for stroke patients,Not Available,Number of Cases Too Small
180088,Death rate for stroke patients,12.9,No Different Than the National Rate
180092,Death rate for stroke patients,14.3,No Different Than the National Rate
180093,Death rate for stroke patients,12.9,No Different Than the National Rate
180101,Death rate for stroke patients,Not Available,Number of Cases Too Small
180102,Death rate for stroke patients,13.1,No Different Than the National Rate
180103,Death rate for stroke patients,12,No Different Than the National Rate
180104,Death rate for stroke patients,12.8,No Different Than the National Rate
180105,Death rate for stroke patients,Not Available,Number of Cases Too Small
180115,Death rate for stroke patients,Not Available,Number of Cases Too Small
180116,Death rate for stroke patients,13.4,No Different Than the National Rate
180124,Death rate for stroke patients,13.2,No Different Than the National Rate
180127,Death rate for stroke patients,12.9,No Different Than the National Rate
180128,Death rate for stroke patients,Not Available,Number of Cases Too Small
180130,Death rate for stroke patients,14.8,No Different Than the National Rate
180132,Death rate for stroke patients,12.7,No Different Than the National Rate
180138,Death rate for stroke patients,Not Available,Number of Cases Too Small
180141,Death rate for stroke patients,15.1,No Different Than the National Rate
180143,Death rate for stroke patients,12.6,No Different Than the National Rate
180149,Death rate for stroke patients,Not Available,Number of Cases Too Small
180154,Death rate for stroke patients,Not Available,Not Available
181301,Death rate for stroke patients,Not Available,Number of Cases Too Small
181302,Death rate for stroke patients,Not Available,Not Available
181304,Death rate for stroke patients,Not Available,Number of Cases Too Small
181305,Death rate for stroke patients,Not Available,Number of Cases Too Small
181306,Death rate for stroke patients,Not Available,Number of Cases Too Small
181307,Death rate for stroke patients,Not Available,Not Available
181308,Death rate for stroke patients,Not Available,Not Available
181309,Death rate for stroke patients,Not Available,Number of Cases Too Small
181310,Death rate for stroke patients,Not Available,Number of Cases Too Small
181311,Death rate for stroke patients,Not Available,Not Available
181314,Death rate for stroke patients,Not Available,Number of Cases Too Small
181315,Death rate for stroke patients,Not Available,Number of Cases Too Small
181316,Death rate for stroke patients,Not Available,Number of Cases Too Small
181317,Death rate for stroke patients,Not Available,Number of Cases Too Small
181318,Death rate for stroke patients,Not Available,Number of Cases Too Small
181319,Death rate for stroke patients,Not Available,Number of Cases Too Small
181320,Death rate for stroke patients,Not Available,Number of Cases Too Small
181321,Death rate for stroke patients,Not Available,Number of Cases Too Small
181322,Death rate for stroke patients,Not Available,Number of Cases Too Small
181323,Death rate for stroke patients,Not Available,Number of Cases Too Small
181324,Death rate for stroke patients,Not Available,Not Available
181325,Death rate for stroke patients,Not Available,Not Available
181327,Death rate for stroke patients,Not Available,Number of Cases Too Small
181328,Death rate for stroke patients,Not Available,Number of Cases Too Small
181329,Death rate for stroke patients,Not Available,Number of Cases Too Small
181330,Death rate for stroke patients,Not Available,Number of Cases Too Small
181331,Death rate for stroke patients,Not Available,Number of Cases Too Small
181332,Death rate for stroke patients,Not Available,Number of Cases Too Small
181333,Death rate for stroke patients,Not Available,Not Available
181334,Death rate for stroke patients,Not Available,Not Available
190002,Death rate for stroke patients,13.3,No Different Than the National Rate
190004,Death rate for stroke patients,15.8,No Different Than the National Rate
190005,Death rate for stroke patients,12.5,No Different Than the National Rate
190006,Death rate for stroke patients,Not Available,Number of Cases Too Small
190007,Death rate for stroke patients,Not Available,Number of Cases Too Small
190008,Death rate for stroke patients,13,No Different Than the National Rate
190011,Death rate for stroke patients,12,No Different Than the National Rate
190013,Death rate for stroke patients,16.5,No Different Than the National Rate
190014,Death rate for stroke patients,Not Available,Number of Cases Too Small
190015,Death rate for stroke patients,14.9,No Different Than the National Rate
190017,Death rate for stroke patients,15.4,No Different Than the National Rate
190019,Death rate for stroke patients,13.1,No Different Than the National Rate
190020,Death rate for stroke patients,11.7,No Different Than the National Rate
190025,Death rate for stroke patients,Not Available,Number of Cases Too Small
190026,Death rate for stroke patients,13.2,No Different Than the National Rate
190027,Death rate for stroke patients,12.6,No Different Than the National Rate
190034,Death rate for stroke patients,Not Available,Number of Cases Too Small
190036,Death rate for stroke patients,13,No Different Than the National Rate
190039,Death rate for stroke patients,13.4,No Different Than the National Rate
190040,Death rate for stroke patients,12.8,No Different Than the National Rate
190041,Death rate for stroke patients,12.9,No Different Than the National Rate
190044,Death rate for stroke patients,Not Available,Number of Cases Too Small
190045,Death rate for stroke patients,13,No Different Than the National Rate
190046,Death rate for stroke patients,11.9,No Different Than the National Rate
190050,Death rate for stroke patients,Not Available,Number of Cases Too Small
190053,Death rate for stroke patients,Not Available,Number of Cases Too Small
190054,Death rate for stroke patients,11.7,No Different Than the National Rate
190060,Death rate for stroke patients,11.1,No Different Than the National Rate
190064,Death rate for stroke patients,14.5,No Different Than the National Rate
190065,Death rate for stroke patients,12.7,No Different Than the National Rate
190079,Death rate for stroke patients,Not Available,Not Available
190086,Death rate for stroke patients,13,No Different Than the National Rate
190088,Death rate for stroke patients,Not Available,Number of Cases Too Small
190090,Death rate for stroke patients,Not Available,Number of Cases Too Small
190098,Death rate for stroke patients,14,No Different Than the National Rate
190099,Death rate for stroke patients,Not Available,Number of Cases Too Small
190102,Death rate for stroke patients,14.7,No Different Than the National Rate
190106,Death rate for stroke patients,Not Available,Number of Cases Too Small
190111,Death rate for stroke patients,13.3,No Different Than the National Rate
190114,Death rate for stroke patients,Not Available,Number of Cases Too Small
190116,Death rate for stroke patients,Not Available,Number of Cases Too Small
190118,Death rate for stroke patients,Not Available,Number of Cases Too Small
190125,Death rate for stroke patients,13.4,No Different Than the National Rate
190128,Death rate for stroke patients,Not Available,Not Available
190133,Death rate for stroke patients,Not Available,Number of Cases Too Small
190140,Death rate for stroke patients,Not Available,Number of Cases Too Small
190144,Death rate for stroke patients,12,No Different Than the National Rate
190145,Death rate for stroke patients,Not Available,Number of Cases Too Small
190151,Death rate for stroke patients,Not Available,Number of Cases Too Small
190160,Death rate for stroke patients,11.3,No Different Than the National Rate
190164,Death rate for stroke patients,Not Available,Number of Cases Too Small
190167,Death rate for stroke patients,14.6,No Different Than the National Rate
190176,Death rate for stroke patients,13.5,No Different Than the National Rate
190183,Death rate for stroke patients,Not Available,Number of Cases Too Small
190184,Death rate for stroke patients,Not Available,Number of Cases Too Small
190190,Death rate for stroke patients,Not Available,Number of Cases Too Small
190201,Death rate for stroke patients,Not Available,Number of Cases Too Small
190202,Death rate for stroke patients,15.3,No Different Than the National Rate
190208,Death rate for stroke patients,Not Available,Number of Cases Too Small
190218,Death rate for stroke patients,Not Available,Number of Cases Too Small
190241,Death rate for stroke patients,Not Available,Not Available
190245,Death rate for stroke patients,Not Available,Not Available
190251,Death rate for stroke patients,Not Available,Not Available
190255,Death rate for stroke patients,Not Available,Not Available
190256,Death rate for stroke patients,Not Available,Not Available
190259,Death rate for stroke patients,Not Available,Not Available
190266,Death rate for stroke patients,Not Available,Not Available
190267,Death rate for stroke patients,Not Available,Not Available
190270,Death rate for stroke patients,Not Available,Number of Cases Too Small
190274,Death rate for stroke patients,13.7,No Different Than the National Rate
190278,Death rate for stroke patients,Not Available,Not Available
190298,Death rate for stroke patients,Not Available,Not Available
190300,Death rate for stroke patients,Not Available,Not Available
190302,Death rate for stroke patients,Not Available,Not Available
190303,Death rate for stroke patients,Not Available,Number of Cases Too Small
190308,Death rate for stroke patients,Not Available,Number of Cases Too Small
190312,Death rate for stroke patients,Not Available,Number of Cases Too Small
190313,Death rate for stroke patients,Not Available,Number of Cases Too Small
190316,Death rate for stroke patients,Not Available,Number of Cases Too Small
190317,Death rate for stroke patients,Not Available,Not Available
190318,Death rate for stroke patients,Not Available,Number of Cases Too Small
190319,Death rate for stroke patients,Not Available,Not Available
19043F,Death rate for stroke patients,Not Available,Not Available
19047F,Death rate for stroke patients,Not Available,Not Available
19048F,Death rate for stroke patients,Not Available,Not Available
19050F,Death rate for stroke patients,Not Available,Not Available
191300,Death rate for stroke patients,Not Available,Not Available
191301,Death rate for stroke patients,Not Available,Not Available
191302,Death rate for stroke patients,Not Available,Not Available
191304,Death rate for stroke patients,Not Available,Number of Cases Too Small
191305,Death rate for stroke patients,Not Available,Number of Cases Too Small
191306,Death rate for stroke patients,Not Available,Not Available
191307,Death rate for stroke patients,Not Available,Not Available
191308,Death rate for stroke patients,Not Available,Not Available
191309,Death rate for stroke patients,Not Available,Not Available
191310,Death rate for stroke patients,Not Available,Number of Cases Too Small
191311,Death rate for stroke patients,Not Available,Not Available
191312,Death rate for stroke patients,Not Available,Number of Cases Too Small
191313,Death rate for stroke patients,Not Available,Not Available
191314,Death rate for stroke patients,Not Available,Not Available
191315,Death rate for stroke patients,Not Available,Number of Cases Too Small
191316,Death rate for stroke patients,Not Available,Not Available
191317,Death rate for stroke patients,Not Available,Number of Cases Too Small
191318,Death rate for stroke patients,Not Available,Number of Cases Too Small
191319,Death rate for stroke patients,Not Available,Not Available
191320,Death rate for stroke patients,Not Available,Not Available
191321,Death rate for stroke patients,Not Available,Not Available
191322,Death rate for stroke patients,Not Available,Not Available
191323,Death rate for stroke patients,Not Available,Number of Cases Too Small
191324,Death rate for stroke patients,Not Available,Number of Cases Too Small
191325,Death rate for stroke patients,Not Available,Not Available
191326,Death rate for stroke patients,Not Available,Not Available
191327,Death rate for stroke patients,Not Available,Not Available
193300,Death rate for stroke patients,Not Available,Not Available
200001,Death rate for stroke patients,13.7,No Different Than the National Rate
200008,Death rate for stroke patients,14.7,No Different Than the National Rate
200009,Death rate for stroke patients,12.7,No Different Than the National Rate
200018,Death rate for stroke patients,Not Available,Number of Cases Too Small
200020,Death rate for stroke patients,14.1,No Different Than the National Rate
200021,Death rate for stroke patients,15,No Different Than the National Rate
200024,Death rate for stroke patients,16.4,No Different Than the National Rate
200031,Death rate for stroke patients,Not Available,Number of Cases Too Small
200033,Death rate for stroke patients,15.5,No Different Than the National Rate
200034,Death rate for stroke patients,Not Available,Number of Cases Too Small
200039,Death rate for stroke patients,14.5,No Different Than the National Rate
20003F,Death rate for stroke patients,Not Available,Not Available
200041,Death rate for stroke patients,Not Available,Number of Cases Too Small
200050,Death rate for stroke patients,14.1,No Different Than the National Rate
200052,Death rate for stroke patients,17.4,No Different Than the National Rate
200063,Death rate for stroke patients,12.7,No Different Than the National Rate
201300,Death rate for stroke patients,Not Available,Number of Cases Too Small
201301,Death rate for stroke patients,Not Available,Number of Cases Too Small
201302,Death rate for stroke patients,17.4,No Different Than the National Rate
201303,Death rate for stroke patients,Not Available,Number of Cases Too Small
201304,Death rate for stroke patients,Not Available,Number of Cases Too Small
201305,Death rate for stroke patients,Not Available,Number of Cases Too Small
201306,Death rate for stroke patients,Not Available,Number of Cases Too Small
201307,Death rate for stroke patients,Not Available,Number of Cases Too Small
201308,Death rate for stroke patients,Not Available,Number of Cases Too Small
201309,Death rate for stroke patients,Not Available,Number of Cases Too Small
201310,Death rate for stroke patients,Not Available,Number of Cases Too Small
201311,Death rate for stroke patients,Not Available,Number of Cases Too Small
201312,Death rate for stroke patients,Not Available,Number of Cases Too Small
201313,Death rate for stroke patients,Not Available,Number of Cases Too Small
201314,Death rate for stroke patients,14.8,No Different Than the National Rate
201315,Death rate for stroke patients,14.4,No Different Than the National Rate
201316,Death rate for stroke patients,13.8,No Different Than the National Rate
201317,Death rate for stroke patients,Not Available,Not Available
210001,Death rate for stroke patients,14.7,No Different Than the National Rate
210002,Death rate for stroke patients,14.9,No Different Than the National Rate
210003,Death rate for stroke patients,13.4,No Different Than the National Rate
210004,Death rate for stroke patients,10.7,No Different Than the National Rate
210005,Death rate for stroke patients,14.7,No Different Than the National Rate
210008,Death rate for stroke patients,12.8,No Different Than the National Rate
210009,Death rate for stroke patients,10.2,Better Than the National Rate
210011,Death rate for stroke patients,13.2,No Different Than the National Rate
210012,Death rate for stroke patients,13.9,No Different Than the National Rate
210015,Death rate for stroke patients,14.2,No Different Than the National Rate
210016,Death rate for stroke patients,13.5,No Different Than the National Rate
210017,Death rate for stroke patients,14.8,No Different Than the National Rate
210018,Death rate for stroke patients,12.5,No Different Than the National Rate
210019,Death rate for stroke patients,13.8,No Different Than the National Rate
210022,Death rate for stroke patients,12.5,No Different Than the National Rate
210023,Death rate for stroke patients,12,No Different Than the National Rate
210024,Death rate for stroke patients,13.7,No Different Than the National Rate
210027,Death rate for stroke patients,13.8,No Different Than the National Rate
210028,Death rate for stroke patients,12.7,No Different Than the National Rate
210029,Death rate for stroke patients,14.9,No Different Than the National Rate
210030,Death rate for stroke patients,Not Available,Number of Cases Too Small
210032,Death rate for stroke patients,11.3,No Different Than the National Rate
210033,Death rate for stroke patients,14.6,No Different Than the National Rate
210034,Death rate for stroke patients,14.7,No Different Than the National Rate
210035,Death rate for stroke patients,12.3,No Different Than the National Rate
210037,Death rate for stroke patients,18.3,Worse Than the National Rate
210038,Death rate for stroke patients,14.6,No Different Than the National Rate
210039,Death rate for stroke patients,11.2,No Different Than the National Rate
210040,Death rate for stroke patients,14.3,No Different Than the National Rate
210043,Death rate for stroke patients,14.8,No Different Than the National Rate
210044,Death rate for stroke patients,12.6,No Different Than the National Rate
210048,Death rate for stroke patients,12.4,No Different Than the National Rate
210049,Death rate for stroke patients,15.8,No Different Than the National Rate
210051,Death rate for stroke patients,10.1,No Different Than the National Rate
210056,Death rate for stroke patients,13.3,No Different Than the National Rate
210057,Death rate for stroke patients,13.5,No Different Than the National Rate
210058,Death rate for stroke patients,Not Available,Not Available
210060,Death rate for stroke patients,12.6,No Different Than the National Rate
210061,Death rate for stroke patients,18.3,Worse Than the National Rate
210062,Death rate for stroke patients,15.7,No Different Than the National Rate
210063,Death rate for stroke patients,11.5,No Different Than the National Rate
210064,Death rate for stroke patients,Not Available,Number of Cases Too Small
210065,Death rate for stroke patients,14.2,No Different Than the National Rate
21007F,Death rate for stroke patients,Not Available,Not Available
21010F,Death rate for stroke patients,Not Available,Not Available
21020F,Death rate for stroke patients,Not Available,Not Available
213300,Death rate for stroke patients,Not Available,Not Available
213301,Death rate for stroke patients,Not Available,Not Available
220001,Death rate for stroke patients,11.5,No Different Than the National Rate
220002,Death rate for stroke patients,10.3,No Different Than the National Rate
220008,Death rate for stroke patients,15.3,No Different Than the National Rate
220010,Death rate for stroke patients,14.5,No Different Than the National Rate
220011,Death rate for stroke patients,12.2,No Different Than the National Rate
220012,Death rate for stroke patients,11.6,No Different Than the National Rate
220015,Death rate for stroke patients,14.2,No Different Than the National Rate
220016,Death rate for stroke patients,11.5,No Different Than the National Rate
220017,Death rate for stroke patients,Not Available,Not Available
220019,Death rate for stroke patients,11.4,No Different Than the National Rate
22001F,Death rate for stroke patients,Not Available,Not Available
220020,Death rate for stroke patients,13,No Different Than the National Rate
220024,Death rate for stroke patients,11.9,No Different Than the National Rate
220029,Death rate for stroke patients,12.5,No Different Than the National Rate
220030,Death rate for stroke patients,12.3,No Different Than the National Rate
220031,Death rate for stroke patients,14.3,No Different Than the National Rate
220033,Death rate for stroke patients,14,No Different Than the National Rate
220035,Death rate for stroke patients,11.4,No Different Than the National Rate
220036,Death rate for stroke patients,14.3,No Different Than the National Rate
220046,Death rate for stroke patients,12.2,No Different Than the National Rate
220049,Death rate for stroke patients,13.8,No Different Than the National Rate
220052,Death rate for stroke patients,11.8,No Different Than the National Rate
220060,Death rate for stroke patients,11.7,No Different Than the National Rate
220062,Death rate for stroke patients,Not Available,Not Available
220063,Death rate for stroke patients,17.3,Worse Than the National Rate
220065,Death rate for stroke patients,13.6,No Different Than the National Rate
220066,Death rate for stroke patients,11.3,No Different Than the National Rate
220070,Death rate for stroke patients,13,No Different Than the National Rate
220071,Death rate for stroke patients,12.7,No Different Than the National Rate
220073,Death rate for stroke patients,13.2,No Different Than the National Rate
220074,Death rate for stroke patients,11.4,No Different Than the National Rate
220075,Death rate for stroke patients,Not Available,Not Available
220077,Death rate for stroke patients,15.1,No Different Than the National Rate
220080,Death rate for stroke patients,13,No Different Than the National Rate
220083,Death rate for stroke patients,11.5,No Different Than the National Rate
220084,Death rate for stroke patients,13.7,No Different Than the National Rate
220086,Death rate for stroke patients,11.1,Better Than the National Rate
220088,Death rate for stroke patients,Not Available,Not Available
220090,Death rate for stroke patients,13.4,No Different Than the National Rate
220095,Death rate for stroke patients,14,No Different Than the National Rate
220098,Death rate for stroke patients,Not Available,Not Available
22009F,Death rate for stroke patients,Not Available,Not Available
220100,Death rate for stroke patients,13.5,No Different Than the National Rate
220101,Death rate for stroke patients,11.8,No Different Than the National Rate
220105,Death rate for stroke patients,11.8,No Different Than the National Rate
220108,Death rate for stroke patients,11.6,No Different Than the National Rate
22010F,Death rate for stroke patients,Not Available,Not Available
220110,Death rate for stroke patients,12.6,No Different Than the National Rate
220111,Death rate for stroke patients,11.2,No Different Than the National Rate
220116,Death rate for stroke patients,13,No Different Than the National Rate
220119,Death rate for stroke patients,9.4,Better Than the National Rate
220126,Death rate for stroke patients,Not Available,Not Available
220135,Death rate for stroke patients,11.1,No Different Than the National Rate
220163,Death rate for stroke patients,10.8,Better Than the National Rate
220171,Death rate for stroke patients,13.3,No Different Than the National Rate
220175,Death rate for stroke patients,14.8,No Different Than the National Rate
220176,Death rate for stroke patients,13.1,No Different Than the National Rate
220177,Death rate for stroke patients,Not Available,Number of Cases Too Small
221300,Death rate for stroke patients,Not Available,Number of Cases Too Small
221302,Death rate for stroke patients,Not Available,Number of Cases Too Small
221303,Death rate for stroke patients,Not Available,Number of Cases Too Small
221304,Death rate for stroke patients,Not Available,Not Available
223300,Death rate for stroke patients,Not Available,Not Available
223302,Death rate for stroke patients,Not Available,Not Available
223304,Death rate for stroke patients,Not Available,Not Available
230002,Death rate for stroke patients,13.1,No Different Than the National Rate
230003,Death rate for stroke patients,Not Available,Number of Cases Too Small
230005,Death rate for stroke patients,14.8,No Different Than the National Rate
230013,Death rate for stroke patients,Not Available,Not Available
230015,Death rate for stroke patients,Not Available,Number of Cases Too Small
230017,Death rate for stroke patients,15.1,No Different Than the National Rate
230019,Death rate for stroke patients,12.6,No Different Than the National Rate
230020,Death rate for stroke patients,11.9,No Different Than the National Rate
230021,Death rate for stroke patients,12.5,No Different Than the National Rate
230022,Death rate for stroke patients,15.5,No Different Than the National Rate
230024,Death rate for stroke patients,13.1,No Different Than the National Rate
230029,Death rate for stroke patients,14.5,No Different Than the National Rate
230030,Death rate for stroke patients,12.7,No Different Than the National Rate
230031,Death rate for stroke patients,12.6,No Different Than the National Rate
230035,Death rate for stroke patients,11.4,No Different Than the National Rate
230036,Death rate for stroke patients,12.8,No Different Than the National Rate
230037,Death rate for stroke patients,16.1,No Different Than the National Rate
230038,Death rate for stroke patients,12.2,No Different Than the National Rate
230041,Death rate for stroke patients,14,No Different Than the National Rate
230046,Death rate for stroke patients,14,No Different Than the National Rate
230047,Death rate for stroke patients,15.3,No Different Than the National Rate
230053,Death rate for stroke patients,11.2,No Different Than the National Rate
230054,Death rate for stroke patients,11.1,No Different Than the National Rate
230055,Death rate for stroke patients,15.7,No Different Than the National Rate
230058,Death rate for stroke patients,13.7,No Different Than the National Rate
230059,Death rate for stroke patients,13.9,No Different Than the National Rate
23005F,Death rate for stroke patients,Not Available,Not Available
230066,Death rate for stroke patients,12.5,No Different Than the National Rate
230069,Death rate for stroke patients,11.3,No Different Than the National Rate
230070,Death rate for stroke patients,14.6,No Different Than the National Rate
230071,Death rate for stroke patients,Not Available,Not Available
230072,Death rate for stroke patients,13.1,No Different Than the National Rate
230075,Death rate for stroke patients,11.4,No Different Than the National Rate
230077,Death rate for stroke patients,12.2,No Different Than the National Rate
230078,Death rate for stroke patients,Not Available,Not Available
230080,Death rate for stroke patients,Not Available,Number of Cases Too Small
230081,Death rate for stroke patients,13.2,No Different Than the National Rate
230085,Death rate for stroke patients,Not Available,Number of Cases Too Small
230089,Death rate for stroke patients,11.4,No Different Than the National Rate
230092,Death rate for stroke patients,13.5,No Different Than the National Rate
230093,Death rate for stroke patients,12.9,No Different Than the National Rate
230095,Death rate for stroke patients,11.9,No Different Than the National Rate
230097,Death rate for stroke patients,13.6,No Different Than the National Rate
230099,Death rate for stroke patients,14.7,No Different Than the National Rate
230100,Death rate for stroke patients,Not Available,Number of Cases Too Small
230104,Death rate for stroke patients,Not Available,Number of Cases Too Small
230105,Death rate for stroke patients,13.9,No Different Than the National Rate
230108,Death rate for stroke patients,Not Available,Number of Cases Too Small
230110,Death rate for stroke patients,10.9,No Different Than the National Rate
230117,Death rate for stroke patients,16.3,No Different Than the National Rate
23011F,Death rate for stroke patients,Not Available,Not Available
230121,Death rate for stroke patients,12.8,No Different Than the National Rate
23012F,Death rate for stroke patients,Not Available,Not Available
230130,Death rate for stroke patients,11.5,No Different Than the National Rate
230132,Death rate for stroke patients,13.6,No Different Than the National Rate
230133,Death rate for stroke patients,11.8,No Different Than the National Rate
230141,Death rate for stroke patients,16.1,No Different Than the National Rate
230142,Death rate for stroke patients,12.8,No Different Than the National Rate
230144,Death rate for stroke patients,Not Available,Not Available
230146,Death rate for stroke patients,14.1,No Different Than the National Rate
230151,Death rate for stroke patients,12.7,No Different Than the National Rate
230156,Death rate for stroke patients,11.2,No Different Than the National Rate
230165,Death rate for stroke patients,14.5,No Different Than the National Rate
230167,Death rate for stroke patients,13,No Different Than the National Rate
230174,Death rate for stroke patients,Not Available,Number of Cases Too Small
230176,Death rate for stroke patients,16.2,No Different Than the National Rate
230180,Death rate for stroke patients,13.3,No Different Than the National Rate
230193,Death rate for stroke patients,12.9,No Different Than the National Rate
230195,Death rate for stroke patients,11.4,No Different Than the National Rate
230197,Death rate for stroke patients,11.3,No Different Than the National Rate
230207,Death rate for stroke patients,13.8,No Different Than the National Rate
230208,Death rate for stroke patients,Not Available,Number of Cases Too Small
230216,Death rate for stroke patients,13.5,No Different Than the National Rate
230217,Death rate for stroke patients,12,No Different Than the National Rate
230222,Death rate for stroke patients,13.1,No Different Than the National Rate
230227,Death rate for stroke patients,13,No Different Than the National Rate
230230,Death rate for stroke patients,13.1,No Different Than the National Rate
230236,Death rate for stroke patients,14.3,No Different Than the National Rate
230239,Death rate for stroke patients,18.8,No Different Than the National Rate
230241,Death rate for stroke patients,Not Available,Number of Cases Too Small
230244,Death rate for stroke patients,13.6,No Different Than the National Rate
230254,Death rate for stroke patients,12.4,No Different Than the National Rate
230259,Death rate for stroke patients,11,No Different Than the National Rate
230264,Death rate for stroke patients,Not Available,Not Available
230269,Death rate for stroke patients,11.6,No Different Than the National Rate
230270,Death rate for stroke patients,12.2,No Different Than the National Rate
230273,Death rate for stroke patients,16.7,No Different Than the National Rate
230275,Death rate for stroke patients,Not Available,Not Available
230277,Death rate for stroke patients,17.4,No Different Than the National Rate
230279,Death rate for stroke patients,Not Available,Not Available
230297,Death rate for stroke patients,Not Available,Number of Cases Too Small
230301,Death rate for stroke patients,Not Available,Not Available
230302,Death rate for stroke patients,12.5,No Different Than the National Rate
230303,Death rate for stroke patients,Not Available,Number of Cases Too Small
23037F,Death rate for stroke patients,Not Available,Not Available
231300,Death rate for stroke patients,Not Available,Not Available
231301,Death rate for stroke patients,Not Available,Number of Cases Too Small
231303,Death rate for stroke patients,Not Available,Number of Cases Too Small
231304,Death rate for stroke patients,Not Available,Number of Cases Too Small
231305,Death rate for stroke patients,Not Available,Number of Cases Too Small
231306,Death rate for stroke patients,Not Available,Number of Cases Too Small
231307,Death rate for stroke patients,Not Available,Number of Cases Too Small
231308,Death rate for stroke patients,Not Available,Not Available
231310,Death rate for stroke patients,Not Available,Number of Cases Too Small
231311,Death rate for stroke patients,Not Available,Not Available
231312,Death rate for stroke patients,Not Available,Not Available
231313,Death rate for stroke patients,Not Available,Not Available
231314,Death rate for stroke patients,Not Available,Not Available
231315,Death rate for stroke patients,Not Available,Not Available
231316,Death rate for stroke patients,Not Available,Number of Cases Too Small
231318,Death rate for stroke patients,Not Available,Number of Cases Too Small
231319,Death rate for stroke patients,Not Available,Number of Cases Too Small
231320,Death rate for stroke patients,Not Available,Number of Cases Too Small
231321,Death rate for stroke patients,Not Available,Number of Cases Too Small
231322,Death rate for stroke patients,Not Available,Number of Cases Too Small
231323,Death rate for stroke patients,Not Available,Not Available
231324,Death rate for stroke patients,Not Available,Not Available
231325,Death rate for stroke patients,Not Available,Number of Cases Too Small
231326,Death rate for stroke patients,Not Available,Number of Cases Too Small
231327,Death rate for stroke patients,Not Available,Number of Cases Too Small
231328,Death rate for stroke patients,Not Available,Number of Cases Too Small
231329,Death rate for stroke patients,Not Available,Not Available
231330,Death rate for stroke patients,Not Available,Not Available
231331,Death rate for stroke patients,Not Available,Number of Cases Too Small
231332,Death rate for stroke patients,Not Available,Number of Cases Too Small
231333,Death rate for stroke patients,Not Available,Number of Cases Too Small
231337,Death rate for stroke patients,Not Available,Number of Cases Too Small
231338,Death rate for stroke patients,Not Available,Number of Cases Too Small
231339,Death rate for stroke patients,Not Available,Number of Cases Too Small
231340,Death rate for stroke patients,Not Available,Number of Cases Too Small
233300,Death rate for stroke patients,Not Available,Not Available
240001,Death rate for stroke patients,15.1,No Different Than the National Rate
240002,Death rate for stroke patients,12.8,No Different Than the National Rate
240004,Death rate for stroke patients,11.6,No Different Than the National Rate
240006,Death rate for stroke patients,Not Available,Number of Cases Too Small
240010,Death rate for stroke patients,10.1,Better Than the National Rate
240014,Death rate for stroke patients,Not Available,Number of Cases Too Small
240018,Death rate for stroke patients,Not Available,Number of Cases Too Small
240019,Death rate for stroke patients,Not Available,Number of Cases Too Small
240020,Death rate for stroke patients,Not Available,Number of Cases Too Small
240022,Death rate for stroke patients,Not Available,Number of Cases Too Small
24002F,Death rate for stroke patients,Not Available,Not Available
240030,Death rate for stroke patients,14.2,No Different Than the National Rate
240036,Death rate for stroke patients,11.3,No Different Than the National Rate
240038,Death rate for stroke patients,11.4,No Different Than the National Rate
24003F,Death rate for stroke patients,Not Available,Not Available
240040,Death rate for stroke patients,Not Available,Number of Cases Too Small
240043,Death rate for stroke patients,12.8,No Different Than the National Rate
240044,Death rate for stroke patients,13.2,No Different Than the National Rate
240047,Death rate for stroke patients,15.5,No Different Than the National Rate
240050,Death rate for stroke patients,15.8,No Different Than the National Rate
240052,Death rate for stroke patients,14.9,No Different Than the National Rate
240053,Death rate for stroke patients,14.3,No Different Than the National Rate
240056,Death rate for stroke patients,14.8,No Different Than the National Rate
240057,Death rate for stroke patients,10.6,No Different Than the National Rate
240064,Death rate for stroke patients,12.6,No Different Than the National Rate
240066,Death rate for stroke patients,13.1,No Different Than the National Rate
240069,Death rate for stroke patients,13.2,No Different Than the National Rate
240071,Death rate for stroke patients,Not Available,Number of Cases Too Small
240075,Death rate for stroke patients,14.3,No Different Than the National Rate
240076,Death rate for stroke patients,12.3,No Different Than the National Rate
240078,Death rate for stroke patients,12,No Different Than the National Rate
240080,Death rate for stroke patients,13.1,No Different Than the National Rate
240084,Death rate for stroke patients,Not Available,Number of Cases Too Small
240088,Death rate for stroke patients,14.2,No Different Than the National Rate
240093,Death rate for stroke patients,10.8,No Different Than the National Rate
240100,Death rate for stroke patients,13.3,No Different Than the National Rate
240101,Death rate for stroke patients,12.4,No Different Than the National Rate
240104,Death rate for stroke patients,11.2,No Different Than the National Rate
240106,Death rate for stroke patients,12.6,No Different Than the National Rate
240115,Death rate for stroke patients,14.6,No Different Than the National Rate
240141,Death rate for stroke patients,Not Available,Number of Cases Too Small
240166,Death rate for stroke patients,12.2,No Different Than the National Rate
240187,Death rate for stroke patients,Not Available,Number of Cases Too Small
240206,Death rate for stroke patients,Not Available,Not Available
240207,Death rate for stroke patients,12.6,No Different Than the National Rate
240210,Death rate for stroke patients,12.6,No Different Than the National Rate
240213,Death rate for stroke patients,12.8,No Different Than the National Rate
240214,Death rate for stroke patients,Not Available,Number of Cases Too Small
241301,Death rate for stroke patients,Not Available,Not Available
241302,Death rate for stroke patients,Not Available,Number of Cases Too Small
241303,Death rate for stroke patients,Not Available,Number of Cases Too Small
241304,Death rate for stroke patients,Not Available,Number of Cases Too Small
241305,Death rate for stroke patients,Not Available,Number of Cases Too Small
241306,Death rate for stroke patients,Not Available,Number of Cases Too Small
241308,Death rate for stroke patients,Not Available,Number of Cases Too Small
241309,Death rate for stroke patients,Not Available,Not Available
241311,Death rate for stroke patients,Not Available,Not Available
241312,Death rate for stroke patients,Not Available,Not Available
241313,Death rate for stroke patients,Not Available,Number of Cases Too Small
241314,Death rate for stroke patients,Not Available,Number of Cases Too Small
241315,Death rate for stroke patients,Not Available,Number of Cases Too Small
241316,Death rate for stroke patients,Not Available,Number of Cases Too Small
241317,Death rate for stroke patients,Not Available,Not Available
241318,Death rate for stroke patients,Not Available,Number of Cases Too Small
241319,Death rate for stroke patients,Not Available,Number of Cases Too Small
241320,Death rate for stroke patients,Not Available,Number of Cases Too Small
241321,Death rate for stroke patients,Not Available,Not Available
241322,Death rate for stroke patients,Not Available,Not Available
241323,Death rate for stroke patients,Not Available,Number of Cases Too Small
241325,Death rate for stroke patients,Not Available,Number of Cases Too Small
241326,Death rate for stroke patients,Not Available,Number of Cases Too Small
241327,Death rate for stroke patients,Not Available,Number of Cases Too Small
241328,Death rate for stroke patients,Not Available,Number of Cases Too Small
241329,Death rate for stroke patients,Not Available,Number of Cases Too Small
241330,Death rate for stroke patients,Not Available,Number of Cases Too Small
241332,Death rate for stroke patients,Not Available,Number of Cases Too Small
241333,Death rate for stroke patients,Not Available,Number of Cases Too Small
241334,Death rate for stroke patients,Not Available,Number of Cases Too Small
241335,Death rate for stroke patients,Not Available,Number of Cases Too Small
241336,Death rate for stroke patients,Not Available,Not Available
241337,Death rate for stroke patients,Not Available,Not Available
241338,Death rate for stroke patients,Not Available,Number of Cases Too Small
241339,Death rate for stroke patients,Not Available,Number of Cases Too Small
241340,Death rate for stroke patients,Not Available,Number of Cases Too Small
241341,Death rate for stroke patients,Not Available,Number of Cases Too Small
241342,Death rate for stroke patients,Not Available,Number of Cases Too Small
241343,Death rate for stroke patients,Not Available,Number of Cases Too Small
241344,Death rate for stroke patients,Not Available,Number of Cases Too Small
241345,Death rate for stroke patients,Not Available,Not Available
241346,Death rate for stroke patients,Not Available,Number of Cases Too Small
241347,Death rate for stroke patients,Not Available,Not Available
241348,Death rate for stroke patients,Not Available,Number of Cases Too Small
241349,Death rate for stroke patients,Not Available,Number of Cases Too Small
241350,Death rate for stroke patients,Not Available,Number of Cases Too Small
241351,Death rate for stroke patients,Not Available,Number of Cases Too Small
241353,Death rate for stroke patients,Not Available,Number of Cases Too Small
241354,Death rate for stroke patients,Not Available,Number of Cases Too Small
241355,Death rate for stroke patients,Not Available,Number of Cases Too Small
241356,Death rate for stroke patients,Not Available,Number of Cases Too Small
241357,Death rate for stroke patients,Not Available,Number of Cases Too Small
241358,Death rate for stroke patients,Not Available,Not Available
241359,Death rate for stroke patients,Not Available,Number of Cases Too Small
241360,Death rate for stroke patients,Not Available,Number of Cases Too Small
241361,Death rate for stroke patients,Not Available,Number of Cases Too Small
241362,Death rate for stroke patients,Not Available,Number of Cases Too Small
241363,Death rate for stroke patients,Not Available,Number of Cases Too Small
241364,Death rate for stroke patients,Not Available,Number of Cases Too Small
241365,Death rate for stroke patients,Not Available,Number of Cases Too Small
241366,Death rate for stroke patients,Not Available,Number of Cases Too Small
241367,Death rate for stroke patients,Not Available,Number of Cases Too Small
241368,Death rate for stroke patients,Not Available,Number of Cases Too Small
241369,Death rate for stroke patients,Not Available,Number of Cases Too Small
241370,Death rate for stroke patients,Not Available,Number of Cases Too Small
241371,Death rate for stroke patients,Not Available,Number of Cases Too Small
241372,Death rate for stroke patients,Not Available,Number of Cases Too Small
241373,Death rate for stroke patients,Not Available,Number of Cases Too Small
241374,Death rate for stroke patients,Not Available,Number of Cases Too Small
241375,Death rate for stroke patients,Not Available,Not Available
241376,Death rate for stroke patients,Not Available,Number of Cases Too Small
241377,Death rate for stroke patients,Not Available,Number of Cases Too Small
241378,Death rate for stroke patients,Not Available,Number of Cases Too Small
241379,Death rate for stroke patients,Not Available,Not Available
241380,Death rate for stroke patients,Not Available,Number of Cases Too Small
241381,Death rate for stroke patients,Not Available,Number of Cases Too Small
243300,Death rate for stroke patients,Not Available,Not Available
243302,Death rate for stroke patients,Not Available,Not Available
250001,Death rate for stroke patients,11.2,No Different Than the National Rate
250002,Death rate for stroke patients,Not Available,Number of Cases Too Small
250004,Death rate for stroke patients,15.6,Worse Than the National Rate
250006,Death rate for stroke patients,10.9,No Different Than the National Rate
250007,Death rate for stroke patients,15.7,No Different Than the National Rate
250009,Death rate for stroke patients,13.2,No Different Than the National Rate
250017,Death rate for stroke patients,Not Available,Not Available
250018,Death rate for stroke patients,Not Available,Not Available
250019,Death rate for stroke patients,15.1,No Different Than the National Rate
250020,Death rate for stroke patients,12.3,No Different Than the National Rate
250025,Death rate for stroke patients,Not Available,Number of Cases Too Small
250027,Death rate for stroke patients,Not Available,Number of Cases Too Small
250031,Death rate for stroke patients,14.8,No Different Than the National Rate
250034,Death rate for stroke patients,12.7,No Different Than the National Rate
250036,Death rate for stroke patients,Not Available,Number of Cases Too Small
250038,Death rate for stroke patients,Not Available,Number of Cases Too Small
250040,Death rate for stroke patients,14.3,No Different Than the National Rate
250042,Death rate for stroke patients,Not Available,Number of Cases Too Small
250043,Death rate for stroke patients,14.7,No Different Than the National Rate
250044,Death rate for stroke patients,Not Available,Number of Cases Too Small
250048,Death rate for stroke patients,13.6,No Different Than the National Rate
250049,Death rate for stroke patients,Not Available,Not Available
250050,Death rate for stroke patients,15.7,No Different Than the National Rate
250057,Death rate for stroke patients,Not Available,Number of Cases Too Small
250058,Death rate for stroke patients,13.4,No Different Than the National Rate
250061,Death rate for stroke patients,Not Available,Number of Cases Too Small
250067,Death rate for stroke patients,Not Available,Number of Cases Too Small
250069,Death rate for stroke patients,12.9,No Different Than the National Rate
250072,Death rate for stroke patients,12.6,No Different Than the National Rate
250077,Death rate for stroke patients,13.5,No Different Than the National Rate
250078,Death rate for stroke patients,13.2,No Different Than the National Rate
250081,Death rate for stroke patients,Not Available,Not Available
250082,Death rate for stroke patients,15.3,No Different Than the National Rate
250084,Death rate for stroke patients,12.9,No Different Than the National Rate
250085,Death rate for stroke patients,Not Available,Number of Cases Too Small
250093,Death rate for stroke patients,13.1,No Different Than the National Rate
250094,Death rate for stroke patients,11.8,No Different Than the National Rate
250095,Death rate for stroke patients,Not Available,Number of Cases Too Small
250096,Death rate for stroke patients,Not Available,Number of Cases Too Small
250097,Death rate for stroke patients,Not Available,Number of Cases Too Small
250099,Death rate for stroke patients,15,No Different Than the National Rate
250100,Death rate for stroke patients,13.6,No Different Than the National Rate
250102,Death rate for stroke patients,11.4,No Different Than the National Rate
250104,Death rate for stroke patients,14.9,No Different Than the National Rate
250117,Death rate for stroke patients,Not Available,Number of Cases Too Small
250123,Death rate for stroke patients,12.4,No Different Than the National Rate
250124,Death rate for stroke patients,Not Available,Number of Cases Too Small
250127,Death rate for stroke patients,Not Available,Not Available
250134,Death rate for stroke patients,Not Available,Not Available
250136,Death rate for stroke patients,Not Available,Not Available
250138,Death rate for stroke patients,12.6,No Different Than the National Rate
250141,Death rate for stroke patients,12.4,No Different Than the National Rate
250151,Death rate for stroke patients,Not Available,Not Available
250152,Death rate for stroke patients,Not Available,Not Available
250162,Death rate for stroke patients,Not Available,Number of Cases Too Small
250167,Death rate for stroke patients,15.9,No Different Than the National Rate
250168,Death rate for stroke patients,14.5,No Different Than the National Rate
250172,Death rate for stroke patients,Not Available,Number of Cases Too Small
250174,Death rate for stroke patients,Not Available,Not Available
25039F,Death rate for stroke patients,Not Available,Not Available
25042F,Death rate for stroke patients,Not Available,Not Available
25043F,Death rate for stroke patients,Not Available,Not Available
251300,Death rate for stroke patients,Not Available,Number of Cases Too Small
251302,Death rate for stroke patients,Not Available,Number of Cases Too Small
251304,Death rate for stroke patients,Not Available,Not Available
251305,Death rate for stroke patients,Not Available,Not Available
251307,Death rate for stroke patients,Not Available,Not Available
251308,Death rate for stroke patients,Not Available,Not Available
251309,Death rate for stroke patients,Not Available,Number of Cases Too Small
251312,Death rate for stroke patients,Not Available,Number of Cases Too Small
251313,Death rate for stroke patients,Not Available,Number of Cases Too Small
251315,Death rate for stroke patients,Not Available,Number of Cases Too Small
251316,Death rate for stroke patients,Not Available,Not Available
251317,Death rate for stroke patients,Not Available,Not Available
251318,Death rate for stroke patients,Not Available,Number of Cases Too Small
251319,Death rate for stroke patients,Not Available,Number of Cases Too Small
251320,Death rate for stroke patients,Not Available,Number of Cases Too Small
251322,Death rate for stroke patients,Not Available,Number of Cases Too Small
251323,Death rate for stroke patients,Not Available,Not Available
251324,Death rate for stroke patients,Not Available,Number of Cases Too Small
251325,Death rate for stroke patients,Not Available,Not Available
251326,Death rate for stroke patients,Not Available,Number of Cases Too Small
251327,Death rate for stroke patients,Not Available,Number of Cases Too Small
251330,Death rate for stroke patients,Not Available,Number of Cases Too Small
251331,Death rate for stroke patients,Not Available,Number of Cases Too Small
251333,Death rate for stroke patients,Not Available,Not Available
251334,Death rate for stroke patients,Not Available,Number of Cases Too Small
251335,Death rate for stroke patients,Not Available,Not Available
251336,Death rate for stroke patients,Not Available,Number of Cases Too Small
251337,Death rate for stroke patients,Not Available,Number of Cases Too Small
251339,Death rate for stroke patients,Not Available,Not Available
260001,Death rate for stroke patients,16.1,No Different Than the National Rate
260005,Death rate for stroke patients,12.2,No Different Than the National Rate
260006,Death rate for stroke patients,17.5,Worse Than the National Rate
260009,Death rate for stroke patients,14.7,No Different Than the National Rate
260011,Death rate for stroke patients,13.7,No Different Than the National Rate
260017,Death rate for stroke patients,13.4,No Different Than the National Rate
260020,Death rate for stroke patients,11.1,No Different Than the National Rate
260022,Death rate for stroke patients,Not Available,Number of Cases Too Small
260023,Death rate for stroke patients,14.9,No Different Than the National Rate
260024,Death rate for stroke patients,Not Available,Number of Cases Too Small
260025,Death rate for stroke patients,13.8,No Different Than the National Rate
260027,Death rate for stroke patients,13,No Different Than the National Rate
26002F,Death rate for stroke patients,Not Available,Not Available
260032,Death rate for stroke patients,11.2,No Different Than the National Rate
260034,Death rate for stroke patients,Not Available,Number of Cases Too Small
260040,Death rate for stroke patients,14.5,No Different Than the National Rate
260048,Death rate for stroke patients,Not Available,Number of Cases Too Small
26004F,Death rate for stroke patients,Not Available,Not Available
260050,Death rate for stroke patients,Not Available,Number of Cases Too Small
260052,Death rate for stroke patients,12.8,No Different Than the National Rate
260057,Death rate for stroke patients,Not Available,Number of Cases Too Small
260059,Death rate for stroke patients,Not Available,Number of Cases Too Small
260061,Death rate for stroke patients,Not Available,Number of Cases Too Small
260062,Death rate for stroke patients,10.6,No Different Than the National Rate
260065,Death rate for stroke patients,13.9,No Different Than the National Rate
260068,Death rate for stroke patients,13.6,No Different Than the National Rate
260070,Death rate for stroke patients,Not Available,Number of Cases Too Small
260074,Death rate for stroke patients,Not Available,Number of Cases Too Small
260077,Death rate for stroke patients,12,No Different Than the National Rate
260078,Death rate for stroke patients,13.8,No Different Than the National Rate
26007F,Death rate for stroke patients,Not Available,Not Available
260081,Death rate for stroke patients,11.6,No Different Than the National Rate
260085,Death rate for stroke patients,12.4,No Different Than the National Rate
260091,Death rate for stroke patients,12.1,No Different Than the National Rate
260094,Death rate for stroke patients,13.6,No Different Than the National Rate
260095,Death rate for stroke patients,10.8,No Different Than the National Rate
260096,Death rate for stroke patients,14,No Different Than the National Rate
260097,Death rate for stroke patients,Not Available,Number of Cases Too Small
26009F,Death rate for stroke patients,Not Available,Not Available
260102,Death rate for stroke patients,Not Available,Number of Cases Too Small
260104,Death rate for stroke patients,9.8,Better Than the National Rate
260105,Death rate for stroke patients,14.7,No Different Than the National Rate
260108,Death rate for stroke patients,10.6,No Different Than the National Rate
260110,Death rate for stroke patients,14.3,No Different Than the National Rate
260113,Death rate for stroke patients,16.6,No Different Than the National Rate
260119,Death rate for stroke patients,14.5,No Different Than the National Rate
260137,Death rate for stroke patients,14.4,No Different Than the National Rate
260138,Death rate for stroke patients,12.4,No Different Than the National Rate
260141,Death rate for stroke patients,16,Worse Than the National Rate
260142,Death rate for stroke patients,Not Available,Number of Cases Too Small
260160,Death rate for stroke patients,Not Available,Number of Cases Too Small
260162,Death rate for stroke patients,Not Available,Number of Cases Too Small
260163,Death rate for stroke patients,13.6,No Different Than the National Rate
260175,Death rate for stroke patients,12.1,No Different Than the National Rate
260176,Death rate for stroke patients,Not Available,Not Available
260177,Death rate for stroke patients,12.4,No Different Than the National Rate
260179,Death rate for stroke patients,12.2,No Different Than the National Rate
260180,Death rate for stroke patients,11.9,No Different Than the National Rate
260183,Death rate for stroke patients,18.7,Worse Than the National Rate
260186,Death rate for stroke patients,14,No Different Than the National Rate
260190,Death rate for stroke patients,11.9,No Different Than the National Rate
260191,Death rate for stroke patients,13.3,No Different Than the National Rate
260193,Death rate for stroke patients,13.7,No Different Than the National Rate
260195,Death rate for stroke patients,13.2,No Different Than the National Rate
260200,Death rate for stroke patients,12.1,No Different Than the National Rate
260214,Death rate for stroke patients,12,No Different Than the National Rate
260216,Death rate for stroke patients,12.1,No Different Than the National Rate
260219,Death rate for stroke patients,12.2,No Different Than the National Rate
26023F,Death rate for stroke patients,Not Available,Not Available
261301,Death rate for stroke patients,Not Available,Number of Cases Too Small
261302,Death rate for stroke patients,Not Available,Not Available
261303,Death rate for stroke patients,Not Available,Number of Cases Too Small
261305,Death rate for stroke patients,Not Available,Number of Cases Too Small
261306,Death rate for stroke patients,Not Available,Number of Cases Too Small
261307,Death rate for stroke patients,Not Available,Number of Cases Too Small
261308,Death rate for stroke patients,Not Available,Number of Cases Too Small
261309,Death rate for stroke patients,Not Available,Number of Cases Too Small
261310,Death rate for stroke patients,Not Available,Number of Cases Too Small
261311,Death rate for stroke patients,Not Available,Number of Cases Too Small
261312,Death rate for stroke patients,Not Available,Number of Cases Too Small
261313,Death rate for stroke patients,Not Available,Number of Cases Too Small
261314,Death rate for stroke patients,Not Available,Number of Cases Too Small
261316,Death rate for stroke patients,Not Available,Number of Cases Too Small
261317,Death rate for stroke patients,Not Available,Not Available
261318,Death rate for stroke patients,Not Available,Number of Cases Too Small
261319,Death rate for stroke patients,Not Available,Number of Cases Too Small
261320,Death rate for stroke patients,Not Available,Number of Cases Too Small
261321,Death rate for stroke patients,Not Available,Number of Cases Too Small
261322,Death rate for stroke patients,Not Available,Number of Cases Too Small
261323,Death rate for stroke patients,Not Available,Number of Cases Too Small
261324,Death rate for stroke patients,Not Available,Number of Cases Too Small
261325,Death rate for stroke patients,Not Available,Number of Cases Too Small
261327,Death rate for stroke patients,Not Available,Not Available
261328,Death rate for stroke patients,Not Available,Number of Cases Too Small
261329,Death rate for stroke patients,Not Available,Number of Cases Too Small
261330,Death rate for stroke patients,Not Available,Number of Cases Too Small
261331,Death rate for stroke patients,Not Available,Number of Cases Too Small
261332,Death rate for stroke patients,Not Available,Number of Cases Too Small
261333,Death rate for stroke patients,Not Available,Number of Cases Too Small
261335,Death rate for stroke patients,Not Available,Number of Cases Too Small
261336,Death rate for stroke patients,Not Available,Number of Cases Too Small
261337,Death rate for stroke patients,Not Available,Number of Cases Too Small
261338,Death rate for stroke patients,Not Available,Number of Cases Too Small
263301,Death rate for stroke patients,Not Available,Not Available
263302,Death rate for stroke patients,Not Available,Not Available
263303,Death rate for stroke patients,Not Available,Not Available
263304,Death rate for stroke patients,Not Available,Not Available
270003,Death rate for stroke patients,16.6,No Different Than the National Rate
270004,Death rate for stroke patients,14.1,No Different Than the National Rate
270012,Death rate for stroke patients,17.7,Worse Than the National Rate
270014,Death rate for stroke patients,12.6,No Different Than the National Rate
270017,Death rate for stroke patients,13.3,No Different Than the National Rate
270023,Death rate for stroke patients,12.7,No Different Than the National Rate
27003F,Death rate for stroke patients,Not Available,Not Available
270049,Death rate for stroke patients,11.5,No Different Than the National Rate
270051,Death rate for stroke patients,11.6,No Different Than the National Rate
270057,Death rate for stroke patients,14.3,No Different Than the National Rate
270074,Death rate for stroke patients,Not Available,Number of Cases Too Small
270086,Death rate for stroke patients,Not Available,Number of Cases Too Small
271300,Death rate for stroke patients,Not Available,Not Available
271301,Death rate for stroke patients,Not Available,Number of Cases Too Small
271302,Death rate for stroke patients,Not Available,Not Available
271303,Death rate for stroke patients,Not Available,Not Available
271304,Death rate for stroke patients,Not Available,Not Available
271305,Death rate for stroke patients,Not Available,Number of Cases Too Small
271306,Death rate for stroke patients,Not Available,Number of Cases Too Small
271307,Death rate for stroke patients,Not Available,Not Available
271308,Death rate for stroke patients,Not Available,Not Available
271309,Death rate for stroke patients,Not Available,Not Available
271310,Death rate for stroke patients,Not Available,Not Available
271311,Death rate for stroke patients,Not Available,Not Available
271312,Death rate for stroke patients,Not Available,Not Available
271313,Death rate for stroke patients,Not Available,Number of Cases Too Small
271314,Death rate for stroke patients,Not Available,Number of Cases Too Small
271315,Death rate for stroke patients,Not Available,Not Available
271316,Death rate for stroke patients,Not Available,Number of Cases Too Small
271317,Death rate for stroke patients,15.6,No Different Than the National Rate
271318,Death rate for stroke patients,Not Available,Number of Cases Too Small
271319,Death rate for stroke patients,Not Available,Number of Cases Too Small
271320,Death rate for stroke patients,Not Available,Number of Cases Too Small
271321,Death rate for stroke patients,Not Available,Not Available
271322,Death rate for stroke patients,Not Available,Not Available
271323,Death rate for stroke patients,Not Available,Number of Cases Too Small
271324,Death rate for stroke patients,Not Available,Number of Cases Too Small
271325,Death rate for stroke patients,Not Available,Number of Cases Too Small
271326,Death rate for stroke patients,Not Available,Not Available
271327,Death rate for stroke patients,Not Available,Not Available
271328,Death rate for stroke patients,Not Available,Number of Cases Too Small
271329,Death rate for stroke patients,Not Available,Number of Cases Too Small
271330,Death rate for stroke patients,Not Available,Number of Cases Too Small
271331,Death rate for stroke patients,Not Available,Number of Cases Too Small
271332,Death rate for stroke patients,Not Available,Number of Cases Too Small
271333,Death rate for stroke patients,Not Available,Not Available
271334,Death rate for stroke patients,Not Available,Number of Cases Too Small
271335,Death rate for stroke patients,Not Available,Number of Cases Too Small
271336,Death rate for stroke patients,Not Available,Number of Cases Too Small
271337,Death rate for stroke patients,Not Available,Number of Cases Too Small
271338,Death rate for stroke patients,Not Available,Not Available
271339,Death rate for stroke patients,Not Available,Not Available
271340,Death rate for stroke patients,14.1,No Different Than the National Rate
271341,Death rate for stroke patients,Not Available,Number of Cases Too Small
271342,Death rate for stroke patients,Not Available,Number of Cases Too Small
271343,Death rate for stroke patients,Not Available,Number of Cases Too Small
271344,Death rate for stroke patients,Not Available,Number of Cases Too Small
271345,Death rate for stroke patients,Not Available,Number of Cases Too Small
271346,Death rate for stroke patients,Not Available,Not Available
271347,Death rate for stroke patients,Not Available,Number of Cases Too Small
271348,Death rate for stroke patients,Not Available,Not Available
271389,Death rate for stroke patients,Not Available,Not Available
280003,Death rate for stroke patients,16,Worse Than the National Rate
280009,Death rate for stroke patients,13.3,No Different Than the National Rate
280013,Death rate for stroke patients,11.2,No Different Than the National Rate
280020,Death rate for stroke patients,12.3,No Different Than the National Rate
280023,Death rate for stroke patients,12.8,No Different Than the National Rate
280032,Death rate for stroke patients,15,No Different Than the National Rate
280040,Death rate for stroke patients,13,No Different Than the National Rate
280059,Death rate for stroke patients,Not Available,Not Available
280060,Death rate for stroke patients,14.7,No Different Than the National Rate
280061,Death rate for stroke patients,13,No Different Than the National Rate
280065,Death rate for stroke patients,14.5,No Different Than the National Rate
28006F,Death rate for stroke patients,Not Available,Not Available
280077,Death rate for stroke patients,12.2,No Different Than the National Rate
280081,Death rate for stroke patients,13,No Different Than the National Rate
280105,Death rate for stroke patients,Not Available,Number of Cases Too Small
280111,Death rate for stroke patients,16.3,No Different Than the National Rate
280125,Death rate for stroke patients,14.9,No Different Than the National Rate
280127,Death rate for stroke patients,Not Available,Not Available
280128,Death rate for stroke patients,Not Available,Number of Cases Too Small
280129,Death rate for stroke patients,Not Available,Not Available
280130,Death rate for stroke patients,13.6,No Different Than the National Rate
280131,Death rate for stroke patients,Not Available,Not Available
280132,Death rate for stroke patients,11.9,No Different Than the National Rate
280133,Death rate for stroke patients,Not Available,Not Available
280134,Death rate for stroke patients,12.7,No Different Than the National Rate
280139,Death rate for stroke patients,Not Available,Number of Cases Too Small
281300,Death rate for stroke patients,Not Available,Number of Cases Too Small
281301,Death rate for stroke patients,Not Available,Number of Cases Too Small
281302,Death rate for stroke patients,Not Available,Not Available
281303,Death rate for stroke patients,Not Available,Not Available
281304,Death rate for stroke patients,Not Available,Number of Cases Too Small
281305,Death rate for stroke patients,Not Available,Number of Cases Too Small
281306,Death rate for stroke patients,Not Available,Not Available
281307,Death rate for stroke patients,Not Available,Number of Cases Too Small
281308,Death rate for stroke patients,Not Available,Number of Cases Too Small
281309,Death rate for stroke patients,Not Available,Number of Cases Too Small
281310,Death rate for stroke patients,Not Available,Number of Cases Too Small
281311,Death rate for stroke patients,Not Available,Number of Cases Too Small
281312,Death rate for stroke patients,Not Available,Not Available
281313,Death rate for stroke patients,Not Available,Number of Cases Too Small
281314,Death rate for stroke patients,Not Available,Number of Cases Too Small
281315,Death rate for stroke patients,Not Available,Number of Cases Too Small
281316,Death rate for stroke patients,Not Available,Not Available
281318,Death rate for stroke patients,Not Available,Number of Cases Too Small
281319,Death rate for stroke patients,Not Available,Number of Cases Too Small
281320,Death rate for stroke patients,Not Available,Not Available
281322,Death rate for stroke patients,14.4,No Different Than the National Rate
281323,Death rate for stroke patients,Not Available,Not Available
281324,Death rate for stroke patients,Not Available,Number of Cases Too Small
281325,Death rate for stroke patients,Not Available,Number of Cases Too Small
281326,Death rate for stroke patients,Not Available,Number of Cases Too Small
281327,Death rate for stroke patients,Not Available,Number of Cases Too Small
281328,Death rate for stroke patients,Not Available,Number of Cases Too Small
281329,Death rate for stroke patients,Not Available,Number of Cases Too Small
281331,Death rate for stroke patients,Not Available,Number of Cases Too Small
281332,Death rate for stroke patients,Not Available,Number of Cases Too Small
281333,Death rate for stroke patients,Not Available,Number of Cases Too Small
281334,Death rate for stroke patients,Not Available,Number of Cases Too Small
281335,Death rate for stroke patients,Not Available,Number of Cases Too Small
281336,Death rate for stroke patients,Not Available,Number of Cases Too Small
281338,Death rate for stroke patients,Not Available,Number of Cases Too Small
281339,Death rate for stroke patients,Not Available,Number of Cases Too Small
281340,Death rate for stroke patients,Not Available,Number of Cases Too Small
281341,Death rate for stroke patients,Not Available,Number of Cases Too Small
281342,Death rate for stroke patients,Not Available,Number of Cases Too Small
281343,Death rate for stroke patients,Not Available,Number of Cases Too Small
281344,Death rate for stroke patients,Not Available,Number of Cases Too Small
281345,Death rate for stroke patients,Not Available,Number of Cases Too Small
281346,Death rate for stroke patients,Not Available,Number of Cases Too Small
281347,Death rate for stroke patients,Not Available,Number of Cases Too Small
281348,Death rate for stroke patients,Not Available,Number of Cases Too Small
281349,Death rate for stroke patients,Not Available,Number of Cases Too Small
281350,Death rate for stroke patients,Not Available,Number of Cases Too Small
281351,Death rate for stroke patients,Not Available,Number of Cases Too Small
281352,Death rate for stroke patients,Not Available,Number of Cases Too Small
281353,Death rate for stroke patients,Not Available,Number of Cases Too Small
281354,Death rate for stroke patients,Not Available,Number of Cases Too Small
281355,Death rate for stroke patients,Not Available,Number of Cases Too Small
281356,Death rate for stroke patients,Not Available,Number of Cases Too Small
281357,Death rate for stroke patients,Not Available,Number of Cases Too Small
281358,Death rate for stroke patients,Not Available,Number of Cases Too Small
281359,Death rate for stroke patients,Not Available,Number of Cases Too Small
281360,Death rate for stroke patients,Not Available,Number of Cases Too Small
281361,Death rate for stroke patients,Not Available,Number of Cases Too Small
281362,Death rate for stroke patients,Not Available,Number of Cases Too Small
281363,Death rate for stroke patients,Not Available,Number of Cases Too Small
281364,Death rate for stroke patients,Not Available,Number of Cases Too Small
281365,Death rate for stroke patients,Not Available,Number of Cases Too Small
283300,Death rate for stroke patients,Not Available,Not Available
283301,Death rate for stroke patients,Not Available,Not Available
290001,Death rate for stroke patients,14.4,No Different Than the National Rate
290003,Death rate for stroke patients,14.3,No Different Than the National Rate
290005,Death rate for stroke patients,Not Available,Number of Cases Too Small
290007,Death rate for stroke patients,12.2,No Different Than the National Rate
290008,Death rate for stroke patients,13.9,No Different Than the National Rate
290009,Death rate for stroke patients,13.6,No Different Than the National Rate
290012,Death rate for stroke patients,Not Available,Not Available
290019,Death rate for stroke patients,14.7,No Different Than the National Rate
29001F,Death rate for stroke patients,Not Available,Not Available
290021,Death rate for stroke patients,15.5,No Different Than the National Rate
29002F,Death rate for stroke patients,Not Available,Not Available
290032,Death rate for stroke patients,13.5,No Different Than the National Rate
290039,Death rate for stroke patients,14.6,No Different Than the National Rate
290041,Death rate for stroke patients,11,No Different Than the National Rate
290042,Death rate for stroke patients,Not Available,Not Available
290045,Death rate for stroke patients,11.9,No Different Than the National Rate
290046,Death rate for stroke patients,18.1,Worse Than the National Rate
290047,Death rate for stroke patients,14.5,No Different Than the National Rate
290049,Death rate for stroke patients,12.6,No Different Than the National Rate
29004F,Death rate for stroke patients,Not Available,Not Available
290053,Death rate for stroke patients,12.9,No Different Than the National Rate
290054,Death rate for stroke patients,16.2,No Different Than the National Rate
290057,Death rate for stroke patients,14.1,No Different Than the National Rate
290058,Death rate for stroke patients,Not Available,Not Available
290061,Death rate for stroke patients,Not Available,Number of Cases Too Small
291300,Death rate for stroke patients,Not Available,Number of Cases Too Small
291301,Death rate for stroke patients,Not Available,Not Available
291302,Death rate for stroke patients,Not Available,Number of Cases Too Small
291303,Death rate for stroke patients,Not Available,Not Available
291304,Death rate for stroke patients,Not Available,Not Available
291306,Death rate for stroke patients,Not Available,Number of Cases Too Small
291307,Death rate for stroke patients,Not Available,Number of Cases Too Small
291308,Death rate for stroke patients,Not Available,Number of Cases Too Small
291309,Death rate for stroke patients,Not Available,Number of Cases Too Small
291311,Death rate for stroke patients,Not Available,Number of Cases Too Small
291312,Death rate for stroke patients,Not Available,Number of Cases Too Small
291313,Death rate for stroke patients,Not Available,Number of Cases Too Small
291314,Death rate for stroke patients,Not Available,Not Available
300001,Death rate for stroke patients,15.4,No Different Than the National Rate
300003,Death rate for stroke patients,14.7,No Different Than the National Rate
300005,Death rate for stroke patients,12.4,No Different Than the National Rate
300011,Death rate for stroke patients,12.2,No Different Than the National Rate
300012,Death rate for stroke patients,15.6,No Different Than the National Rate
300014,Death rate for stroke patients,13.2,No Different Than the National Rate
300017,Death rate for stroke patients,14,No Different Than the National Rate
300018,Death rate for stroke patients,11.5,No Different Than the National Rate
300019,Death rate for stroke patients,16.1,No Different Than the National Rate
300020,Death rate for stroke patients,15,No Different Than the National Rate
300023,Death rate for stroke patients,12.3,No Different Than the National Rate
300029,Death rate for stroke patients,15.9,Worse Than the National Rate
300034,Death rate for stroke patients,11.6,No Different Than the National Rate
301300,Death rate for stroke patients,Not Available,Number of Cases Too Small
301301,Death rate for stroke patients,Not Available,Number of Cases Too Small
301302,Death rate for stroke patients,14.7,No Different Than the National Rate
301303,Death rate for stroke patients,Not Available,Number of Cases Too Small
301304,Death rate for stroke patients,Not Available,Number of Cases Too Small
301305,Death rate for stroke patients,Not Available,Number of Cases Too Small
301306,Death rate for stroke patients,Not Available,Number of Cases Too Small
301307,Death rate for stroke patients,12.9,No Different Than the National Rate
301308,Death rate for stroke patients,Not Available,Number of Cases Too Small
301309,Death rate for stroke patients,14.1,No Different Than the National Rate
301310,Death rate for stroke patients,Not Available,Number of Cases Too Small
301311,Death rate for stroke patients,15.4,No Different Than the National Rate
301312,Death rate for stroke patients,13.5,No Different Than the National Rate
310001,Death rate for stroke patients,10.4,Better Than the National Rate
310002,Death rate for stroke patients,13.7,No Different Than the National Rate
310003,Death rate for stroke patients,11.1,No Different Than the National Rate
310005,Death rate for stroke patients,11.5,No Different Than the National Rate
310006,Death rate for stroke patients,14.3,No Different Than the National Rate
310008,Death rate for stroke patients,12.7,No Different Than the National Rate
310009,Death rate for stroke patients,10.8,No Different Than the National Rate
310010,Death rate for stroke patients,9.9,Better Than the National Rate
310011,Death rate for stroke patients,12.3,No Different Than the National Rate
310012,Death rate for stroke patients,12,No Different Than the National Rate
310014,Death rate for stroke patients,12.3,No Different Than the National Rate
310015,Death rate for stroke patients,9.8,Better Than the National Rate
310016,Death rate for stroke patients,12.8,No Different Than the National Rate
310017,Death rate for stroke patients,10.7,No Different Than the National Rate
310019,Death rate for stroke patients,13,No Different Than the National Rate
31001F,Death rate for stroke patients,Not Available,Not Available
310022,Death rate for stroke patients,11.3,No Different Than the National Rate
310024,Death rate for stroke patients,11.4,No Different Than the National Rate
310025,Death rate for stroke patients,14.9,No Different Than the National Rate
310027,Death rate for stroke patients,12.5,No Different Than the National Rate
310028,Death rate for stroke patients,11.2,No Different Than the National Rate
310029,Death rate for stroke patients,14.3,No Different Than the National Rate
310031,Death rate for stroke patients,Not Available,Number of Cases Too Small
310032,Death rate for stroke patients,12,No Different Than the National Rate
310034,Death rate for stroke patients,13,No Different Than the National Rate
310038,Death rate for stroke patients,15.1,Worse Than the National Rate
310039,Death rate for stroke patients,12.5,No Different Than the National Rate
310040,Death rate for stroke patients,Not Available,Number of Cases Too Small
310041,Death rate for stroke patients,14.6,No Different Than the National Rate
310044,Death rate for stroke patients,12.6,No Different Than the National Rate
310045,Death rate for stroke patients,17,No Different Than the National Rate
310047,Death rate for stroke patients,13.8,No Different Than the National Rate
310048,Death rate for stroke patients,13.9,No Different Than the National Rate
310050,Death rate for stroke patients,14.9,No Different Than the National Rate
310051,Death rate for stroke patients,11.9,No Different Than the National Rate
310052,Death rate for stroke patients,10.8,No Different Than the National Rate
310054,Death rate for stroke patients,11.6,No Different Than the National Rate
310057,Death rate for stroke patients,10.5,No Different Than the National Rate
310058,Death rate for stroke patients,Not Available,Number of Cases Too Small
310060,Death rate for stroke patients,12,No Different Than the National Rate
310061,Death rate for stroke patients,13.8,No Different Than the National Rate
310064,Death rate for stroke patients,13.7,No Different Than the National Rate
310069,Death rate for stroke patients,10.2,No Different Than the National Rate
310070,Death rate for stroke patients,16.7,No Different Than the National Rate
310073,Death rate for stroke patients,11.7,No Different Than the National Rate
310074,Death rate for stroke patients,12.8,No Different Than the National Rate
310075,Death rate for stroke patients,15.7,No Different Than the National Rate
310076,Death rate for stroke patients,12.9,No Different Than the National Rate
310083,Death rate for stroke patients,Not Available,Number of Cases Too Small
310084,Death rate for stroke patients,12.5,No Different Than the National Rate
310086,Death rate for stroke patients,12.7,No Different Than the National Rate
310092,Death rate for stroke patients,14,No Different Than the National Rate
310096,Death rate for stroke patients,Not Available,Number of Cases Too Small
310108,Death rate for stroke patients,10.4,Better Than the National Rate
310110,Death rate for stroke patients,13.4,No Different Than the National Rate
310111,Death rate for stroke patients,9.8,Better Than the National Rate
310112,Death rate for stroke patients,11.9,No Different Than the National Rate
310113,Death rate for stroke patients,13,No Different Than the National Rate
310115,Death rate for stroke patients,14.1,No Different Than the National Rate
310118,Death rate for stroke patients,Not Available,Number of Cases Too Small
310119,Death rate for stroke patients,15.9,No Different Than the National Rate
310130,Death rate for stroke patients,11.2,No Different Than the National Rate
313300,Death rate for stroke patients,Not Available,Not Available
313302,Death rate for stroke patients,Not Available,Not Available
320001,Death rate for stroke patients,13.8,No Different Than the National Rate
320002,Death rate for stroke patients,12.8,No Different Than the National Rate
320004,Death rate for stroke patients,13.7,No Different Than the National Rate
320005,Death rate for stroke patients,15.8,No Different Than the National Rate
320006,Death rate for stroke patients,12.1,No Different Than the National Rate
320009,Death rate for stroke patients,12.8,No Different Than the National Rate
320011,Death rate for stroke patients,Not Available,Number of Cases Too Small
320017,Death rate for stroke patients,Not Available,Number of Cases Too Small
320018,Death rate for stroke patients,14.4,No Different Than the National Rate
320021,Death rate for stroke patients,17.6,Worse Than the National Rate
320022,Death rate for stroke patients,15.3,No Different Than the National Rate
320030,Death rate for stroke patients,Not Available,Number of Cases Too Small
320033,Death rate for stroke patients,Not Available,Number of Cases Too Small
320057,Death rate for stroke patients,Not Available,Not Available
320059,Death rate for stroke patients,Not Available,Number of Cases Too Small
32005F,Death rate for stroke patients,Not Available,Not Available
320060,Death rate for stroke patients,Not Available,Not Available
320061,Death rate for stroke patients,Not Available,Number of Cases Too Small
320062,Death rate for stroke patients,Not Available,Not Available
320063,Death rate for stroke patients,Not Available,Number of Cases Too Small
320065,Death rate for stroke patients,Not Available,Number of Cases Too Small
320074,Death rate for stroke patients,Not Available,Number of Cases Too Small
320084,Death rate for stroke patients,Not Available,Number of Cases Too Small
320085,Death rate for stroke patients,14.5,No Different Than the National Rate
320086,Death rate for stroke patients,Not Available,Number of Cases Too Small
320090,Death rate for stroke patients,Not Available,Number of Cases Too Small
320091,Death rate for stroke patients,Not Available,Number of Cases Too Small
321300,Death rate for stroke patients,Not Available,Number of Cases Too Small
321301,Death rate for stroke patients,Not Available,Number of Cases Too Small
321302,Death rate for stroke patients,Not Available,Number of Cases Too Small
321304,Death rate for stroke patients,Not Available,Not Available
321305,Death rate for stroke patients,Not Available,Number of Cases Too Small
321306,Death rate for stroke patients,Not Available,Number of Cases Too Small
321307,Death rate for stroke patients,Not Available,Number of Cases Too Small
321308,Death rate for stroke patients,Not Available,Number of Cases Too Small
321309,Death rate for stroke patients,Not Available,Number of Cases Too Small
321310,Death rate for stroke patients,19.5,No Different Than the National Rate
321311,Death rate for stroke patients,Not Available,Number of Cases Too Small
321312,Death rate for stroke patients,Not Available,Not Available
321313,Death rate for stroke patients,Not Available,Not Available
330005,Death rate for stroke patients,14.8,No Different Than the National Rate
330006,Death rate for stroke patients,Not Available,Number of Cases Too Small
330009,Death rate for stroke patients,11.3,No Different Than the National Rate
330011,Death rate for stroke patients,14.1,No Different Than the National Rate
330013,Death rate for stroke patients,15.7,Worse Than the National Rate
330014,Death rate for stroke patients,13.1,No Different Than the National Rate
330019,Death rate for stroke patients,13.8,No Different Than the National Rate
330023,Death rate for stroke patients,12.1,No Different Than the National Rate
330024,Death rate for stroke patients,10.9,Better Than the National Rate
330027,Death rate for stroke patients,11.8,No Different Than the National Rate
330028,Death rate for stroke patients,11.6,No Different Than the National Rate
330030,Death rate for stroke patients,12.2,No Different Than the National Rate
330033,Death rate for stroke patients,Not Available,Number of Cases Too Small
330043,Death rate for stroke patients,11.7,No Different Than the National Rate
330044,Death rate for stroke patients,14,No Different Than the National Rate
330045,Death rate for stroke patients,9.6,Better Than the National Rate
330046,Death rate for stroke patients,10.8,No Different Than the National Rate
330047,Death rate for stroke patients,12.3,No Different Than the National Rate
330049,Death rate for stroke patients,11.8,No Different Than the National Rate
330055,Death rate for stroke patients,11.5,No Different Than the National Rate
330056,Death rate for stroke patients,11.8,No Different Than the National Rate
330057,Death rate for stroke patients,11.9,No Different Than the National Rate
330058,Death rate for stroke patients,12.1,No Different Than the National Rate
330059,Death rate for stroke patients,11.9,No Different Than the National Rate
330065,Death rate for stroke patients,Not Available,Number of Cases Too Small
330073,Death rate for stroke patients,Not Available,Number of Cases Too Small
330074,Death rate for stroke patients,12.1,No Different Than the National Rate
330078,Death rate for stroke patients,15,No Different Than the National Rate
330079,Death rate for stroke patients,16.3,No Different Than the National Rate
330080,Death rate for stroke patients,12.3,No Different Than the National Rate
330085,Death rate for stroke patients,15.4,No Different Than the National Rate
330086,Death rate for stroke patients,Not Available,Number of Cases Too Small
330090,Death rate for stroke patients,13,No Different Than the National Rate
330094,Death rate for stroke patients,12.3,No Different Than the National Rate
330096,Death rate for stroke patients,Not Available,Number of Cases Too Small
33009F,Death rate for stroke patients,Not Available,Not Available
330100,Death rate for stroke patients,Not Available,Not Available
330101,Death rate for stroke patients,10.3,Better Than the National Rate
330102,Death rate for stroke patients,13.2,No Different Than the National Rate
330103,Death rate for stroke patients,13.7,No Different Than the National Rate
330104,Death rate for stroke patients,12.9,No Different Than the National Rate
330106,Death rate for stroke patients,10.7,Better Than the National Rate
330107,Death rate for stroke patients,13.7,No Different Than the National Rate
330111,Death rate for stroke patients,Not Available,Number of Cases Too Small
330115,Death rate for stroke patients,Not Available,Number of Cases Too Small
330119,Death rate for stroke patients,9.6,Better Than the National Rate
33011F,Death rate for stroke patients,Not Available,Not Available
330125,Death rate for stroke patients,13.6,No Different Than the National Rate
330126,Death rate for stroke patients,12.9,No Different Than the National Rate
330127,Death rate for stroke patients,12.5,No Different Than the National Rate
330128,Death rate for stroke patients,15.3,No Different Than the National Rate
33012F,Death rate for stroke patients,Not Available,Not Available
330135,Death rate for stroke patients,Not Available,Number of Cases Too Small
330136,Death rate for stroke patients,13.3,No Different Than the National Rate
330140,Death rate for stroke patients,12.5,No Different Than the National Rate
330141,Death rate for stroke patients,12.1,No Different Than the National Rate
330144,Death rate for stroke patients,Not Available,Number of Cases Too Small
330151,Death rate for stroke patients,Not Available,Number of Cases Too Small
330153,Death rate for stroke patients,13.1,No Different Than the National Rate
330157,Death rate for stroke patients,17.3,No Different Than the National Rate
330158,Death rate for stroke patients,13.5,No Different Than the National Rate
33015F,Death rate for stroke patients,Not Available,Not Available
330160,Death rate for stroke patients,10.6,Better Than the National Rate
330162,Death rate for stroke patients,10.7,No Different Than the National Rate
330164,Death rate for stroke patients,13,No Different Than the National Rate
330166,Death rate for stroke patients,Not Available,Not Available
330169,Death rate for stroke patients,9.6,Better Than the National Rate
33016F,Death rate for stroke patients,Not Available,Not Available
330175,Death rate for stroke patients,12.1,No Different Than the National Rate
33017F,Death rate for stroke patients,Not Available,Not Available
330180,Death rate for stroke patients,12.6,No Different Than the National Rate
330181,Death rate for stroke patients,11.4,No Different Than the National Rate
330182,Death rate for stroke patients,8.7,Better Than the National Rate
330184,Death rate for stroke patients,11.7,No Different Than the National Rate
330185,Death rate for stroke patients,11.9,No Different Than the National Rate
330188,Death rate for stroke patients,12.4,No Different Than the National Rate
330191,Death rate for stroke patients,10.6,No Different Than the National Rate
330193,Death rate for stroke patients,14,No Different Than the National Rate
330194,Death rate for stroke patients,9.7,Better Than the National Rate
330195,Death rate for stroke patients,9.1,Better Than the National Rate
330196,Death rate for stroke patients,10.5,No Different Than the National Rate
330197,Death rate for stroke patients,13.9,No Different Than the National Rate
330198,Death rate for stroke patients,11.8,No Different Than the National Rate
330199,Death rate for stroke patients,Not Available,Number of Cases Too Small
33019F,Death rate for stroke patients,Not Available,Not Available
330202,Death rate for stroke patients,11.3,No Different Than the National Rate
330203,Death rate for stroke patients,11.6,No Different Than the National Rate
330204,Death rate for stroke patients,15.1,No Different Than the National Rate
330205,Death rate for stroke patients,Not Available,Number of Cases Too Small
330208,Death rate for stroke patients,14.5,No Different Than the National Rate
33020F,Death rate for stroke patients,Not Available,Not Available
330211,Death rate for stroke patients,Not Available,Number of Cases Too Small
330214,Death rate for stroke patients,8.1,Better Than the National Rate
330215,Death rate for stroke patients,13.4,No Different Than the National Rate
330218,Death rate for stroke patients,Not Available,Number of Cases Too Small
330219,Death rate for stroke patients,Not Available,Number of Cases Too Small
330221,Death rate for stroke patients,11.7,No Different Than the National Rate
330222,Death rate for stroke patients,13.6,No Different Than the National Rate
330224,Death rate for stroke patients,13.4,No Different Than the National Rate
330226,Death rate for stroke patients,12.7,No Different Than the National Rate
330229,Death rate for stroke patients,Not Available,Number of Cases Too Small
330231,Death rate for stroke patients,Not Available,Number of Cases Too Small
330233,Death rate for stroke patients,14.1,No Different Than the National Rate
330234,Death rate for stroke patients,13.4,No Different Than the National Rate
330235,Death rate for stroke patients,14.7,No Different Than the National Rate
330238,Death rate for stroke patients,Not Available,Number of Cases Too Small
330239,Death rate for stroke patients,15.9,No Different Than the National Rate
330240,Death rate for stroke patients,11.6,No Different Than the National Rate
330241,Death rate for stroke patients,15.8,No Different Than the National Rate
330246,Death rate for stroke patients,13.8,No Different Than the National Rate
33024F,Death rate for stroke patients,Not Available,Not Available
330250,Death rate for stroke patients,11.1,No Different Than the National Rate
330259,Death rate for stroke patients,11.5,No Different Than the National Rate
33025F,Death rate for stroke patients,Not Available,Not Available
330261,Death rate for stroke patients,12,No Different Than the National Rate
330264,Death rate for stroke patients,13.4,No Different Than the National Rate
330265,Death rate for stroke patients,Not Available,Number of Cases Too Small
330267,Death rate for stroke patients,10.3,No Different Than the National Rate
330270,Death rate for stroke patients,Not Available,Not Available
330273,Death rate for stroke patients,14.3,No Different Than the National Rate
330276,Death rate for stroke patients,Not Available,Number of Cases Too Small
330277,Death rate for stroke patients,12.8,No Different Than the National Rate
330279,Death rate for stroke patients,14.7,No Different Than the National Rate
330285,Death rate for stroke patients,13,No Different Than the National Rate
330286,Death rate for stroke patients,12.5,No Different Than the National Rate
330304,Death rate for stroke patients,10.1,Better Than the National Rate
330307,Death rate for stroke patients,14.9,No Different Than the National Rate
330331,Death rate for stroke patients,11.5,No Different Than the National Rate
330332,Death rate for stroke patients,12.2,No Different Than the National Rate
330350,Death rate for stroke patients,11.8,No Different Than the National Rate
330386,Death rate for stroke patients,13.5,No Different Than the National Rate
330393,Death rate for stroke patients,11.5,Better Than the National Rate
330394,Death rate for stroke patients,15.1,No Different Than the National Rate
330395,Death rate for stroke patients,17.6,No Different Than the National Rate
330396,Death rate for stroke patients,Not Available,Number of Cases Too Small
330399,Death rate for stroke patients,14,No Different Than the National Rate
330401,Death rate for stroke patients,9.5,Better Than the National Rate
330405,Death rate for stroke patients,Not Available,Not Available
330406,Death rate for stroke patients,Not Available,Not Available
330411,Death rate for stroke patients,Not Available,Not Available
331301,Death rate for stroke patients,Not Available,Not Available
331302,Death rate for stroke patients,Not Available,Number of Cases Too Small
331303,Death rate for stroke patients,Not Available,Not Available
331304,Death rate for stroke patients,Not Available,Number of Cases Too Small
331305,Death rate for stroke patients,Not Available,Number of Cases Too Small
331309,Death rate for stroke patients,Not Available,Not Available
331310,Death rate for stroke patients,Not Available,Not Available
331311,Death rate for stroke patients,Not Available,Number of Cases Too Small
331312,Death rate for stroke patients,Not Available,Number of Cases Too Small
331313,Death rate for stroke patients,Not Available,Number of Cases Too Small
331314,Death rate for stroke patients,Not Available,Number of Cases Too Small
331315,Death rate for stroke patients,Not Available,Number of Cases Too Small
331316,Death rate for stroke patients,Not Available,Number of Cases Too Small
331317,Death rate for stroke patients,Not Available,Not Available
331318,Death rate for stroke patients,Not Available,Not Available
331319,Death rate for stroke patients,Not Available,Not Available
331320,Death rate for stroke patients,Not Available,Number of Cases Too Small
331321,Death rate for stroke patients,Not Available,Number of Cases Too Small
331322,Death rate for stroke patients,Not Available,Not Available
331323,Death rate for stroke patients,Not Available,Not Available
333301,Death rate for stroke patients,Not Available,Not Available
340001,Death rate for stroke patients,12.1,No Different Than the National Rate
340002,Death rate for stroke patients,13.5,No Different Than the National Rate
340003,Death rate for stroke patients,14.2,No Different Than the National Rate
340004,Death rate for stroke patients,15.4,No Different Than the National Rate
340008,Death rate for stroke patients,13.5,No Different Than the National Rate
340010,Death rate for stroke patients,12.5,No Different Than the National Rate
340013,Death rate for stroke patients,14.7,No Different Than the National Rate
340014,Death rate for stroke patients,13.2,No Different Than the National Rate
340015,Death rate for stroke patients,16.7,No Different Than the National Rate
340016,Death rate for stroke patients,12.8,No Different Than the National Rate
340017,Death rate for stroke patients,10.5,No Different Than the National Rate
340020,Death rate for stroke patients,14.6,No Different Than the National Rate
340021,Death rate for stroke patients,16,No Different Than the National Rate
340023,Death rate for stroke patients,12.3,No Different Than the National Rate
340024,Death rate for stroke patients,14.7,No Different Than the National Rate
340027,Death rate for stroke patients,11.9,No Different Than the National Rate
340028,Death rate for stroke patients,11.6,No Different Than the National Rate
340030,Death rate for stroke patients,13.4,No Different Than the National Rate
340032,Death rate for stroke patients,11.7,No Different Than the National Rate
340039,Death rate for stroke patients,11.9,No Different Than the National Rate
340040,Death rate for stroke patients,13.7,No Different Than the National Rate
340041,Death rate for stroke patients,13.2,No Different Than the National Rate
340042,Death rate for stroke patients,13.6,No Different Than the National Rate
340047,Death rate for stroke patients,13,No Different Than the National Rate
340049,Death rate for stroke patients,Not Available,Not Available
340050,Death rate for stroke patients,14.1,No Different Than the National Rate
340051,Death rate for stroke patients,13.2,No Different Than the National Rate
340053,Death rate for stroke patients,14.6,No Different Than the National Rate
340060,Death rate for stroke patients,12.8,No Different Than the National Rate
340061,Death rate for stroke patients,13.3,No Different Than the National Rate
340064,Death rate for stroke patients,13.8,No Different Than the National Rate
340068,Death rate for stroke patients,11.7,No Different Than the National Rate
340069,Death rate for stroke patients,13.5,No Different Than the National Rate
340070,Death rate for stroke patients,13.5,No Different Than the National Rate
340071,Death rate for stroke patients,12.6,No Different Than the National Rate
340075,Death rate for stroke patients,14.6,No Different Than the National Rate
340084,Death rate for stroke patients,Not Available,Number of Cases Too Small
340085,Death rate for stroke patients,16.8,No Different Than the National Rate
340087,Death rate for stroke patients,12.9,No Different Than the National Rate
340090,Death rate for stroke patients,12.2,No Different Than the National Rate
340091,Death rate for stroke patients,13.7,No Different Than the National Rate
340096,Death rate for stroke patients,15.2,No Different Than the National Rate
340097,Death rate for stroke patients,15.4,No Different Than the National Rate
340098,Death rate for stroke patients,9.6,Better Than the National Rate
340099,Death rate for stroke patients,13.4,No Different Than the National Rate
340107,Death rate for stroke patients,13.9,No Different Than the National Rate
340109,Death rate for stroke patients,14.3,No Different Than the National Rate
340113,Death rate for stroke patients,13.2,No Different Than the National Rate
340114,Death rate for stroke patients,11.3,No Different Than the National Rate
340115,Death rate for stroke patients,15.3,No Different Than the National Rate
340116,Death rate for stroke patients,13.9,No Different Than the National Rate
340119,Death rate for stroke patients,14.5,No Different Than the National Rate
34011F,Death rate for stroke patients,Not Available,Not Available
340120,Death rate for stroke patients,13.7,No Different Than the National Rate
340123,Death rate for stroke patients,12.7,No Different Than the National Rate
340126,Death rate for stroke patients,14.3,No Different Than the National Rate
340127,Death rate for stroke patients,15.5,No Different Than the National Rate
340129,Death rate for stroke patients,17.1,No Different Than the National Rate
34012F,Death rate for stroke patients,Not Available,Not Available
340130,Death rate for stroke patients,13.1,No Different Than the National Rate
340131,Death rate for stroke patients,12.2,No Different Than the National Rate
340132,Death rate for stroke patients,14.1,No Different Than the National Rate
34013F,Death rate for stroke patients,Not Available,Not Available
340141,Death rate for stroke patients,13,No Different Than the National Rate
340142,Death rate for stroke patients,14.4,No Different Than the National Rate
340143,Death rate for stroke patients,14.3,No Different Than the National Rate
340145,Death rate for stroke patients,13.3,No Different Than the National Rate
340147,Death rate for stroke patients,11.4,No Different Than the National Rate
340148,Death rate for stroke patients,Not Available,Not Available
34014F,Death rate for stroke patients,Not Available,Not Available
340151,Death rate for stroke patients,16.1,No Different Than the National Rate
340155,Death rate for stroke patients,11.2,No Different Than the National Rate
340156,Death rate for stroke patients,Not Available,Not Available
340158,Death rate for stroke patients,13.9,No Different Than the National Rate
340159,Death rate for stroke patients,Not Available,Number of Cases Too Small
340166,Death rate for stroke patients,11.9,No Different Than the National Rate
340168,Death rate for stroke patients,Not Available,Not Available
340171,Death rate for stroke patients,11.7,No Different Than the National Rate
340173,Death rate for stroke patients,12.2,No Different Than the National Rate
34017F,Death rate for stroke patients,Not Available,Not Available
340183,Death rate for stroke patients,14.9,No Different Than the National Rate
340184,Death rate for stroke patients,14,No Different Than the National Rate
340187,Death rate for stroke patients,Not Available,Number of Cases Too Small
340188,Death rate for stroke patients,Not Available,Number of Cases Too Small
340190,Death rate for stroke patients,14.1,No Different Than the National Rate
340195,Death rate for stroke patients,Not Available,Number of Cases Too Small
34036F,Death rate for stroke patients,Not Available,Not Available
341303,Death rate for stroke patients,Not Available,Number of Cases Too Small
341304,Death rate for stroke patients,13.7,No Different Than the National Rate
341305,Death rate for stroke patients,Not Available,Not Available
341307,Death rate for stroke patients,Not Available,Number of Cases Too Small
341311,Death rate for stroke patients,Not Available,Number of Cases Too Small
341314,Death rate for stroke patients,Not Available,Not Available
341315,Death rate for stroke patients,Not Available,Number of Cases Too Small
341316,Death rate for stroke patients,Not Available,Number of Cases Too Small
341317,Death rate for stroke patients,Not Available,Number of Cases Too Small
341318,Death rate for stroke patients,12.5,No Different Than the National Rate
341319,Death rate for stroke patients,Not Available,Number of Cases Too Small
341320,Death rate for stroke patients,Not Available,Number of Cases Too Small
341322,Death rate for stroke patients,Not Available,Number of Cases Too Small
341323,Death rate for stroke patients,Not Available,Number of Cases Too Small
341324,Death rate for stroke patients,12.3,No Different Than the National Rate
341325,Death rate for stroke patients,14.1,No Different Than the National Rate
341326,Death rate for stroke patients,12,No Different Than the National Rate
341327,Death rate for stroke patients,Not Available,Number of Cases Too Small
341328,Death rate for stroke patients,14.2,No Different Than the National Rate
341329,Death rate for stroke patients,13.9,No Different Than the National Rate
350002,Death rate for stroke patients,14.5,No Different Than the National Rate
350006,Death rate for stroke patients,13.2,No Different Than the National Rate
350011,Death rate for stroke patients,13,No Different Than the National Rate
350015,Death rate for stroke patients,12.3,No Different Than the National Rate
350019,Death rate for stroke patients,11.8,No Different Than the National Rate
35002F,Death rate for stroke patients,Not Available,Not Available
350063,Death rate for stroke patients,Not Available,Not Available
350070,Death rate for stroke patients,13.3,No Different Than the National Rate
351300,Death rate for stroke patients,Not Available,Number of Cases Too Small
351301,Death rate for stroke patients,Not Available,Not Available
351302,Death rate for stroke patients,Not Available,Number of Cases Too Small
351303,Death rate for stroke patients,Not Available,Not Available
351304,Death rate for stroke patients,Not Available,Number of Cases Too Small
351305,Death rate for stroke patients,Not Available,Not Available
351306,Death rate for stroke patients,Not Available,Not Available
351307,Death rate for stroke patients,Not Available,Number of Cases Too Small
351308,Death rate for stroke patients,Not Available,Not Available
351309,Death rate for stroke patients,Not Available,Number of Cases Too Small
351310,Death rate for stroke patients,Not Available,Number of Cases Too Small
351311,Death rate for stroke patients,Not Available,Not Available
351312,Death rate for stroke patients,Not Available,Number of Cases Too Small
351313,Death rate for stroke patients,Not Available,Number of Cases Too Small
351314,Death rate for stroke patients,Not Available,Number of Cases Too Small
351315,Death rate for stroke patients,Not Available,Number of Cases Too Small
351316,Death rate for stroke patients,Not Available,Not Available
351318,Death rate for stroke patients,Not Available,Number of Cases Too Small
351319,Death rate for stroke patients,Not Available,Number of Cases Too Small
351320,Death rate for stroke patients,Not Available,Not Available
351321,Death rate for stroke patients,Not Available,Number of Cases Too Small
351322,Death rate for stroke patients,Not Available,Number of Cases Too Small
351323,Death rate for stroke patients,Not Available,Number of Cases Too Small
351324,Death rate for stroke patients,Not Available,Number of Cases Too Small
351325,Death rate for stroke patients,Not Available,Number of Cases Too Small
351326,Death rate for stroke patients,Not Available,Number of Cases Too Small
351327,Death rate for stroke patients,Not Available,Number of Cases Too Small
351328,Death rate for stroke patients,Not Available,Number of Cases Too Small
351329,Death rate for stroke patients,Not Available,Number of Cases Too Small
351330,Death rate for stroke patients,Not Available,Number of Cases Too Small
351331,Death rate for stroke patients,Not Available,Number of Cases Too Small
351332,Death rate for stroke patients,Not Available,Not Available
351333,Death rate for stroke patients,Not Available,Number of Cases Too Small
351334,Death rate for stroke patients,Not Available,Number of Cases Too Small
351335,Death rate for stroke patients,Not Available,Number of Cases Too Small
351336,Death rate for stroke patients,Not Available,Number of Cases Too Small
351364,Death rate for stroke patients,Not Available,Not Available
360001,Death rate for stroke patients,12.5,No Different Than the National Rate
360002,Death rate for stroke patients,12.9,No Different Than the National Rate
360003,Death rate for stroke patients,12.3,No Different Than the National Rate
360006,Death rate for stroke patients,13.2,No Different Than the National Rate
360008,Death rate for stroke patients,17.9,No Different Than the National Rate
360009,Death rate for stroke patients,12.3,No Different Than the National Rate
360010,Death rate for stroke patients,11.9,No Different Than the National Rate
360011,Death rate for stroke patients,10.4,No Different Than the National Rate
360012,Death rate for stroke patients,13.2,No Different Than the National Rate
360013,Death rate for stroke patients,15.7,No Different Than the National Rate
360014,Death rate for stroke patients,14.2,No Different Than the National Rate
360016,Death rate for stroke patients,14.1,No Different Than the National Rate
360017,Death rate for stroke patients,14.2,No Different Than the National Rate
36001F,Death rate for stroke patients,Not Available,Not Available
360020,Death rate for stroke patients,12.7,No Different Than the National Rate
360025,Death rate for stroke patients,11.9,No Different Than the National Rate
360026,Death rate for stroke patients,Not Available,Number of Cases Too Small
360027,Death rate for stroke patients,12.2,No Different Than the National Rate
360029,Death rate for stroke patients,Not Available,Number of Cases Too Small
360032,Death rate for stroke patients,13.3,No Different Than the National Rate
360035,Death rate for stroke patients,13.3,No Different Than the National Rate
360036,Death rate for stroke patients,13.2,No Different Than the National Rate
360039,Death rate for stroke patients,11.4,No Different Than the National Rate
36003F,Death rate for stroke patients,Not Available,Not Available
360040,Death rate for stroke patients,Not Available,Number of Cases Too Small
360041,Death rate for stroke patients,13.6,No Different Than the National Rate
360046,Death rate for stroke patients,Not Available,Number of Cases Too Small
360048,Death rate for stroke patients,13,No Different Than the National Rate
360051,Death rate for stroke patients,14.1,No Different Than the National Rate
360054,Death rate for stroke patients,13.6,No Different Than the National Rate
360055,Death rate for stroke patients,13.1,No Different Than the National Rate
360056,Death rate for stroke patients,12,No Different Than the National Rate
360058,Death rate for stroke patients,15.1,No Different Than the National Rate
360059,Death rate for stroke patients,14.4,No Different Than the National Rate
360064,Death rate for stroke patients,12.9,No Different Than the National Rate
360065,Death rate for stroke patients,14.9,No Different Than the National Rate
360066,Death rate for stroke patients,14.6,No Different Than the National Rate
360068,Death rate for stroke patients,10.7,Better Than the National Rate
36006F,Death rate for stroke patients,Not Available,Not Available
360070,Death rate for stroke patients,11.8,No Different Than the National Rate
360071,Death rate for stroke patients,Not Available,Number of Cases Too Small
360072,Death rate for stroke patients,14.9,No Different Than the National Rate
360075,Death rate for stroke patients,12.5,No Different Than the National Rate
360076,Death rate for stroke patients,12.2,No Different Than the National Rate
360077,Death rate for stroke patients,13.3,No Different Than the National Rate
360078,Death rate for stroke patients,11.3,No Different Than the National Rate
360079,Death rate for stroke patients,15.9,No Different Than the National Rate
36007F,Death rate for stroke patients,Not Available,Not Available
360080,Death rate for stroke patients,Not Available,Number of Cases Too Small
360082,Death rate for stroke patients,11.4,No Different Than the National Rate
360084,Death rate for stroke patients,14,No Different Than the National Rate
360085,Death rate for stroke patients,11.1,Better Than the National Rate
360086,Death rate for stroke patients,11.7,No Different Than the National Rate
360087,Death rate for stroke patients,Not Available,Number of Cases Too Small
360089,Death rate for stroke patients,Not Available,Number of Cases Too Small
36008F,Death rate for stroke patients,Not Available,Not Available
360091,Death rate for stroke patients,12.3,No Different Than the National Rate
360092,Death rate for stroke patients,Not Available,Number of Cases Too Small
360095,Death rate for stroke patients,18,No Different Than the National Rate
360096,Death rate for stroke patients,12.6,No Different Than the National Rate
360098,Death rate for stroke patients,13.3,No Different Than the National Rate
360107,Death rate for stroke patients,Not Available,Number of Cases Too Small
360109,Death rate for stroke patients,Not Available,Number of Cases Too Small
360112,Death rate for stroke patients,11.7,No Different Than the National Rate
360118,Death rate for stroke patients,12.3,No Different Than the National Rate
360121,Death rate for stroke patients,Not Available,Number of Cases Too Small
360123,Death rate for stroke patients,13.4,No Different Than the National Rate
360125,Death rate for stroke patients,12.8,No Different Than the National Rate
360131,Death rate for stroke patients,Not Available,Number of Cases Too Small
360132,Death rate for stroke patients,13.2,No Different Than the National Rate
360133,Death rate for stroke patients,12.7,No Different Than the National Rate
360134,Death rate for stroke patients,13.6,No Different Than the National Rate
360137,Death rate for stroke patients,15.9,No Different Than the National Rate
360143,Death rate for stroke patients,11.2,No Different Than the National Rate
360144,Death rate for stroke patients,12.1,No Different Than the National Rate
360145,Death rate for stroke patients,12.3,No Different Than the National Rate
360147,Death rate for stroke patients,15.7,No Different Than the National Rate
360148,Death rate for stroke patients,Not Available,Number of Cases Too Small
360150,Death rate for stroke patients,13.9,No Different Than the National Rate
360152,Death rate for stroke patients,14,No Different Than the National Rate
360155,Death rate for stroke patients,14.4,No Different Than the National Rate
360156,Death rate for stroke patients,11.8,No Different Than the National Rate
360159,Death rate for stroke patients,11.9,No Different Than the National Rate
360161,Death rate for stroke patients,13.4,No Different Than the National Rate
360163,Death rate for stroke patients,11.4,No Different Than the National Rate
360170,Death rate for stroke patients,Not Available,Number of Cases Too Small
360172,Death rate for stroke patients,14.2,No Different Than the National Rate
360174,Death rate for stroke patients,10.5,No Different Than the National Rate
360175,Death rate for stroke patients,14.5,No Different Than the National Rate
360179,Death rate for stroke patients,12.8,No Different Than the National Rate
360180,Death rate for stroke patients,10.1,Better Than the National Rate
360185,Death rate for stroke patients,13.4,No Different Than the National Rate
360189,Death rate for stroke patients,Not Available,Number of Cases Too Small
360197,Death rate for stroke patients,Not Available,Number of Cases Too Small
360203,Death rate for stroke patients,Not Available,Number of Cases Too Small
360210,Death rate for stroke patients,Not Available,Number of Cases Too Small
360211,Death rate for stroke patients,14.6,No Different Than the National Rate
360218,Death rate for stroke patients,13.6,No Different Than the National Rate
360230,Death rate for stroke patients,11.3,No Different Than the National Rate
360234,Death rate for stroke patients,12.6,No Different Than the National Rate
360236,Death rate for stroke patients,Not Available,Number of Cases Too Small
360239,Death rate for stroke patients,12.6,No Different Than the National Rate
360245,Death rate for stroke patients,Not Available,Not Available
360259,Death rate for stroke patients,Not Available,Number of Cases Too Small
360263,Death rate for stroke patients,Not Available,Not Available
360266,Death rate for stroke patients,Not Available,Not Available
360270,Death rate for stroke patients,Not Available,Number of Cases Too Small
360276,Death rate for stroke patients,12.6,No Different Than the National Rate
360348,Death rate for stroke patients,12.1,No Different Than the National Rate
360351,Death rate for stroke patients,Not Available,Not Available
360352,Death rate for stroke patients,Not Available,Not Available
360354,Death rate for stroke patients,10,No Different Than the National Rate
360355,Death rate for stroke patients,Not Available,Not Available
360358,Death rate for stroke patients,Not Available,Not Available
360359,Death rate for stroke patients,13.1,No Different Than the National Rate
360360,Death rate for stroke patients,13.9,No Different Than the National Rate
360361,Death rate for stroke patients,Not Available,Not Available
360364,Death rate for stroke patients,11.7,No Different Than the National Rate
360365,Death rate for stroke patients,13.1,No Different Than the National Rate
360367,Death rate for stroke patients,Not Available,Not Available
360368,Death rate for stroke patients,11.8,No Different Than the National Rate
360374,Death rate for stroke patients,Not Available,Number of Cases Too Small
361300,Death rate for stroke patients,Not Available,Number of Cases Too Small
361302,Death rate for stroke patients,Not Available,Not Available
361303,Death rate for stroke patients,Not Available,Not Available
361304,Death rate for stroke patients,Not Available,Number of Cases Too Small
361306,Death rate for stroke patients,Not Available,Number of Cases Too Small
361307,Death rate for stroke patients,14.1,No Different Than the National Rate
361308,Death rate for stroke patients,Not Available,Number of Cases Too Small
361309,Death rate for stroke patients,Not Available,Number of Cases Too Small
361310,Death rate for stroke patients,Not Available,Number of Cases Too Small
361311,Death rate for stroke patients,Not Available,Number of Cases Too Small
361312,Death rate for stroke patients,Not Available,Number of Cases Too Small
361313,Death rate for stroke patients,Not Available,Not Available
361314,Death rate for stroke patients,Not Available,Number of Cases Too Small
361315,Death rate for stroke patients,Not Available,Number of Cases Too Small
361316,Death rate for stroke patients,Not Available,Number of Cases Too Small
361318,Death rate for stroke patients,Not Available,Number of Cases Too Small
361319,Death rate for stroke patients,Not Available,Number of Cases Too Small
361320,Death rate for stroke patients,Not Available,Not Available
361321,Death rate for stroke patients,Not Available,Number of Cases Too Small
361322,Death rate for stroke patients,Not Available,Number of Cases Too Small
361323,Death rate for stroke patients,Not Available,Number of Cases Too Small
361324,Death rate for stroke patients,Not Available,Number of Cases Too Small
361325,Death rate for stroke patients,Not Available,Number of Cases Too Small
361326,Death rate for stroke patients,Not Available,Number of Cases Too Small
361327,Death rate for stroke patients,Not Available,Not Available
361328,Death rate for stroke patients,Not Available,Number of Cases Too Small
361329,Death rate for stroke patients,Not Available,Number of Cases Too Small
361330,Death rate for stroke patients,Not Available,Number of Cases Too Small
361331,Death rate for stroke patients,Not Available,Number of Cases Too Small
361332,Death rate for stroke patients,Not Available,Number of Cases Too Small
361333,Death rate for stroke patients,Not Available,Not Available
361334,Death rate for stroke patients,Not Available,Number of Cases Too Small
363300,Death rate for stroke patients,Not Available,Not Available
363302,Death rate for stroke patients,Not Available,Not Available
363303,Death rate for stroke patients,Not Available,Not Available
363304,Death rate for stroke patients,Not Available,Not Available
363305,Death rate for stroke patients,Not Available,Not Available
363306,Death rate for stroke patients,Not Available,Not Available
363308,Death rate for stroke patients,Not Available,Not Available
363309,Death rate for stroke patients,Not Available,Not Available
370001,Death rate for stroke patients,16.3,Worse Than the National Rate
370002,Death rate for stroke patients,Not Available,Number of Cases Too Small
370004,Death rate for stroke patients,Not Available,Number of Cases Too Small
370006,Death rate for stroke patients,13.6,No Different Than the National Rate
370008,Death rate for stroke patients,15.1,No Different Than the National Rate
370013,Death rate for stroke patients,12.3,No Different Than the National Rate
370014,Death rate for stroke patients,12.9,No Different Than the National Rate
370015,Death rate for stroke patients,Not Available,Number of Cases Too Small
370016,Death rate for stroke patients,14.4,No Different Than the National Rate
370018,Death rate for stroke patients,15.8,No Different Than the National Rate
370019,Death rate for stroke patients,Not Available,Number of Cases Too Small
370020,Death rate for stroke patients,12.6,No Different Than the National Rate
370022,Death rate for stroke patients,12.5,No Different Than the National Rate
370023,Death rate for stroke patients,13.3,No Different Than the National Rate
370025,Death rate for stroke patients,10.8,No Different Than the National Rate
370026,Death rate for stroke patients,16.1,No Different Than the National Rate
370028,Death rate for stroke patients,15,No Different Than the National Rate
370034,Death rate for stroke patients,12.7,No Different Than the National Rate
370037,Death rate for stroke patients,11.1,No Different Than the National Rate
370039,Death rate for stroke patients,Not Available,Number of Cases Too Small
370047,Death rate for stroke patients,11,No Different Than the National Rate
370049,Death rate for stroke patients,15.1,No Different Than the National Rate
370054,Death rate for stroke patients,Not Available,Number of Cases Too Small
370056,Death rate for stroke patients,13.2,No Different Than the National Rate
370057,Death rate for stroke patients,Not Available,Number of Cases Too Small
370078,Death rate for stroke patients,13.1,No Different Than the National Rate
370083,Death rate for stroke patients,Not Available,Number of Cases Too Small
370089,Death rate for stroke patients,12.8,No Different Than the National Rate
370091,Death rate for stroke patients,12.3,No Different Than the National Rate
370093,Death rate for stroke patients,15.9,Worse Than the National Rate
370094,Death rate for stroke patients,11.4,No Different Than the National Rate
370097,Death rate for stroke patients,11.5,No Different Than the National Rate
370099,Death rate for stroke patients,Not Available,Number of Cases Too Small
370100,Death rate for stroke patients,Not Available,Number of Cases Too Small
370106,Death rate for stroke patients,10.3,No Different Than the National Rate
370112,Death rate for stroke patients,Not Available,Number of Cases Too Small
370113,Death rate for stroke patients,13,No Different Than the National Rate
370114,Death rate for stroke patients,14.7,No Different Than the National Rate
37012F,Death rate for stroke patients,Not Available,Not Available
370149,Death rate for stroke patients,13.4,No Different Than the National Rate
37014F,Death rate for stroke patients,Not Available,Not Available
370158,Death rate for stroke patients,Not Available,Number of Cases Too Small
370166,Death rate for stroke patients,Not Available,Number of Cases Too Small
370170,Death rate for stroke patients,Not Available,Not Available
370171,Death rate for stroke patients,12.5,No Different Than the National Rate
370172,Death rate for stroke patients,Not Available,Number of Cases Too Small
370173,Death rate for stroke patients,Not Available,Not Available
370178,Death rate for stroke patients,Not Available,Number of Cases Too Small
370180,Death rate for stroke patients,Not Available,Number of Cases Too Small
370183,Death rate for stroke patients,Not Available,Number of Cases Too Small
370192,Death rate for stroke patients,Not Available,Not Available
370199,Death rate for stroke patients,Not Available,Not Available
370201,Death rate for stroke patients,Not Available,Not Available
370202,Death rate for stroke patients,12.7,No Different Than the National Rate
370203,Death rate for stroke patients,Not Available,Not Available
370206,Death rate for stroke patients,Not Available,Not Available
370210,Death rate for stroke patients,Not Available,Not Available
370211,Death rate for stroke patients,12.6,No Different Than the National Rate
370212,Death rate for stroke patients,Not Available,Not Available
370214,Death rate for stroke patients,Not Available,Not Available
370215,Death rate for stroke patients,Not Available,Number of Cases Too Small
370216,Death rate for stroke patients,Not Available,Not Available
370218,Death rate for stroke patients,11.6,No Different Than the National Rate
370220,Death rate for stroke patients,Not Available,Not Available
370222,Death rate for stroke patients,Not Available,Not Available
370225,Death rate for stroke patients,Not Available,Not Available
370227,Death rate for stroke patients,Not Available,Number of Cases Too Small
370228,Death rate for stroke patients,Not Available,Not Available
370234,Death rate for stroke patients,Not Available,Number of Cases Too Small
370235,Death rate for stroke patients,Not Available,Not Available
370236,Death rate for stroke patients,14.4,No Different Than the National Rate
370237,Death rate for stroke patients,Not Available,Number of Cases Too Small
370240,Death rate for stroke patients,Not Available,Not Available
370243,Death rate for stroke patients,Not Available,Number of Cases Too Small
370244,Death rate for stroke patients,Not Available,Number of Cases Too Small
370245,Death rate for stroke patients,Not Available,Not Available
370246,Death rate for stroke patients,Not Available,Not Available
370247,Death rate for stroke patients,Not Available,Not Available
371300,Death rate for stroke patients,Not Available,Not Available
371301,Death rate for stroke patients,Not Available,Not Available
371302,Death rate for stroke patients,Not Available,Number of Cases Too Small
371303,Death rate for stroke patients,Not Available,Number of Cases Too Small
371304,Death rate for stroke patients,Not Available,Not Available
371305,Death rate for stroke patients,Not Available,Number of Cases Too Small
371306,Death rate for stroke patients,Not Available,Not Available
371307,Death rate for stroke patients,Not Available,Not Available
371309,Death rate for stroke patients,Not Available,Number of Cases Too Small
371310,Death rate for stroke patients,Not Available,Not Available
371311,Death rate for stroke patients,Not Available,Not Available
371312,Death rate for stroke patients,Not Available,Not Available
371313,Death rate for stroke patients,Not Available,Number of Cases Too Small
371314,Death rate for stroke patients,Not Available,Number of Cases Too Small
371316,Death rate for stroke patients,Not Available,Not Available
371317,Death rate for stroke patients,Not Available,Number of Cases Too Small
371318,Death rate for stroke patients,Not Available,Number of Cases Too Small
371319,Death rate for stroke patients,Not Available,Not Available
371320,Death rate for stroke patients,Not Available,Not Available
371321,Death rate for stroke patients,Not Available,Number of Cases Too Small
371322,Death rate for stroke patients,Not Available,Number of Cases Too Small
371323,Death rate for stroke patients,Not Available,Number of Cases Too Small
371325,Death rate for stroke patients,Not Available,Number of Cases Too Small
371326,Death rate for stroke patients,Not Available,Number of Cases Too Small
371327,Death rate for stroke patients,Not Available,Number of Cases Too Small
371328,Death rate for stroke patients,Not Available,Number of Cases Too Small
371329,Death rate for stroke patients,Not Available,Number of Cases Too Small
371330,Death rate for stroke patients,Not Available,Not Available
371331,Death rate for stroke patients,Not Available,Not Available
371332,Death rate for stroke patients,Not Available,Number of Cases Too Small
371333,Death rate for stroke patients,Not Available,Number of Cases Too Small
371334,Death rate for stroke patients,Not Available,Number of Cases Too Small
371335,Death rate for stroke patients,Not Available,Not Available
371336,Death rate for stroke patients,Not Available,Number of Cases Too Small
371337,Death rate for stroke patients,Not Available,Number of Cases Too Small
371338,Death rate for stroke patients,Not Available,Number of Cases Too Small
371340,Death rate for stroke patients,Not Available,Number of Cases Too Small
371341,Death rate for stroke patients,Not Available,Number of Cases Too Small
371342,Death rate for stroke patients,Not Available,Number of Cases Too Small
373300,Death rate for stroke patients,Not Available,Not Available
373303,Death rate for stroke patients,Not Available,Not Available
380001,Death rate for stroke patients,16,No Different Than the National Rate
380002,Death rate for stroke patients,12.7,No Different Than the National Rate
380004,Death rate for stroke patients,12,No Different Than the National Rate
380005,Death rate for stroke patients,Not Available,Number of Cases Too Small
380007,Death rate for stroke patients,15.1,No Different Than the National Rate
380009,Death rate for stroke patients,13.3,No Different Than the National Rate
380014,Death rate for stroke patients,14.4,No Different Than the National Rate
380017,Death rate for stroke patients,13.1,No Different Than the National Rate
380018,Death rate for stroke patients,14.1,No Different Than the National Rate
380020,Death rate for stroke patients,13.7,No Different Than the National Rate
380021,Death rate for stroke patients,11.5,No Different Than the National Rate
380022,Death rate for stroke patients,13.1,No Different Than the National Rate
380025,Death rate for stroke patients,10.9,No Different Than the National Rate
380027,Death rate for stroke patients,22.1,Worse Than the National Rate
380029,Death rate for stroke patients,Not Available,Number of Cases Too Small
380037,Death rate for stroke patients,15.2,No Different Than the National Rate
380038,Death rate for stroke patients,12.2,No Different Than the National Rate
38003F,Death rate for stroke patients,Not Available,Not Available
380047,Death rate for stroke patients,16.6,No Different Than the National Rate
38004F,Death rate for stroke patients,Not Available,Not Available
380050,Death rate for stroke patients,19.3,Worse Than the National Rate
380051,Death rate for stroke patients,13.2,No Different Than the National Rate
380052,Death rate for stroke patients,Not Available,Number of Cases Too Small
380056,Death rate for stroke patients,Not Available,Number of Cases Too Small
380060,Death rate for stroke patients,12.5,No Different Than the National Rate
380061,Death rate for stroke patients,16.2,No Different Than the National Rate
380071,Death rate for stroke patients,15.9,No Different Than the National Rate
380075,Death rate for stroke patients,14.3,No Different Than the National Rate
380082,Death rate for stroke patients,14.4,No Different Than the National Rate
380089,Death rate for stroke patients,13.4,No Different Than the National Rate
380090,Death rate for stroke patients,16.5,No Different Than the National Rate
380091,Death rate for stroke patients,12.3,No Different Than the National Rate
380102,Death rate for stroke patients,14,No Different Than the National Rate
380103,Death rate for stroke patients,Not Available,Number of Cases Too Small
381301,Death rate for stroke patients,Not Available,Not Available
381302,Death rate for stroke patients,12.2,No Different Than the National Rate
381303,Death rate for stroke patients,13.3,No Different Than the National Rate
381304,Death rate for stroke patients,Not Available,Number of Cases Too Small
381305,Death rate for stroke patients,Not Available,Number of Cases Too Small
381306,Death rate for stroke patients,Not Available,Number of Cases Too Small
381307,Death rate for stroke patients,Not Available,Number of Cases Too Small
381308,Death rate for stroke patients,Not Available,Not Available
381309,Death rate for stroke patients,Not Available,Number of Cases Too Small
381310,Death rate for stroke patients,Not Available,Number of Cases Too Small
381311,Death rate for stroke patients,Not Available,Number of Cases Too Small
381312,Death rate for stroke patients,Not Available,Number of Cases Too Small
381313,Death rate for stroke patients,Not Available,Number of Cases Too Small
381314,Death rate for stroke patients,15,No Different Than the National Rate
381315,Death rate for stroke patients,15.5,No Different Than the National Rate
381316,Death rate for stroke patients,12.6,No Different Than the National Rate
381317,Death rate for stroke patients,13.2,No Different Than the National Rate
381318,Death rate for stroke patients,12.7,No Different Than the National Rate
381319,Death rate for stroke patients,14.9,No Different Than the National Rate
381320,Death rate for stroke patients,Not Available,Not Available
381321,Death rate for stroke patients,15.5,No Different Than the National Rate
381322,Death rate for stroke patients,Not Available,Number of Cases Too Small
381323,Death rate for stroke patients,Not Available,Number of Cases Too Small
381324,Death rate for stroke patients,Not Available,Number of Cases Too Small
381325,Death rate for stroke patients,16.5,No Different Than the National Rate
383300,Death rate for stroke patients,Not Available,Not Available
390001,Death rate for stroke patients,13.9,No Different Than the National Rate
390002,Death rate for stroke patients,Not Available,Number of Cases Too Small
390003,Death rate for stroke patients,12.4,No Different Than the National Rate
390004,Death rate for stroke patients,15.1,No Different Than the National Rate
390006,Death rate for stroke patients,13.2,No Different Than the National Rate
390009,Death rate for stroke patients,12.7,No Different Than the National Rate
390012,Death rate for stroke patients,12,No Different Than the National Rate
390013,Death rate for stroke patients,11.7,No Different Than the National Rate
390016,Death rate for stroke patients,15,No Different Than the National Rate
39001F,Death rate for stroke patients,Not Available,Not Available
390025,Death rate for stroke patients,Not Available,Not Available
390026,Death rate for stroke patients,13.4,No Different Than the National Rate
390027,Death rate for stroke patients,10.2,No Different Than the National Rate
390028,Death rate for stroke patients,13.4,No Different Than the National Rate
390030,Death rate for stroke patients,15.1,No Different Than the National Rate
390032,Death rate for stroke patients,12.5,No Different Than the National Rate
390035,Death rate for stroke patients,13,No Different Than the National Rate
390036,Death rate for stroke patients,12.9,No Different Than the National Rate
390037,Death rate for stroke patients,11.5,No Different Than the National Rate
390039,Death rate for stroke patients,16.4,No Different Than the National Rate
390041,Death rate for stroke patients,14,No Different Than the National Rate
390042,Death rate for stroke patients,12.7,No Different Than the National Rate
390044,Death rate for stroke patients,11.6,No Different Than the National Rate
390045,Death rate for stroke patients,13.3,No Different Than the National Rate
390046,Death rate for stroke patients,13.7,No Different Than the National Rate
390048,Death rate for stroke patients,12.2,No Different Than the National Rate
390049,Death rate for stroke patients,13.2,No Different Than the National Rate
39004F,Death rate for stroke patients,Not Available,Not Available
390050,Death rate for stroke patients,13.2,No Different Than the National Rate
390056,Death rate for stroke patients,Not Available,Number of Cases Too Small
390057,Death rate for stroke patients,13.1,No Different Than the National Rate
390058,Death rate for stroke patients,13.8,No Different Than the National Rate
39005F,Death rate for stroke patients,Not Available,Not Available
390062,Death rate for stroke patients,Not Available,Number of Cases Too Small
390063,Death rate for stroke patients,15.1,No Different Than the National Rate
390065,Death rate for stroke patients,13.8,No Different Than the National Rate
390066,Death rate for stroke patients,11.4,No Different Than the National Rate
390067,Death rate for stroke patients,9.8,Better Than the National Rate
390068,Death rate for stroke patients,13.1,No Different Than the National Rate
39006F,Death rate for stroke patients,Not Available,Not Available
390070,Death rate for stroke patients,Not Available,Number of Cases Too Small
390073,Death rate for stroke patients,13,No Different Than the National Rate
390079,Death rate for stroke patients,13,No Different Than the National Rate
390086,Death rate for stroke patients,19.3,Worse Than the National Rate
390090,Death rate for stroke patients,Not Available,Number of Cases Too Small
390091,Death rate for stroke patients,12.1,No Different Than the National Rate
390093,Death rate for stroke patients,14.3,No Different Than the National Rate
390096,Death rate for stroke patients,12.7,No Different Than the National Rate
390097,Death rate for stroke patients,12.1,No Different Than the National Rate
39009F,Death rate for stroke patients,Not Available,Not Available
390100,Death rate for stroke patients,9.5,Better Than the National Rate
390101,Death rate for stroke patients,13,No Different Than the National Rate
390102,Death rate for stroke patients,14.7,No Different Than the National Rate
390104,Death rate for stroke patients,Not Available,Number of Cases Too Small
390107,Death rate for stroke patients,12.3,No Different Than the National Rate
390110,Death rate for stroke patients,13.3,No Different Than the National Rate
390111,Death rate for stroke patients,10.8,Better Than the National Rate
390112,Death rate for stroke patients,Not Available,Number of Cases Too Small
390113,Death rate for stroke patients,13,No Different Than the National Rate
390114,Death rate for stroke patients,Not Available,Number of Cases Too Small
390115,Death rate for stroke patients,12.2,No Different Than the National Rate
390116,Death rate for stroke patients,Not Available,Number of Cases Too Small
390117,Death rate for stroke patients,Not Available,Number of Cases Too Small
390123,Death rate for stroke patients,13.1,No Different Than the National Rate
390125,Death rate for stroke patients,15.1,No Different Than the National Rate
390127,Death rate for stroke patients,12.9,No Different Than the National Rate
39012F,Death rate for stroke patients,Not Available,Not Available
390133,Death rate for stroke patients,12.1,No Different Than the National Rate
390137,Death rate for stroke patients,17.5,Worse Than the National Rate
390138,Death rate for stroke patients,13.3,No Different Than the National Rate
390139,Death rate for stroke patients,13.1,No Different Than the National Rate
39013F,Death rate for stroke patients,Not Available,Not Available
390142,Death rate for stroke patients,13.6,No Different Than the National Rate
390145,Death rate for stroke patients,11.1,No Different Than the National Rate
390146,Death rate for stroke patients,12.8,No Different Than the National Rate
390147,Death rate for stroke patients,13.7,No Different Than the National Rate
390150,Death rate for stroke patients,Not Available,Number of Cases Too Small
390151,Death rate for stroke patients,14.5,No Different Than the National Rate
390153,Death rate for stroke patients,12.2,No Different Than the National Rate
390156,Death rate for stroke patients,12.6,No Different Than the National Rate
390160,Death rate for stroke patients,Not Available,Number of Cases Too Small
390162,Death rate for stroke patients,Not Available,Number of Cases Too Small
390163,Death rate for stroke patients,Not Available,Number of Cases Too Small
390164,Death rate for stroke patients,12.4,No Different Than the National Rate
390168,Death rate for stroke patients,15.3,No Different Than the National Rate
390173,Death rate for stroke patients,14.5,No Different Than the National Rate
390174,Death rate for stroke patients,11.1,No Different Than the National Rate
390178,Death rate for stroke patients,14.9,No Different Than the National Rate
390179,Death rate for stroke patients,11.6,No Different Than the National Rate
390180,Death rate for stroke patients,16,No Different Than the National Rate
390183,Death rate for stroke patients,12.4,No Different Than the National Rate
390184,Death rate for stroke patients,Not Available,Number of Cases Too Small
390185,Death rate for stroke patients,12.8,No Different Than the National Rate
390195,Death rate for stroke patients,12,No Different Than the National Rate
390198,Death rate for stroke patients,Not Available,Number of Cases Too Small
390199,Death rate for stroke patients,Not Available,Number of Cases Too Small
390201,Death rate for stroke patients,12.9,No Different Than the National Rate
390203,Death rate for stroke patients,11.8,No Different Than the National Rate
390204,Death rate for stroke patients,12.3,No Different Than the National Rate
390211,Death rate for stroke patients,14.6,No Different Than the National Rate
390217,Death rate for stroke patients,Not Available,Number of Cases Too Small
390219,Death rate for stroke patients,12.9,No Different Than the National Rate
390222,Death rate for stroke patients,11.2,No Different Than the National Rate
390223,Death rate for stroke patients,11.1,No Different Than the National Rate
390225,Death rate for stroke patients,11.3,No Different Than the National Rate
390226,Death rate for stroke patients,11.2,No Different Than the National Rate
390228,Death rate for stroke patients,13.4,No Different Than the National Rate
390231,Death rate for stroke patients,11.7,No Different Than the National Rate
390233,Death rate for stroke patients,11.3,No Different Than the National Rate
390237,Death rate for stroke patients,12,No Different Than the National Rate
390256,Death rate for stroke patients,11.1,No Different Than the National Rate
390258,Death rate for stroke patients,15.2,No Different Than the National Rate
390265,Death rate for stroke patients,14.5,No Different Than the National Rate
390266,Death rate for stroke patients,Not Available,Number of Cases Too Small
390267,Death rate for stroke patients,13.5,No Different Than the National Rate
390268,Death rate for stroke patients,13,No Different Than the National Rate
390270,Death rate for stroke patients,10.5,Better Than the National Rate
390272,Death rate for stroke patients,Not Available,Not Available
390278,Death rate for stroke patients,Not Available,Not Available
390304,Death rate for stroke patients,Not Available,Number of Cases Too Small
390307,Death rate for stroke patients,Not Available,Not Available
390316,Death rate for stroke patients,Not Available,Not Available
390322,Death rate for stroke patients,Not Available,Not Available
390323,Death rate for stroke patients,Not Available,Not Available
390324,Death rate for stroke patients,Not Available,Not Available
390325,Death rate for stroke patients,Not Available,Not Available
390326,Death rate for stroke patients,11.8,No Different Than the National Rate
390327,Death rate for stroke patients,Not Available,Not Available
390328,Death rate for stroke patients,12.2,No Different Than the National Rate
390329,Death rate for stroke patients,11.7,No Different Than the National Rate
390330,Death rate for stroke patients,10.9,No Different Than the National Rate
390331,Death rate for stroke patients,Not Available,Not Available
390332,Death rate for stroke patients,12.1,No Different Than the National Rate
390333,Death rate for stroke patients,Not Available,Not Available
390334,Death rate for stroke patients,12.7,No Different Than the National Rate
390335,Death rate for stroke patients,13.1,No Different Than the National Rate
390336,Death rate for stroke patients,11.6,No Different Than the National Rate
390337,Death rate for stroke patients,Not Available,Number of Cases Too Small
390338,Death rate for stroke patients,Not Available,Number of Cases Too Small
390339,Death rate for stroke patients,12.3,No Different Than the National Rate
390430,Death rate for stroke patients,Not Available,Not Available
391300,Death rate for stroke patients,13.2,No Different Than the National Rate
391301,Death rate for stroke patients,Not Available,Number of Cases Too Small
391302,Death rate for stroke patients,Not Available,Not Available
391303,Death rate for stroke patients,Not Available,Number of Cases Too Small
391304,Death rate for stroke patients,Not Available,Not Available
391305,Death rate for stroke patients,Not Available,Number of Cases Too Small
391306,Death rate for stroke patients,Not Available,Number of Cases Too Small
391307,Death rate for stroke patients,Not Available,Not Available
391308,Death rate for stroke patients,Not Available,Number of Cases Too Small
391309,Death rate for stroke patients,Not Available,Number of Cases Too Small
391312,Death rate for stroke patients,Not Available,Number of Cases Too Small
391313,Death rate for stroke patients,Not Available,Number of Cases Too Small
391314,Death rate for stroke patients,Not Available,Number of Cases Too Small
391315,Death rate for stroke patients,12.3,No Different Than the National Rate
391316,Death rate for stroke patients,14,No Different Than the National Rate
391317,Death rate for stroke patients,Not Available,Not Available
393302,Death rate for stroke patients,Not Available,Not Available
393303,Death rate for stroke patients,Not Available,Not Available
393304,Death rate for stroke patients,Not Available,Not Available
393307,Death rate for stroke patients,Not Available,Not Available
393309,Death rate for stroke patients,Not Available,Not Available
400001,Death rate for stroke patients,Not Available,Number of Cases Too Small
400003,Death rate for stroke patients,Not Available,Number of Cases Too Small
400004,Death rate for stroke patients,Not Available,Number of Cases Too Small
400005,Death rate for stroke patients,Not Available,Number of Cases Too Small
400006,Death rate for stroke patients,Not Available,Number of Cases Too Small
400007,Death rate for stroke patients,Not Available,Number of Cases Too Small
400010,Death rate for stroke patients,Not Available,Not Available
400011,Death rate for stroke patients,Not Available,Number of Cases Too Small
400012,Death rate for stroke patients,Not Available,Not Available
400013,Death rate for stroke patients,Not Available,Number of Cases Too Small
400014,Death rate for stroke patients,Not Available,Number of Cases Too Small
400015,Death rate for stroke patients,Not Available,Number of Cases Too Small
400016,Death rate for stroke patients,15,No Different Than the National Rate
400018,Death rate for stroke patients,Not Available,Number of Cases Too Small
400019,Death rate for stroke patients,Not Available,Number of Cases Too Small
400021,Death rate for stroke patients,Not Available,Number of Cases Too Small
400022,Death rate for stroke patients,Not Available,Number of Cases Too Small
400032,Death rate for stroke patients,Not Available,Number of Cases Too Small
40003F,Death rate for stroke patients,Not Available,Not Available
400044,Death rate for stroke patients,Not Available,Number of Cases Too Small
400048,Death rate for stroke patients,Not Available,Number of Cases Too Small
400061,Death rate for stroke patients,Not Available,Number of Cases Too Small
400079,Death rate for stroke patients,Not Available,Number of Cases Too Small
400087,Death rate for stroke patients,Not Available,Number of Cases Too Small
400098,Death rate for stroke patients,Not Available,Number of Cases Too Small
400102,Death rate for stroke patients,Not Available,Number of Cases Too Small
400103,Death rate for stroke patients,Not Available,Number of Cases Too Small
400104,Death rate for stroke patients,13,No Different Than the National Rate
400105,Death rate for stroke patients,Not Available,Number of Cases Too Small
400106,Death rate for stroke patients,Not Available,Number of Cases Too Small
400109,Death rate for stroke patients,15.8,No Different Than the National Rate
400110,Death rate for stroke patients,Not Available,Number of Cases Too Small
400111,Death rate for stroke patients,Not Available,Number of Cases Too Small
400112,Death rate for stroke patients,Not Available,Number of Cases Too Small
400113,Death rate for stroke patients,Not Available,Number of Cases Too Small
400114,Death rate for stroke patients,Not Available,Number of Cases Too Small
400115,Death rate for stroke patients,Not Available,Number of Cases Too Small
400117,Death rate for stroke patients,Not Available,Number of Cases Too Small
400118,Death rate for stroke patients,Not Available,Number of Cases Too Small
400120,Death rate for stroke patients,13.5,No Different Than the National Rate
400122,Death rate for stroke patients,Not Available,Not Available
400123,Death rate for stroke patients,Not Available,Number of Cases Too Small
400124,Death rate for stroke patients,Not Available,Not Available
400126,Death rate for stroke patients,Not Available,Number of Cases Too Small
400127,Death rate for stroke patients,Not Available,Not Available
400128,Death rate for stroke patients,Not Available,Number of Cases Too Small
400130,Death rate for stroke patients,Not Available,Not Available
400131,Death rate for stroke patients,Not Available,Not Available
400132,Death rate for stroke patients,Not Available,Number of Cases Too Small
400134,Death rate for stroke patients,Not Available,Not Available
400135,Death rate for stroke patients,Not Available,Not Available
400136,Death rate for stroke patients,Not Available,Not Available
400137,Death rate for stroke patients,Not Available,Number of Cases Too Small
400138,Death rate for stroke patients,Not Available,Not Available
400139,Death rate for stroke patients,Not Available,Not Available
403301,Death rate for stroke patients,Not Available,Not Available
410004,Death rate for stroke patients,Not Available,Number of Cases Too Small
410005,Death rate for stroke patients,Not Available,Number of Cases Too Small
410006,Death rate for stroke patients,12.9,No Different Than the National Rate
410007,Death rate for stroke patients,14.2,No Different Than the National Rate
410008,Death rate for stroke patients,14.9,No Different Than the National Rate
410009,Death rate for stroke patients,10.3,No Different Than the National Rate
410010,Death rate for stroke patients,Not Available,Not Available
410011,Death rate for stroke patients,12.4,No Different Than the National Rate
410012,Death rate for stroke patients,9.6,Better Than the National Rate
410013,Death rate for stroke patients,14.8,No Different Than the National Rate
41005F,Death rate for stroke patients,Not Available,Not Available
420002,Death rate for stroke patients,15.8,No Different Than the National Rate
420004,Death rate for stroke patients,13.3,No Different Than the National Rate
420005,Death rate for stroke patients,12.2,No Different Than the National Rate
420007,Death rate for stroke patients,15.3,No Different Than the National Rate
420009,Death rate for stroke patients,12.1,No Different Than the National Rate
420010,Death rate for stroke patients,13.5,No Different Than the National Rate
420011,Death rate for stroke patients,Not Available,Number of Cases Too Small
420015,Death rate for stroke patients,12.8,No Different Than the National Rate
420018,Death rate for stroke patients,14.7,No Different Than the National Rate
420019,Death rate for stroke patients,Not Available,Number of Cases Too Small
420020,Death rate for stroke patients,11.7,No Different Than the National Rate
420023,Death rate for stroke patients,13.2,No Different Than the National Rate
420026,Death rate for stroke patients,12.1,No Different Than the National Rate
420027,Death rate for stroke patients,14.5,No Different Than the National Rate
420030,Death rate for stroke patients,14.2,No Different Than the National Rate
420033,Death rate for stroke patients,12.5,No Different Than the National Rate
420036,Death rate for stroke patients,12.7,No Different Than the National Rate
420037,Death rate for stroke patients,12.3,No Different Than the National Rate
420038,Death rate for stroke patients,12.1,No Different Than the National Rate
420043,Death rate for stroke patients,Not Available,Number of Cases Too Small
420048,Death rate for stroke patients,12.9,No Different Than the National Rate
420049,Death rate for stroke patients,14,No Different Than the National Rate
420051,Death rate for stroke patients,12.7,No Different Than the National Rate
420053,Death rate for stroke patients,Not Available,Number of Cases Too Small
420055,Death rate for stroke patients,14.6,No Different Than the National Rate
420065,Death rate for stroke patients,11.6,No Different Than the National Rate
420067,Death rate for stroke patients,12.3,No Different Than the National Rate
420070,Death rate for stroke patients,12.7,No Different Than the National Rate
420071,Death rate for stroke patients,14.2,No Different Than the National Rate
420072,Death rate for stroke patients,Not Available,Number of Cases Too Small
420073,Death rate for stroke patients,14.8,No Different Than the National Rate
420078,Death rate for stroke patients,12.6,No Different Than the National Rate
420079,Death rate for stroke patients,12.9,No Different Than the National Rate
420080,Death rate for stroke patients,13.3,No Different Than the National Rate
420082,Death rate for stroke patients,18.1,No Different Than the National Rate
420085,Death rate for stroke patients,12.9,No Different Than the National Rate
420086,Death rate for stroke patients,11.7,No Different Than the National Rate
420087,Death rate for stroke patients,12.2,No Different Than the National Rate
420089,Death rate for stroke patients,15,No Different Than the National Rate
420091,Death rate for stroke patients,12.1,No Different Than the National Rate
420098,Death rate for stroke patients,13.2,No Different Than the National Rate
42009F,Death rate for stroke patients,Not Available,Not Available
420101,Death rate for stroke patients,14.9,No Different Than the National Rate
420102,Death rate for stroke patients,Not Available,Not Available
420103,Death rate for stroke patients,11,No Different Than the National Rate
420104,Death rate for stroke patients,12.2,No Different Than the National Rate
420105,Death rate for stroke patients,11.4,No Different Than the National Rate
420106,Death rate for stroke patients,Not Available,Number of Cases Too Small
420107,Death rate for stroke patients,Not Available,Number of Cases Too Small
420108,Death rate for stroke patients,Not Available,Number of Cases Too Small
420109,Death rate for stroke patients,13.4,No Different Than the National Rate
420110,Death rate for stroke patients,11.9,No Different Than the National Rate
42011F,Death rate for stroke patients,Not Available,Not Available
42029F,Death rate for stroke patients,Not Available,Not Available
421300,Death rate for stroke patients,Not Available,Number of Cases Too Small
421301,Death rate for stroke patients,Not Available,Number of Cases Too Small
421304,Death rate for stroke patients,Not Available,Number of Cases Too Small
423300,Death rate for stroke patients,Not Available,Not Available
430005,Death rate for stroke patients,14.1,No Different Than the National Rate
430008,Death rate for stroke patients,14,No Different Than the National Rate
430012,Death rate for stroke patients,12.7,No Different Than the National Rate
430014,Death rate for stroke patients,14.6,No Different Than the National Rate
430015,Death rate for stroke patients,13.1,No Different Than the National Rate
430016,Death rate for stroke patients,13.4,No Different Than the National Rate
430027,Death rate for stroke patients,10,Better Than the National Rate
43002F,Death rate for stroke patients,Not Available,Not Available
430048,Death rate for stroke patients,Not Available,Number of Cases Too Small
43005F,Death rate for stroke patients,Not Available,Not Available
430077,Death rate for stroke patients,12.8,No Different Than the National Rate
430084,Death rate for stroke patients,Not Available,Not Available
430089,Death rate for stroke patients,Not Available,Not Available
430090,Death rate for stroke patients,Not Available,Not Available
430091,Death rate for stroke patients,Not Available,Not Available
430093,Death rate for stroke patients,Not Available,Not Available
430095,Death rate for stroke patients,Not Available,Number of Cases Too Small
430097,Death rate for stroke patients,Not Available,Number of Cases Too Small
430098,Death rate for stroke patients,Not Available,Not Available
430099,Death rate for stroke patients,Not Available,Not Available
431300,Death rate for stroke patients,Not Available,Number of Cases Too Small
431301,Death rate for stroke patients,Not Available,Number of Cases Too Small
431302,Death rate for stroke patients,Not Available,Number of Cases Too Small
431305,Death rate for stroke patients,Not Available,Not Available
431306,Death rate for stroke patients,Not Available,Number of Cases Too Small
431307,Death rate for stroke patients,Not Available,Not Available
431308,Death rate for stroke patients,Not Available,Not Available
431309,Death rate for stroke patients,Not Available,Number of Cases Too Small
431310,Death rate for stroke patients,Not Available,Number of Cases Too Small
431311,Death rate for stroke patients,Not Available,Number of Cases Too Small
431312,Death rate for stroke patients,Not Available,Number of Cases Too Small
431313,Death rate for stroke patients,Not Available,Number of Cases Too Small
431314,Death rate for stroke patients,Not Available,Not Available
431315,Death rate for stroke patients,Not Available,Not Available
431316,Death rate for stroke patients,Not Available,Number of Cases Too Small
431317,Death rate for stroke patients,Not Available,Not Available
431318,Death rate for stroke patients,Not Available,Not Available
431319,Death rate for stroke patients,Not Available,Number of Cases Too Small
431320,Death rate for stroke patients,Not Available,Number of Cases Too Small
431321,Death rate for stroke patients,Not Available,Number of Cases Too Small
431322,Death rate for stroke patients,Not Available,Number of Cases Too Small
431323,Death rate for stroke patients,Not Available,Number of Cases Too Small
431324,Death rate for stroke patients,Not Available,Number of Cases Too Small
431325,Death rate for stroke patients,Not Available,Number of Cases Too Small
431326,Death rate for stroke patients,Not Available,Number of Cases Too Small
431327,Death rate for stroke patients,Not Available,Number of Cases Too Small
431328,Death rate for stroke patients,Not Available,Not Available
431329,Death rate for stroke patients,Not Available,Not Available
431330,Death rate for stroke patients,Not Available,Number of Cases Too Small
431331,Death rate for stroke patients,Not Available,Number of Cases Too Small
431332,Death rate for stroke patients,Not Available,Number of Cases Too Small
431333,Death rate for stroke patients,Not Available,Number of Cases Too Small
431334,Death rate for stroke patients,Not Available,Number of Cases Too Small
431335,Death rate for stroke patients,Not Available,Number of Cases Too Small
431336,Death rate for stroke patients,Not Available,Number of Cases Too Small
431337,Death rate for stroke patients,Not Available,Number of Cases Too Small
431338,Death rate for stroke patients,Not Available,Number of Cases Too Small
431339,Death rate for stroke patients,Not Available,Number of Cases Too Small
431340,Death rate for stroke patients,13.2,No Different Than the National Rate
431383,Death rate for stroke patients,Not Available,Not Available
433300,Death rate for stroke patients,Not Available,Not Available
440001,Death rate for stroke patients,Not Available,Number of Cases Too Small
440002,Death rate for stroke patients,13.2,No Different Than the National Rate
440003,Death rate for stroke patients,13.1,No Different Than the National Rate
440006,Death rate for stroke patients,16.2,Worse Than the National Rate
440007,Death rate for stroke patients,Not Available,Number of Cases Too Small
440008,Death rate for stroke patients,Not Available,Not Available
440009,Death rate for stroke patients,14.2,No Different Than the National Rate
440011,Death rate for stroke patients,14,No Different Than the National Rate
440012,Death rate for stroke patients,13.2,No Different Than the National Rate
440015,Death rate for stroke patients,15.4,Worse Than the National Rate
440016,Death rate for stroke patients,Not Available,Number of Cases Too Small
440017,Death rate for stroke patients,13.4,No Different Than the National Rate
440018,Death rate for stroke patients,Not Available,Number of Cases Too Small
440020,Death rate for stroke patients,12.6,No Different Than the National Rate
440029,Death rate for stroke patients,13.8,No Different Than the National Rate
440030,Death rate for stroke patients,16.3,No Different Than the National Rate
440031,Death rate for stroke patients,13.4,No Different Than the National Rate
440032,Death rate for stroke patients,Not Available,Number of Cases Too Small
440033,Death rate for stroke patients,Not Available,Number of Cases Too Small
440034,Death rate for stroke patients,12.9,No Different Than the National Rate
440035,Death rate for stroke patients,17.8,No Different Than the National Rate
440039,Death rate for stroke patients,15.4,No Different Than the National Rate
440046,Death rate for stroke patients,11.6,No Different Than the National Rate
440048,Death rate for stroke patients,13.3,No Different Than the National Rate
440049,Death rate for stroke patients,13.9,No Different Than the National Rate
440050,Death rate for stroke patients,13,No Different Than the National Rate
440053,Death rate for stroke patients,11.2,No Different Than the National Rate
440056,Death rate for stroke patients,14.4,No Different Than the National Rate
440057,Death rate for stroke patients,Not Available,Number of Cases Too Small
440058,Death rate for stroke patients,14.1,No Different Than the National Rate
440059,Death rate for stroke patients,14.5,No Different Than the National Rate
440060,Death rate for stroke patients,Not Available,Number of Cases Too Small
440061,Death rate for stroke patients,Not Available,Number of Cases Too Small
440063,Death rate for stroke patients,18.4,Worse Than the National Rate
440065,Death rate for stroke patients,14.5,No Different Than the National Rate
440068,Death rate for stroke patients,11.6,No Different Than the National Rate
440072,Death rate for stroke patients,Not Available,Number of Cases Too Small
440073,Death rate for stroke patients,21.4,Worse Than the National Rate
440081,Death rate for stroke patients,11.4,No Different Than the National Rate
440082,Death rate for stroke patients,13.4,No Different Than the National Rate
440084,Death rate for stroke patients,14.5,No Different Than the National Rate
440091,Death rate for stroke patients,13.4,No Different Than the National Rate
440102,Death rate for stroke patients,Not Available,Number of Cases Too Small
440104,Death rate for stroke patients,14.6,No Different Than the National Rate
440109,Death rate for stroke patients,Not Available,Number of Cases Too Small
440110,Death rate for stroke patients,12.5,No Different Than the National Rate
440111,Death rate for stroke patients,Not Available,Number of Cases Too Small
440120,Death rate for stroke patients,10.8,No Different Than the National Rate
440125,Death rate for stroke patients,14.5,No Different Than the National Rate
440130,Death rate for stroke patients,12.1,No Different Than the National Rate
440131,Death rate for stroke patients,Not Available,Number of Cases Too Small
440132,Death rate for stroke patients,Not Available,Number of Cases Too Small
440137,Death rate for stroke patients,Not Available,Number of Cases Too Small
44013F,Death rate for stroke patients,Not Available,Not Available
440144,Death rate for stroke patients,13.9,No Different Than the National Rate
440148,Death rate for stroke patients,Not Available,Number of Cases Too Small
440150,Death rate for stroke patients,13.1,No Different Than the National Rate
440151,Death rate for stroke patients,Not Available,Number of Cases Too Small
440152,Death rate for stroke patients,Not Available,Number of Cases Too Small
440153,Death rate for stroke patients,Not Available,Number of Cases Too Small
440156,Death rate for stroke patients,11.1,No Different Than the National Rate
440159,Death rate for stroke patients,Not Available,Not Available
440161,Death rate for stroke patients,14.6,No Different Than the National Rate
44016F,Death rate for stroke patients,Not Available,Not Available
440173,Death rate for stroke patients,12.4,No Different Than the National Rate
440175,Death rate for stroke patients,14.3,No Different Than the National Rate
440176,Death rate for stroke patients,Not Available,Number of Cases Too Small
44017F,Death rate for stroke patients,Not Available,Not Available
440183,Death rate for stroke patients,14.6,No Different Than the National Rate
440184,Death rate for stroke patients,Not Available,Number of Cases Too Small
440185,Death rate for stroke patients,12.7,No Different Than the National Rate
440187,Death rate for stroke patients,Not Available,Number of Cases Too Small
44018F,Death rate for stroke patients,Not Available,Not Available
440192,Death rate for stroke patients,Not Available,Number of Cases Too Small
440193,Death rate for stroke patients,11.2,No Different Than the National Rate
440194,Death rate for stroke patients,12.1,No Different Than the National Rate
440197,Death rate for stroke patients,13.8,No Different Than the National Rate
440200,Death rate for stroke patients,Not Available,Number of Cases Too Small
440218,Death rate for stroke patients,Not Available,Not Available
440227,Death rate for stroke patients,11.8,No Different Than the National Rate
440228,Death rate for stroke patients,12.4,No Different Than the National Rate
440231,Death rate for stroke patients,Not Available,Not Available
440238,Death rate for stroke patients,Not Available,Not Available
441300,Death rate for stroke patients,Not Available,Number of Cases Too Small
441301,Death rate for stroke patients,Not Available,Number of Cases Too Small
441303,Death rate for stroke patients,Not Available,Number of Cases Too Small
441304,Death rate for stroke patients,Not Available,Not Available
441305,Death rate for stroke patients,Not Available,Number of Cases Too Small
441306,Death rate for stroke patients,Not Available,Number of Cases Too Small
441307,Death rate for stroke patients,Not Available,Number of Cases Too Small
441309,Death rate for stroke patients,Not Available,Number of Cases Too Small
441310,Death rate for stroke patients,Not Available,Number of Cases Too Small
441313,Death rate for stroke patients,Not Available,Not Available
441314,Death rate for stroke patients,Not Available,Number of Cases Too Small
441316,Death rate for stroke patients,Not Available,Not Available
441320,Death rate for stroke patients,Not Available,Not Available
441322,Death rate for stroke patients,Not Available,Number of Cases Too Small
441323,Death rate for stroke patients,Not Available,Not Available
443302,Death rate for stroke patients,Not Available,Not Available
443303,Death rate for stroke patients,Not Available,Not Available
450002,Death rate for stroke patients,Not Available,Number of Cases Too Small
450007,Death rate for stroke patients,15.4,No Different Than the National Rate
450010,Death rate for stroke patients,15,No Different Than the National Rate
450011,Death rate for stroke patients,13.3,No Different Than the National Rate
450015,Death rate for stroke patients,13.1,No Different Than the National Rate
450018,Death rate for stroke patients,16.4,No Different Than the National Rate
450021,Death rate for stroke patients,12.2,No Different Than the National Rate
450023,Death rate for stroke patients,13.7,No Different Than the National Rate
450024,Death rate for stroke patients,13.9,No Different Than the National Rate
450028,Death rate for stroke patients,12.2,No Different Than the National Rate
450029,Death rate for stroke patients,11.8,No Different Than the National Rate
450032,Death rate for stroke patients,13.3,No Different Than the National Rate
450033,Death rate for stroke patients,13.1,No Different Than the National Rate
450034,Death rate for stroke patients,12,No Different Than the National Rate
450035,Death rate for stroke patients,Not Available,Number of Cases Too Small
450039,Death rate for stroke patients,11.8,No Different Than the National Rate
450040,Death rate for stroke patients,15.5,No Different Than the National Rate
450042,Death rate for stroke patients,14.4,No Different Than the National Rate
450044,Death rate for stroke patients,11.9,No Different Than the National Rate
450046,Death rate for stroke patients,13.9,No Different Than the National Rate
450051,Death rate for stroke patients,12.6,No Different Than the National Rate
450054,Death rate for stroke patients,13,No Different Than the National Rate
450055,Death rate for stroke patients,Not Available,Number of Cases Too Small
450056,Death rate for stroke patients,10.5,Better Than the National Rate
450058,Death rate for stroke patients,13.2,No Different Than the National Rate
450064,Death rate for stroke patients,13.4,No Different Than the National Rate
450068,Death rate for stroke patients,12.9,No Different Than the National Rate
450072,Death rate for stroke patients,12.7,No Different Than the National Rate
450079,Death rate for stroke patients,10.9,No Different Than the National Rate
450080,Death rate for stroke patients,11.5,No Different Than the National Rate
450082,Death rate for stroke patients,Not Available,Number of Cases Too Small
450083,Death rate for stroke patients,15,No Different Than the National Rate
450087,Death rate for stroke patients,12.9,No Different Than the National Rate
450090,Death rate for stroke patients,13.6,No Different Than the National Rate
450092,Death rate for stroke patients,Not Available,Number of Cases Too Small
450097,Death rate for stroke patients,12.3,No Different Than the National Rate
450101,Death rate for stroke patients,14.6,No Different Than the National Rate
450102,Death rate for stroke patients,15.7,Worse Than the National Rate
450104,Death rate for stroke patients,14.6,No Different Than the National Rate
450107,Death rate for stroke patients,15.9,No Different Than the National Rate
450108,Death rate for stroke patients,Not Available,Number of Cases Too Small
450119,Death rate for stroke patients,14.9,No Different Than the National Rate
450124,Death rate for stroke patients,11.8,No Different Than the National Rate
450128,Death rate for stroke patients,Not Available,Number of Cases Too Small
450132,Death rate for stroke patients,14,No Different Than the National Rate
450133,Death rate for stroke patients,14.2,No Different Than the National Rate
450135,Death rate for stroke patients,15.8,Worse Than the National Rate
450137,Death rate for stroke patients,11.7,No Different Than the National Rate
450143,Death rate for stroke patients,Not Available,Not Available
450144,Death rate for stroke patients,Not Available,Number of Cases Too Small
450147,Death rate for stroke patients,13.2,No Different Than the National Rate
450148,Death rate for stroke patients,Not Available,Number of Cases Too Small
450152,Death rate for stroke patients,11.9,No Different Than the National Rate
450154,Death rate for stroke patients,Not Available,Number of Cases Too Small
450155,Death rate for stroke patients,Not Available,Number of Cases Too Small
450162,Death rate for stroke patients,Not Available,Not Available
450163,Death rate for stroke patients,Not Available,Number of Cases Too Small
450165,Death rate for stroke patients,Not Available,Number of Cases Too Small
450176,Death rate for stroke patients,13.3,No Different Than the National Rate
450184,Death rate for stroke patients,12,No Different Than the National Rate
450193,Death rate for stroke patients,11.1,No Different Than the National Rate
450194,Death rate for stroke patients,Not Available,Number of Cases Too Small
450196,Death rate for stroke patients,13.5,No Different Than the National Rate
450200,Death rate for stroke patients,Not Available,Not Available
450203,Death rate for stroke patients,11.9,No Different Than the National Rate
450209,Death rate for stroke patients,16.1,No Different Than the National Rate
450210,Death rate for stroke patients,Not Available,Number of Cases Too Small
450211,Death rate for stroke patients,15.7,No Different Than the National Rate
450213,Death rate for stroke patients,12.8,No Different Than the National Rate
450222,Death rate for stroke patients,13.7,No Different Than the National Rate
450229,Death rate for stroke patients,12.9,No Different Than the National Rate
450231,Death rate for stroke patients,12.8,No Different Than the National Rate
450235,Death rate for stroke patients,Not Available,Number of Cases Too Small
450236,Death rate for stroke patients,13.2,No Different Than the National Rate
450237,Death rate for stroke patients,15.3,No Different Than the National Rate
450241,Death rate for stroke patients,Not Available,Number of Cases Too Small
450253,Death rate for stroke patients,Not Available,Not Available
450271,Death rate for stroke patients,Not Available,Not Available
450272,Death rate for stroke patients,12,No Different Than the National Rate
450289,Death rate for stroke patients,Not Available,Number of Cases Too Small
450292,Death rate for stroke patients,Not Available,Number of Cases Too Small
450324,Death rate for stroke patients,10.8,No Different Than the National Rate
450330,Death rate for stroke patients,Not Available,Number of Cases Too Small
450346,Death rate for stroke patients,11.4,No Different Than the National Rate
450347,Death rate for stroke patients,13.8,No Different Than the National Rate
450351,Death rate for stroke patients,Not Available,Number of Cases Too Small
450352,Death rate for stroke patients,11.2,No Different Than the National Rate
450358,Death rate for stroke patients,10.3,Better Than the National Rate
450369,Death rate for stroke patients,Not Available,Number of Cases Too Small
450370,Death rate for stroke patients,Not Available,Number of Cases Too Small
450372,Death rate for stroke patients,11.3,No Different Than the National Rate
450379,Death rate for stroke patients,Not Available,Number of Cases Too Small
450388,Death rate for stroke patients,12.2,No Different Than the National Rate
450389,Death rate for stroke patients,12.4,No Different Than the National Rate
450395,Death rate for stroke patients,Not Available,Number of Cases Too Small
450399,Death rate for stroke patients,Not Available,Number of Cases Too Small
450400,Death rate for stroke patients,Not Available,Number of Cases Too Small
450403,Death rate for stroke patients,11.3,No Different Than the National Rate
450411,Death rate for stroke patients,Not Available,Number of Cases Too Small
450419,Death rate for stroke patients,Not Available,Number of Cases Too Small
450422,Death rate for stroke patients,Not Available,Not Available
450424,Death rate for stroke patients,13.7,No Different Than the National Rate
450431,Death rate for stroke patients,11,No Different Than the National Rate
450447,Death rate for stroke patients,13,No Different Than the National Rate
450451,Death rate for stroke patients,Not Available,Number of Cases Too Small
450460,Death rate for stroke patients,Not Available,Not Available
450462,Death rate for stroke patients,14.6,No Different Than the National Rate
450465,Death rate for stroke patients,Not Available,Number of Cases Too Small
450469,Death rate for stroke patients,11.6,No Different Than the National Rate
450475,Death rate for stroke patients,Not Available,Number of Cases Too Small
450484,Death rate for stroke patients,12.3,No Different Than the National Rate
450489,Death rate for stroke patients,Not Available,Number of Cases Too Small
450498,Death rate for stroke patients,Not Available,Not Available
450508,Death rate for stroke patients,Not Available,Number of Cases Too Small
450518,Death rate for stroke patients,12.3,No Different Than the National Rate
450537,Death rate for stroke patients,15.3,No Different Than the National Rate
450539,Death rate for stroke patients,Not Available,Number of Cases Too Small
450563,Death rate for stroke patients,10.4,No Different Than the National Rate
450565,Death rate for stroke patients,Not Available,Number of Cases Too Small
450571,Death rate for stroke patients,16.6,No Different Than the National Rate
450573,Death rate for stroke patients,Not Available,Number of Cases Too Small
450584,Death rate for stroke patients,Not Available,Number of Cases Too Small
450587,Death rate for stroke patients,14.8,No Different Than the National Rate
450596,Death rate for stroke patients,12.9,No Different Than the National Rate
450597,Death rate for stroke patients,Not Available,Number of Cases Too Small
450604,Death rate for stroke patients,15.3,No Different Than the National Rate
45060F,Death rate for stroke patients,Not Available,Not Available
450610,Death rate for stroke patients,12.8,No Different Than the National Rate
450617,Death rate for stroke patients,14.6,No Different Than the National Rate
450634,Death rate for stroke patients,14.5,No Different Than the National Rate
450638,Death rate for stroke patients,11,No Different Than the National Rate
450639,Death rate for stroke patients,11.9,No Different Than the National Rate
450641,Death rate for stroke patients,Not Available,Number of Cases Too Small
450643,Death rate for stroke patients,11.8,No Different Than the National Rate
450644,Death rate for stroke patients,11.8,No Different Than the National Rate
450647,Death rate for stroke patients,12.4,No Different Than the National Rate
450651,Death rate for stroke patients,13.5,No Different Than the National Rate
450653,Death rate for stroke patients,Not Available,Number of Cases Too Small
450654,Death rate for stroke patients,Not Available,Number of Cases Too Small
450656,Death rate for stroke patients,13.3,No Different Than the National Rate
450658,Death rate for stroke patients,Not Available,Number of Cases Too Small
450659,Death rate for stroke patients,Not Available,Number of Cases Too Small
450661,Death rate for stroke patients,14.7,No Different Than the National Rate
450662,Death rate for stroke patients,12.5,No Different Than the National Rate
450668,Death rate for stroke patients,12.1,No Different Than the National Rate
450669,Death rate for stroke patients,12.5,No Different Than the National Rate
45066F,Death rate for stroke patients,Not Available,Not Available
450670,Death rate for stroke patients,12.9,No Different Than the National Rate
450672,Death rate for stroke patients,12.9,No Different Than the National Rate
450674,Death rate for stroke patients,Not Available,Not Available
450675,Death rate for stroke patients,14.5,No Different Than the National Rate
450677,Death rate for stroke patients,13.6,No Different Than the National Rate
450678,Death rate for stroke patients,Not Available,Number of Cases Too Small
450684,Death rate for stroke patients,11.6,No Different Than the National Rate
450686,Death rate for stroke patients,16.8,No Different Than the National Rate
450688,Death rate for stroke patients,13.7,No Different Than the National Rate
45068F,Death rate for stroke patients,Not Available,Not Available
450690,Death rate for stroke patients,Not Available,Number of Cases Too Small
450694,Death rate for stroke patients,Not Available,Number of Cases Too Small
450698,Death rate for stroke patients,Not Available,Number of Cases Too Small
45069F,Death rate for stroke patients,Not Available,Not Available
450702,Death rate for stroke patients,12.5,No Different Than the National Rate
450709,Death rate for stroke patients,11.5,No Different Than the National Rate
45070F,Death rate for stroke patients,Not Available,Not Available
450711,Death rate for stroke patients,12.6,No Different Than the National Rate
450713,Death rate for stroke patients,10.6,No Different Than the National Rate
450718,Death rate for stroke patients,13.4,No Different Than the National Rate
450723,Death rate for stroke patients,13.8,No Different Than the National Rate
450730,Death rate for stroke patients,Not Available,Number of Cases Too Small
450742,Death rate for stroke patients,14,No Different Than the National Rate
450743,Death rate for stroke patients,12.7,No Different Than the National Rate
450747,Death rate for stroke patients,16.8,No Different Than the National Rate
45074F,Death rate for stroke patients,Not Available,Not Available
450755,Death rate for stroke patients,Not Available,Not Available
450771,Death rate for stroke patients,12.9,No Different Than the National Rate
450774,Death rate for stroke patients,Not Available,Not Available
450775,Death rate for stroke patients,10,Better Than the National Rate
450779,Death rate for stroke patients,14.5,No Different Than the National Rate
450788,Death rate for stroke patients,12.9,No Different Than the National Rate
450801,Death rate for stroke patients,12.7,No Different Than the National Rate
450804,Death rate for stroke patients,Not Available,Not Available
450808,Death rate for stroke patients,Not Available,Not Available
450809,Death rate for stroke patients,11.7,No Different Than the National Rate
450820,Death rate for stroke patients,11.2,No Different Than the National Rate
450822,Death rate for stroke patients,13.9,No Different Than the National Rate
450825,Death rate for stroke patients,Not Available,Not Available
450827,Death rate for stroke patients,Not Available,Number of Cases Too Small
450828,Death rate for stroke patients,Not Available,Number of Cases Too Small
450831,Death rate for stroke patients,Not Available,Not Available
450833,Death rate for stroke patients,Not Available,Number of Cases Too Small
450834,Death rate for stroke patients,Not Available,Not Available
450840,Death rate for stroke patients,14.7,No Different Than the National Rate
450844,Death rate for stroke patients,10.5,Better Than the National Rate
450847,Death rate for stroke patients,14.7,No Different Than the National Rate
450848,Death rate for stroke patients,14.1,No Different Than the National Rate
450851,Death rate for stroke patients,Not Available,Number of Cases Too Small
450853,Death rate for stroke patients,Not Available,Not Available
450855,Death rate for stroke patients,Not Available,Number of Cases Too Small
450856,Death rate for stroke patients,Not Available,Not Available
450860,Death rate for stroke patients,Not Available,Not Available
450862,Death rate for stroke patients,13.2,No Different Than the National Rate
450864,Death rate for stroke patients,Not Available,Not Available
450865,Death rate for stroke patients,Not Available,Number of Cases Too Small
450867,Death rate for stroke patients,Not Available,Number of Cases Too Small
450869,Death rate for stroke patients,14.2,No Different Than the National Rate
45086F,Death rate for stroke patients,Not Available,Not Available
450872,Death rate for stroke patients,Not Available,Number of Cases Too Small
450874,Death rate for stroke patients,Not Available,Not Available
450875,Death rate for stroke patients,Not Available,Not Available
450876,Death rate for stroke patients,Not Available,Number of Cases Too Small
450880,Death rate for stroke patients,Not Available,Not Available
450883,Death rate for stroke patients,Not Available,Not Available
450885,Death rate for stroke patients,12.6,No Different Than the National Rate
450888,Death rate for stroke patients,Not Available,Not Available
450889,Death rate for stroke patients,Not Available,Not Available
450890,Death rate for stroke patients,10.5,No Different Than the National Rate
450891,Death rate for stroke patients,Not Available,Not Available
450893,Death rate for stroke patients,Not Available,Not Available
45090F,Death rate for stroke patients,Not Available,Not Available
451300,Death rate for stroke patients,Not Available,Not Available
451301,Death rate for stroke patients,Not Available,Not Available
451303,Death rate for stroke patients,Not Available,Number of Cases Too Small
451304,Death rate for stroke patients,Not Available,Not Available
451305,Death rate for stroke patients,Not Available,Not Available
451306,Death rate for stroke patients,Not Available,Number of Cases Too Small
451307,Death rate for stroke patients,Not Available,Number of Cases Too Small
451308,Death rate for stroke patients,Not Available,Number of Cases Too Small
451309,Death rate for stroke patients,Not Available,Not Available
451310,Death rate for stroke patients,Not Available,Number of Cases Too Small
451311,Death rate for stroke patients,Not Available,Not Available
451312,Death rate for stroke patients,Not Available,Not Available
451313,Death rate for stroke patients,Not Available,Number of Cases Too Small
451314,Death rate for stroke patients,Not Available,Not Available
451315,Death rate for stroke patients,Not Available,Not Available
451316,Death rate for stroke patients,Not Available,Not Available
451317,Death rate for stroke patients,Not Available,Not Available
451318,Death rate for stroke patients,Not Available,Not Available
451319,Death rate for stroke patients,Not Available,Number of Cases Too Small
451320,Death rate for stroke patients,Not Available,Not Available
451322,Death rate for stroke patients,Not Available,Not Available
451323,Death rate for stroke patients,Not Available,Number of Cases Too Small
451324,Death rate for stroke patients,Not Available,Not Available
451325,Death rate for stroke patients,Not Available,Not Available
451328,Death rate for stroke patients,Not Available,Not Available
451329,Death rate for stroke patients,Not Available,Not Available
451330,Death rate for stroke patients,Not Available,Number of Cases Too Small
451331,Death rate for stroke patients,Not Available,Not Available
451332,Death rate for stroke patients,Not Available,Not Available
451333,Death rate for stroke patients,Not Available,Not Available
451334,Death rate for stroke patients,Not Available,Not Available
451335,Death rate for stroke patients,Not Available,Not Available
451337,Death rate for stroke patients,Not Available,Not Available
451338,Death rate for stroke patients,Not Available,Not Available
451339,Death rate for stroke patients,Not Available,Not Available
451340,Death rate for stroke patients,Not Available,Not Available
451341,Death rate for stroke patients,Not Available,Not Available
451342,Death rate for stroke patients,Not Available,Not Available
451343,Death rate for stroke patients,Not Available,Number of Cases Too Small
451344,Death rate for stroke patients,Not Available,Not Available
451346,Death rate for stroke patients,Not Available,Number of Cases Too Small
451347,Death rate for stroke patients,Not Available,Number of Cases Too Small
451348,Death rate for stroke patients,Not Available,Not Available
451349,Death rate for stroke patients,Not Available,Number of Cases Too Small
451350,Death rate for stroke patients,Not Available,Number of Cases Too Small
451351,Death rate for stroke patients,Not Available,Number of Cases Too Small
451352,Death rate for stroke patients,Not Available,Not Available
451353,Death rate for stroke patients,Not Available,Number of Cases Too Small
451354,Death rate for stroke patients,Not Available,Number of Cases Too Small
451355,Death rate for stroke patients,Not Available,Number of Cases Too Small
451356,Death rate for stroke patients,Not Available,Number of Cases Too Small
451358,Death rate for stroke patients,Not Available,Not Available
451359,Death rate for stroke patients,Not Available,Number of Cases Too Small
451361,Death rate for stroke patients,Not Available,Not Available
451362,Death rate for stroke patients,Not Available,Number of Cases Too Small
451363,Death rate for stroke patients,Not Available,Not Available
451364,Death rate for stroke patients,Not Available,Number of Cases Too Small
451365,Death rate for stroke patients,Not Available,Number of Cases Too Small
451366,Death rate for stroke patients,Not Available,Not Available
451367,Death rate for stroke patients,Not Available,Number of Cases Too Small
451369,Death rate for stroke patients,Not Available,Not Available
451370,Death rate for stroke patients,Not Available,Number of Cases Too Small
451371,Death rate for stroke patients,Not Available,Number of Cases Too Small
451372,Death rate for stroke patients,Not Available,Not Available
451373,Death rate for stroke patients,Not Available,Number of Cases Too Small
451374,Death rate for stroke patients,Not Available,Not Available
451375,Death rate for stroke patients,Not Available,Not Available
451376,Death rate for stroke patients,Not Available,Number of Cases Too Small
451377,Death rate for stroke patients,Not Available,Number of Cases Too Small
451378,Death rate for stroke patients,Not Available,Number of Cases Too Small
451379,Death rate for stroke patients,Not Available,Number of Cases Too Small
451380,Death rate for stroke patients,Not Available,Number of Cases Too Small
451381,Death rate for stroke patients,Not Available,Not Available
451382,Death rate for stroke patients,15.1,No Different Than the National Rate
451384,Death rate for stroke patients,Not Available,Number of Cases Too Small
451385,Death rate for stroke patients,Not Available,Number of Cases Too Small
451386,Death rate for stroke patients,Not Available,Number of Cases Too Small
451387,Death rate for stroke patients,Not Available,Number of Cases Too Small
451389,Death rate for stroke patients,Not Available,Not Available
451390,Death rate for stroke patients,Not Available,Not Available
451391,Death rate for stroke patients,Not Available,Not Available
451392,Death rate for stroke patients,Not Available,Number of Cases Too Small
451393,Death rate for stroke patients,Not Available,Not Available
451394,Death rate for stroke patients,Not Available,Not Available
451395,Death rate for stroke patients,Not Available,Number of Cases Too Small
451396,Death rate for stroke patients,Not Available,Not Available
451397,Death rate for stroke patients,Not Available,Number of Cases Too Small
451398,Death rate for stroke patients,Not Available,Not Available
451399,Death rate for stroke patients,Not Available,Not Available
453300,Death rate for stroke patients,Not Available,Not Available
453301,Death rate for stroke patients,Not Available,Not Available
453302,Death rate for stroke patients,Not Available,Not Available
453304,Death rate for stroke patients,Not Available,Not Available
453306,Death rate for stroke patients,Not Available,Not Available
453309,Death rate for stroke patients,Not Available,Not Available
453310,Death rate for stroke patients,Not Available,Not Available
453311,Death rate for stroke patients,Not Available,Not Available
453313,Death rate for stroke patients,Not Available,Not Available
453314,Death rate for stroke patients,Not Available,Not Available
453315,Death rate for stroke patients,Not Available,Not Available
453316,Death rate for stroke patients,Not Available,Not Available
453317,Death rate for stroke patients,Not Available,Not Available
453318,Death rate for stroke patients,Not Available,Not Available
453319,Death rate for stroke patients,Not Available,Not Available
453321,Death rate for stroke patients,Not Available,Not Available
460001,Death rate for stroke patients,13.8,No Different Than the National Rate
460003,Death rate for stroke patients,Not Available,Number of Cases Too Small
460004,Death rate for stroke patients,14.2,No Different Than the National Rate
460005,Death rate for stroke patients,15.2,No Different Than the National Rate
460006,Death rate for stroke patients,Not Available,Number of Cases Too Small
460007,Death rate for stroke patients,Not Available,Number of Cases Too Small
460009,Death rate for stroke patients,13.8,No Different Than the National Rate
460010,Death rate for stroke patients,10.9,No Different Than the National Rate
460011,Death rate for stroke patients,Not Available,Number of Cases Too Small
460013,Death rate for stroke patients,Not Available,Number of Cases Too Small
460014,Death rate for stroke patients,Not Available,Number of Cases Too Small
460015,Death rate for stroke patients,Not Available,Number of Cases Too Small
460017,Death rate for stroke patients,Not Available,Number of Cases Too Small
460019,Death rate for stroke patients,Not Available,Number of Cases Too Small
460021,Death rate for stroke patients,14.7,No Different Than the National Rate
460023,Death rate for stroke patients,Not Available,Number of Cases Too Small
460026,Death rate for stroke patients,Not Available,Number of Cases Too Small
46002F,Death rate for stroke patients,Not Available,Not Available
460030,Death rate for stroke patients,Not Available,Number of Cases Too Small
460039,Death rate for stroke patients,Not Available,Not Available
460041,Death rate for stroke patients,13.5,No Different Than the National Rate
460042,Death rate for stroke patients,13.4,No Different Than the National Rate
460043,Death rate for stroke patients,Not Available,Not Available
460044,Death rate for stroke patients,Not Available,Number of Cases Too Small
460047,Death rate for stroke patients,12,No Different Than the National Rate
460051,Death rate for stroke patients,13.6,No Different Than the National Rate
460052,Death rate for stroke patients,Not Available,Number of Cases Too Small
460054,Death rate for stroke patients,Not Available,Number of Cases Too Small
460057,Death rate for stroke patients,Not Available,Not Available
460058,Death rate for stroke patients,Not Available,Number of Cases Too Small
460060,Death rate for stroke patients,Not Available,Number of Cases Too Small
460061,Death rate for stroke patients,Not Available,Number of Cases Too Small
460062,Death rate for stroke patients,Not Available,Number of Cases Too Small
461300,Death rate for stroke patients,Not Available,Number of Cases Too Small
461301,Death rate for stroke patients,Not Available,Number of Cases Too Small
461302,Death rate for stroke patients,Not Available,Number of Cases Too Small
461303,Death rate for stroke patients,Not Available,Not Available
461304,Death rate for stroke patients,Not Available,Number of Cases Too Small
461305,Death rate for stroke patients,Not Available,Not Available
461306,Death rate for stroke patients,Not Available,Number of Cases Too Small
461307,Death rate for stroke patients,Not Available,Number of Cases Too Small
461308,Death rate for stroke patients,Not Available,Number of Cases Too Small
461309,Death rate for stroke patients,Not Available,Number of Cases Too Small
461310,Death rate for stroke patients,Not Available,Number of Cases Too Small
461333,Death rate for stroke patients,Not Available,Number of Cases Too Small
461335,Death rate for stroke patients,Not Available,Number of Cases Too Small
463301,Death rate for stroke patients,Not Available,Not Available
470001,Death rate for stroke patients,15.6,No Different Than the National Rate
470003,Death rate for stroke patients,10.7,Better Than the National Rate
470005,Death rate for stroke patients,16.8,No Different Than the National Rate
470011,Death rate for stroke patients,18.6,No Different Than the National Rate
470012,Death rate for stroke patients,13.7,No Different Than the National Rate
47001F,Death rate for stroke patients,Not Available,Not Available
470024,Death rate for stroke patients,18.1,No Different Than the National Rate
471300,Death rate for stroke patients,Not Available,Number of Cases Too Small
471301,Death rate for stroke patients,Not Available,Number of Cases Too Small
471302,Death rate for stroke patients,Not Available,Number of Cases Too Small
471303,Death rate for stroke patients,15.1,No Different Than the National Rate
471304,Death rate for stroke patients,15.1,No Different Than the National Rate
471305,Death rate for stroke patients,Not Available,Number of Cases Too Small
471306,Death rate for stroke patients,16.7,No Different Than the National Rate
471307,Death rate for stroke patients,Not Available,Number of Cases Too Small
480001,Death rate for stroke patients,15.5,No Different Than the National Rate
480002,Death rate for stroke patients,17.2,No Different Than the National Rate
490002,Death rate for stroke patients,Not Available,Number of Cases Too Small
490004,Death rate for stroke patients,13,No Different Than the National Rate
490005,Death rate for stroke patients,16,Worse Than the National Rate
490007,Death rate for stroke patients,14.9,No Different Than the National Rate
490009,Death rate for stroke patients,11.8,No Different Than the National Rate
490013,Death rate for stroke patients,14.5,No Different Than the National Rate
490017,Death rate for stroke patients,13,No Different Than the National Rate
490018,Death rate for stroke patients,16.5,No Different Than the National Rate
490019,Death rate for stroke patients,13,No Different Than the National Rate
49001F,Death rate for stroke patients,Not Available,Not Available
490020,Death rate for stroke patients,14.2,No Different Than the National Rate
490021,Death rate for stroke patients,11.9,No Different Than the National Rate
490022,Death rate for stroke patients,12.9,No Different Than the National Rate
490023,Death rate for stroke patients,11.4,No Different Than the National Rate
490024,Death rate for stroke patients,17.7,Worse Than the National Rate
490032,Death rate for stroke patients,13.6,No Different Than the National Rate
490033,Death rate for stroke patients,13.5,No Different Than the National Rate
490037,Death rate for stroke patients,14.3,No Different Than the National Rate
490038,Death rate for stroke patients,Not Available,Number of Cases Too Small
490040,Death rate for stroke patients,11.4,No Different Than the National Rate
490041,Death rate for stroke patients,12.9,No Different Than the National Rate
490042,Death rate for stroke patients,14.6,No Different Than the National Rate
490043,Death rate for stroke patients,11,No Different Than the National Rate
490044,Death rate for stroke patients,12.9,No Different Than the National Rate
490045,Death rate for stroke patients,15.8,No Different Than the National Rate
490046,Death rate for stroke patients,13.8,No Different Than the National Rate
490048,Death rate for stroke patients,12.2,No Different Than the National Rate
490050,Death rate for stroke patients,13,No Different Than the National Rate
490052,Death rate for stroke patients,13.1,No Different Than the National Rate
490053,Death rate for stroke patients,16.2,No Different Than the National Rate
490057,Death rate for stroke patients,15,No Different Than the National Rate
490059,Death rate for stroke patients,10.5,Better Than the National Rate
490060,Death rate for stroke patients,13.2,No Different Than the National Rate
490063,Death rate for stroke patients,10.8,Better Than the National Rate
490066,Death rate for stroke patients,12.6,No Different Than the National Rate
490067,Death rate for stroke patients,13.7,No Different Than the National Rate
490069,Death rate for stroke patients,13.7,No Different Than the National Rate
49006F,Death rate for stroke patients,Not Available,Not Available
490075,Death rate for stroke patients,15.7,No Different Than the National Rate
490077,Death rate for stroke patients,11.9,No Different Than the National Rate
490084,Death rate for stroke patients,11.6,No Different Than the National Rate
490088,Death rate for stroke patients,12.2,No Different Than the National Rate
490089,Death rate for stroke patients,12.5,No Different Than the National Rate
49008F,Death rate for stroke patients,Not Available,Not Available
490090,Death rate for stroke patients,15.3,No Different Than the National Rate
490092,Death rate for stroke patients,14.7,No Different Than the National Rate
490093,Death rate for stroke patients,12.2,No Different Than the National Rate
490094,Death rate for stroke patients,Not Available,Number of Cases Too Small
490097,Death rate for stroke patients,Not Available,Number of Cases Too Small
490098,Death rate for stroke patients,13.9,No Different Than the National Rate
490101,Death rate for stroke patients,11.3,No Different Than the National Rate
490104,Death rate for stroke patients,Not Available,Not Available
490107,Death rate for stroke patients,12.2,No Different Than the National Rate
49010F,Death rate for stroke patients,Not Available,Not Available
490110,Death rate for stroke patients,13.2,No Different Than the National Rate
490111,Death rate for stroke patients,13.4,No Different Than the National Rate
490112,Death rate for stroke patients,15,No Different Than the National Rate
490113,Death rate for stroke patients,12,No Different Than the National Rate
490114,Death rate for stroke patients,13.4,No Different Than the National Rate
490115,Death rate for stroke patients,13.6,No Different Than the National Rate
490116,Death rate for stroke patients,13.3,No Different Than the National Rate
490117,Death rate for stroke patients,Not Available,Number of Cases Too Small
490118,Death rate for stroke patients,14.7,No Different Than the National Rate
490119,Death rate for stroke patients,10.6,No Different Than the National Rate
49011F,Death rate for stroke patients,Not Available,Not Available
490120,Death rate for stroke patients,11.9,No Different Than the National Rate
490122,Death rate for stroke patients,9.5,Better Than the National Rate
490126,Death rate for stroke patients,14.2,No Different Than the National Rate
490127,Death rate for stroke patients,Not Available,Number of Cases Too Small
490130,Death rate for stroke patients,13.4,No Different Than the National Rate
490136,Death rate for stroke patients,12.3,No Different Than the National Rate
490140,Death rate for stroke patients,13.6,No Different Than the National Rate
490141,Death rate for stroke patients,12.1,No Different Than the National Rate
490143,Death rate for stroke patients,11.3,No Different Than the National Rate
490144,Death rate for stroke patients,13.5,No Different Than the National Rate
490145,Death rate for stroke patients,11.9,No Different Than the National Rate
491300,Death rate for stroke patients,Not Available,Number of Cases Too Small
491302,Death rate for stroke patients,Not Available,Number of Cases Too Small
491303,Death rate for stroke patients,Not Available,Not Available
491304,Death rate for stroke patients,15.2,No Different Than the National Rate
491305,Death rate for stroke patients,Not Available,Number of Cases Too Small
491307,Death rate for stroke patients,Not Available,Number of Cases Too Small
491308,Death rate for stroke patients,11.4,No Different Than the National Rate
491309,Death rate for stroke patients,Not Available,Not Available
493300,Death rate for stroke patients,Not Available,Not Available
493301,Death rate for stroke patients,Not Available,Not Available
500002,Death rate for stroke patients,16.5,No Different Than the National Rate
500003,Death rate for stroke patients,13.6,No Different Than the National Rate
500005,Death rate for stroke patients,14.1,No Different Than the National Rate
500007,Death rate for stroke patients,14.7,No Different Than the National Rate
500008,Death rate for stroke patients,13.6,No Different Than the National Rate
500011,Death rate for stroke patients,14.9,No Different Than the National Rate
500014,Death rate for stroke patients,13.4,No Different Than the National Rate
500015,Death rate for stroke patients,13.1,No Different Than the National Rate
500016,Death rate for stroke patients,16.4,No Different Than the National Rate
500019,Death rate for stroke patients,13.7,No Different Than the National Rate
500021,Death rate for stroke patients,13.2,No Different Than the National Rate
500024,Death rate for stroke patients,13.8,No Different Than the National Rate
500025,Death rate for stroke patients,11.1,No Different Than the National Rate
500026,Death rate for stroke patients,11.5,No Different Than the National Rate
500027,Death rate for stroke patients,11.9,No Different Than the National Rate
500030,Death rate for stroke patients,12.3,No Different Than the National Rate
500031,Death rate for stroke patients,13,No Different Than the National Rate
500033,Death rate for stroke patients,20.3,Worse Than the National Rate
500036,Death rate for stroke patients,16.6,No Different Than the National Rate
500037,Death rate for stroke patients,Not Available,Number of Cases Too Small
500039,Death rate for stroke patients,12.5,No Different Than the National Rate
500041,Death rate for stroke patients,15,No Different Than the National Rate
500044,Death rate for stroke patients,14.1,No Different Than the National Rate
500050,Death rate for stroke patients,15.2,No Different Than the National Rate
500051,Death rate for stroke patients,14.7,No Different Than the National Rate
500052,Death rate for stroke patients,Not Available,Not Available
500053,Death rate for stroke patients,13.7,No Different Than the National Rate
500054,Death rate for stroke patients,13.5,No Different Than the National Rate
500058,Death rate for stroke patients,12.7,No Different Than the National Rate
50005F,Death rate for stroke patients,Not Available,Not Available
500060,Death rate for stroke patients,Not Available,Number of Cases Too Small
500064,Death rate for stroke patients,14.4,No Different Than the National Rate
500072,Death rate for stroke patients,15.5,No Different Than the National Rate
500077,Death rate for stroke patients,12.8,No Different Than the National Rate
500079,Death rate for stroke patients,14.5,No Different Than the National Rate
500084,Death rate for stroke patients,Not Available,Number of Cases Too Small
500088,Death rate for stroke patients,14.7,No Different Than the National Rate
500108,Death rate for stroke patients,16.8,Worse Than the National Rate
500119,Death rate for stroke patients,14.3,No Different Than the National Rate
50011F,Death rate for stroke patients,Not Available,Not Available
500124,Death rate for stroke patients,12,No Different Than the National Rate
500129,Death rate for stroke patients,16.2,Worse Than the National Rate
500139,Death rate for stroke patients,12.8,No Different Than the National Rate
500141,Death rate for stroke patients,13.3,No Different Than the National Rate
500150,Death rate for stroke patients,12.1,No Different Than the National Rate
500151,Death rate for stroke patients,13.2,No Different Than the National Rate
500152,Death rate for stroke patients,11,No Different Than the National Rate
500154,Death rate for stroke patients,11.5,No Different Than the National Rate
50030F,Death rate for stroke patients,Not Available,Not Available
501301,Death rate for stroke patients,Not Available,Not Available
501302,Death rate for stroke patients,Not Available,Number of Cases Too Small
501303,Death rate for stroke patients,Not Available,Number of Cases Too Small
501304,Death rate for stroke patients,Not Available,Number of Cases Too Small
501305,Death rate for stroke patients,Not Available,Number of Cases Too Small
501307,Death rate for stroke patients,Not Available,Number of Cases Too Small
501308,Death rate for stroke patients,Not Available,Number of Cases Too Small
501309,Death rate for stroke patients,Not Available,Number of Cases Too Small
501310,Death rate for stroke patients,Not Available,Number of Cases Too Small
501311,Death rate for stroke patients,Not Available,Number of Cases Too Small
501312,Death rate for stroke patients,11.7,No Different Than the National Rate
501313,Death rate for stroke patients,Not Available,Number of Cases Too Small
501314,Death rate for stroke patients,Not Available,Number of Cases Too Small
501315,Death rate for stroke patients,Not Available,Number of Cases Too Small
501316,Death rate for stroke patients,Not Available,Number of Cases Too Small
501317,Death rate for stroke patients,Not Available,Number of Cases Too Small
501318,Death rate for stroke patients,Not Available,Number of Cases Too Small
501319,Death rate for stroke patients,Not Available,Number of Cases Too Small
501320,Death rate for stroke patients,Not Available,Not Available
501321,Death rate for stroke patients,Not Available,Number of Cases Too Small
501322,Death rate for stroke patients,Not Available,Number of Cases Too Small
501323,Death rate for stroke patients,14,No Different Than the National Rate
501324,Death rate for stroke patients,Not Available,Number of Cases Too Small
501325,Death rate for stroke patients,Not Available,Number of Cases Too Small
501326,Death rate for stroke patients,Not Available,Number of Cases Too Small
501327,Death rate for stroke patients,Not Available,Number of Cases Too Small
501328,Death rate for stroke patients,Not Available,Number of Cases Too Small
501329,Death rate for stroke patients,Not Available,Number of Cases Too Small
501330,Death rate for stroke patients,Not Available,Number of Cases Too Small
501331,Death rate for stroke patients,Not Available,Number of Cases Too Small
501332,Death rate for stroke patients,15.6,No Different Than the National Rate
501333,Death rate for stroke patients,Not Available,Number of Cases Too Small
501334,Death rate for stroke patients,Not Available,Number of Cases Too Small
501335,Death rate for stroke patients,Not Available,Number of Cases Too Small
501336,Death rate for stroke patients,17.4,No Different Than the National Rate
501337,Death rate for stroke patients,11.5,No Different Than the National Rate
501338,Death rate for stroke patients,Not Available,Not Available
501339,Death rate for stroke patients,11.9,No Different Than the National Rate
501340,Death rate for stroke patients,Not Available,Number of Cases Too Small
503300,Death rate for stroke patients,Not Available,Not Available
503301,Death rate for stroke patients,Not Available,Not Available
503302,Death rate for stroke patients,Not Available,Not Available
510001,Death rate for stroke patients,14.8,No Different Than the National Rate
510002,Death rate for stroke patients,13,No Different Than the National Rate
510006,Death rate for stroke patients,14.5,No Different Than the National Rate
510007,Death rate for stroke patients,15.8,No Different Than the National Rate
510008,Death rate for stroke patients,14.3,No Different Than the National Rate
510012,Death rate for stroke patients,Not Available,Number of Cases Too Small
510013,Death rate for stroke patients,15.2,No Different Than the National Rate
510022,Death rate for stroke patients,17.9,Worse Than the National Rate
510023,Death rate for stroke patients,13.6,No Different Than the National Rate
510024,Death rate for stroke patients,11.1,No Different Than the National Rate
510029,Death rate for stroke patients,Not Available,Not Available
51002F,Death rate for stroke patients,Not Available,Not Available
510030,Death rate for stroke patients,17.6,No Different Than the National Rate
510038,Death rate for stroke patients,Not Available,Number of Cases Too Small
51003F,Death rate for stroke patients,Not Available,Not Available
510046,Death rate for stroke patients,14.2,No Different Than the National Rate
510048,Death rate for stroke patients,Not Available,Number of Cases Too Small
51004F,Death rate for stroke patients,Not Available,Not Available
510050,Death rate for stroke patients,12.8,No Different Than the National Rate
510055,Death rate for stroke patients,17.4,Worse Than the National Rate
510058,Death rate for stroke patients,14.2,No Different Than the National Rate
51005F,Death rate for stroke patients,Not Available,Not Available
510062,Death rate for stroke patients,13.2,No Different Than the National Rate
510070,Death rate for stroke patients,11.1,No Different Than the National Rate
510072,Death rate for stroke patients,Not Available,Number of Cases Too Small
510086,Death rate for stroke patients,Not Available,Number of Cases Too Small
510091,Death rate for stroke patients,Not Available,Not Available
510093,Death rate for stroke patients,Not Available,Number of Cases Too Small
510094,Death rate for stroke patients,Not Available,Not Available
511300,Death rate for stroke patients,Not Available,Not Available
511301,Death rate for stroke patients,Not Available,Number of Cases Too Small
511303,Death rate for stroke patients,Not Available,Number of Cases Too Small
511304,Death rate for stroke patients,Not Available,Not Available
511306,Death rate for stroke patients,Not Available,Number of Cases Too Small
511307,Death rate for stroke patients,Not Available,Number of Cases Too Small
511308,Death rate for stroke patients,Not Available,Number of Cases Too Small
511309,Death rate for stroke patients,Not Available,Number of Cases Too Small
511310,Death rate for stroke patients,Not Available,Number of Cases Too Small
511311,Death rate for stroke patients,Not Available,Not Available
511312,Death rate for stroke patients,Not Available,Number of Cases Too Small
511313,Death rate for stroke patients,Not Available,Number of Cases Too Small
511314,Death rate for stroke patients,Not Available,Number of Cases Too Small
511315,Death rate for stroke patients,12.3,No Different Than the National Rate
511316,Death rate for stroke patients,Not Available,Number of Cases Too Small
511317,Death rate for stroke patients,Not Available,Number of Cases Too Small
511318,Death rate for stroke patients,Not Available,Number of Cases Too Small
511319,Death rate for stroke patients,Not Available,Number of Cases Too Small
511320,Death rate for stroke patients,Not Available,Number of Cases Too Small
511321,Death rate for stroke patients,Not Available,Number of Cases Too Small
511322,Death rate for stroke patients,Not Available,Number of Cases Too Small
520002,Death rate for stroke patients,12.2,No Different Than the National Rate
520004,Death rate for stroke patients,13.3,No Different Than the National Rate
520008,Death rate for stroke patients,15.2,No Different Than the National Rate
520009,Death rate for stroke patients,12.4,No Different Than the National Rate
520011,Death rate for stroke patients,13,No Different Than the National Rate
520019,Death rate for stroke patients,14.9,No Different Than the National Rate
520021,Death rate for stroke patients,16.6,No Different Than the National Rate
520028,Death rate for stroke patients,14.9,No Different Than the National Rate
52002F,Death rate for stroke patients,Not Available,Not Available
520030,Death rate for stroke patients,14.3,No Different Than the National Rate
520033,Death rate for stroke patients,13.3,No Different Than the National Rate
520034,Death rate for stroke patients,13.1,No Different Than the National Rate
520035,Death rate for stroke patients,14.3,No Different Than the National Rate
520037,Death rate for stroke patients,12.8,No Different Than the National Rate
520038,Death rate for stroke patients,Not Available,Number of Cases Too Small
52003F,Death rate for stroke patients,Not Available,Not Available
520041,Death rate for stroke patients,13.3,No Different Than the National Rate
520044,Death rate for stroke patients,12.6,No Different Than the National Rate
520045,Death rate for stroke patients,12.8,No Different Than the National Rate
520049,Death rate for stroke patients,12.1,No Different Than the National Rate
52004F,Death rate for stroke patients,Not Available,Not Available
520051,Death rate for stroke patients,11.9,No Different Than the National Rate
520057,Death rate for stroke patients,13.5,No Different Than the National Rate
520059,Death rate for stroke patients,13.8,No Different Than the National Rate
520062,Death rate for stroke patients,13.4,No Different Than the National Rate
520063,Death rate for stroke patients,13.6,No Different Than the National Rate
520066,Death rate for stroke patients,14.5,No Different Than the National Rate
520070,Death rate for stroke patients,12,No Different Than the National Rate
520071,Death rate for stroke patients,Not Available,Number of Cases Too Small
520075,Death rate for stroke patients,14,No Different Than the National Rate
520076,Death rate for stroke patients,13.1,No Different Than the National Rate
520078,Death rate for stroke patients,Not Available,Number of Cases Too Small
520083,Death rate for stroke patients,12.5,No Different Than the National Rate
520087,Death rate for stroke patients,13.3,No Different Than the National Rate
520088,Death rate for stroke patients,13.7,No Different Than the National Rate
520089,Death rate for stroke patients,11.3,No Different Than the National Rate
520091,Death rate for stroke patients,Not Available,Number of Cases Too Small
520095,Death rate for stroke patients,13.3,No Different Than the National Rate
520096,Death rate for stroke patients,15.6,No Different Than the National Rate
520097,Death rate for stroke patients,12.3,No Different Than the National Rate
520098,Death rate for stroke patients,14.3,No Different Than the National Rate
520100,Death rate for stroke patients,15.4,No Different Than the National Rate
520102,Death rate for stroke patients,14,No Different Than the National Rate
520103,Death rate for stroke patients,14.4,No Different Than the National Rate
520107,Death rate for stroke patients,Not Available,Number of Cases Too Small
520109,Death rate for stroke patients,Not Available,Number of Cases Too Small
520113,Death rate for stroke patients,11.2,No Different Than the National Rate
520116,Death rate for stroke patients,12.2,No Different Than the National Rate
520136,Death rate for stroke patients,11.5,No Different Than the National Rate
520138,Death rate for stroke patients,10.9,Better Than the National Rate
520139,Death rate for stroke patients,12.2,No Different Than the National Rate
520160,Death rate for stroke patients,13.8,No Different Than the National Rate
520177,Death rate for stroke patients,13.4,No Different Than the National Rate
520189,Death rate for stroke patients,13.6,No Different Than the National Rate
520193,Death rate for stroke patients,11.4,No Different Than the National Rate
520194,Death rate for stroke patients,Not Available,Not Available
520196,Death rate for stroke patients,Not Available,Not Available
520198,Death rate for stroke patients,11.8,No Different Than the National Rate
520202,Death rate for stroke patients,14.4,No Different Than the National Rate
520205,Death rate for stroke patients,Not Available,Not Available
520206,Death rate for stroke patients,13.4,No Different Than the National Rate
520207,Death rate for stroke patients,11.8,No Different Than the National Rate
520208,Death rate for stroke patients,13.6,No Different Than the National Rate
520210,Death rate for stroke patients,13.3,No Different Than the National Rate
520212,Death rate for stroke patients,13.1,No Different Than the National Rate
520213,Death rate for stroke patients,Not Available,Number of Cases Too Small
520214,Death rate for stroke patients,Not Available,Not Available
520215,Death rate for stroke patients,Not Available,Number of Cases Too Small
521300,Death rate for stroke patients,Not Available,Number of Cases Too Small
521302,Death rate for stroke patients,Not Available,Number of Cases Too Small
521303,Death rate for stroke patients,Not Available,Number of Cases Too Small
521304,Death rate for stroke patients,Not Available,Number of Cases Too Small
521305,Death rate for stroke patients,Not Available,Number of Cases Too Small
521307,Death rate for stroke patients,Not Available,Not Available
521308,Death rate for stroke patients,Not Available,Number of Cases Too Small
521309,Death rate for stroke patients,Not Available,Number of Cases Too Small
521310,Death rate for stroke patients,Not Available,Number of Cases Too Small
521311,Death rate for stroke patients,Not Available,Not Available
521312,Death rate for stroke patients,Not Available,Number of Cases Too Small
521313,Death rate for stroke patients,Not Available,Number of Cases Too Small
521314,Death rate for stroke patients,Not Available,Number of Cases Too Small
521315,Death rate for stroke patients,Not Available,Number of Cases Too Small
521316,Death rate for stroke patients,Not Available,Not Available
521317,Death rate for stroke patients,Not Available,Number of Cases Too Small
521318,Death rate for stroke patients,Not Available,Number of Cases Too Small
521319,Death rate for stroke patients,Not Available,Number of Cases Too Small
521320,Death rate for stroke patients,Not Available,Number of Cases Too Small
521321,Death rate for stroke patients,Not Available,Number of Cases Too Small
521322,Death rate for stroke patients,Not Available,Number of Cases Too Small
521323,Death rate for stroke patients,Not Available,Number of Cases Too Small
521324,Death rate for stroke patients,Not Available,Number of Cases Too Small
521325,Death rate for stroke patients,Not Available,Number of Cases Too Small
521326,Death rate for stroke patients,Not Available,Number of Cases Too Small
521327,Death rate for stroke patients,Not Available,Number of Cases Too Small
521328,Death rate for stroke patients,Not Available,Number of Cases Too Small
521329,Death rate for stroke patients,Not Available,Not Available
521330,Death rate for stroke patients,Not Available,Number of Cases Too Small
521331,Death rate for stroke patients,Not Available,Number of Cases Too Small
521332,Death rate for stroke patients,Not Available,Number of Cases Too Small
521333,Death rate for stroke patients,Not Available,Number of Cases Too Small
521334,Death rate for stroke patients,Not Available,Number of Cases Too Small
521335,Death rate for stroke patients,Not Available,Number of Cases Too Small
521336,Death rate for stroke patients,Not Available,Number of Cases Too Small
521337,Death rate for stroke patients,Not Available,Number of Cases Too Small
521338,Death rate for stroke patients,Not Available,Number of Cases Too Small
521339,Death rate for stroke patients,Not Available,Number of Cases Too Small
521340,Death rate for stroke patients,Not Available,Number of Cases Too Small
521341,Death rate for stroke patients,13.2,No Different Than the National Rate
521342,Death rate for stroke patients,Not Available,Number of Cases Too Small
521343,Death rate for stroke patients,Not Available,Number of Cases Too Small
521344,Death rate for stroke patients,Not Available,Number of Cases Too Small
521345,Death rate for stroke patients,Not Available,Number of Cases Too Small
521346,Death rate for stroke patients,Not Available,Number of Cases Too Small
521347,Death rate for stroke patients,Not Available,Number of Cases Too Small
521348,Death rate for stroke patients,Not Available,Number of Cases Too Small
521349,Death rate for stroke patients,Not Available,Number of Cases Too Small
521350,Death rate for stroke patients,Not Available,Number of Cases Too Small
521351,Death rate for stroke patients,Not Available,Number of Cases Too Small
521352,Death rate for stroke patients,Not Available,Number of Cases Too Small
521353,Death rate for stroke patients,Not Available,Number of Cases Too Small
521354,Death rate for stroke patients,Not Available,Number of Cases Too Small
521355,Death rate for stroke patients,Not Available,Number of Cases Too Small
521356,Death rate for stroke patients,Not Available,Not Available
521357,Death rate for stroke patients,Not Available,Number of Cases Too Small
521358,Death rate for stroke patients,Not Available,Number of Cases Too Small
521359,Death rate for stroke patients,15,No Different Than the National Rate
523300,Death rate for stroke patients,Not Available,Not Available
523302,Death rate for stroke patients,Not Available,Not Available
530002,Death rate for stroke patients,Not Available,Number of Cases Too Small
530006,Death rate for stroke patients,14.9,No Different Than the National Rate
530008,Death rate for stroke patients,13.7,No Different Than the National Rate
530011,Death rate for stroke patients,14.6,No Different Than the National Rate
530012,Death rate for stroke patients,13.5,No Different Than the National Rate
530014,Death rate for stroke patients,12.1,No Different Than the National Rate
530015,Death rate for stroke patients,Not Available,Number of Cases Too Small
530025,Death rate for stroke patients,Not Available,Number of Cases Too Small
530032,Death rate for stroke patients,Not Available,Number of Cases Too Small
530034,Death rate for stroke patients,Not Available,Not Available
53004F,Death rate for stroke patients,Not Available,Not Available
53005F,Death rate for stroke patients,Not Available,Not Available
531301,Death rate for stroke patients,Not Available,Number of Cases Too Small
531302,Death rate for stroke patients,Not Available,Number of Cases Too Small
531303,Death rate for stroke patients,Not Available,Not Available
531304,Death rate for stroke patients,Not Available,Number of Cases Too Small
531305,Death rate for stroke patients,Not Available,Number of Cases Too Small
531306,Death rate for stroke patients,Not Available,Number of Cases Too Small
531307,Death rate for stroke patients,Not Available,Number of Cases Too Small
531308,Death rate for stroke patients,Not Available,Number of Cases Too Small
531309,Death rate for stroke patients,Not Available,Number of Cases Too Small
531310,Death rate for stroke patients,Not Available,Number of Cases Too Small
531311,Death rate for stroke patients,Not Available,Number of Cases Too Small
531312,Death rate for stroke patients,15.6,No Different Than the National Rate
531313,Death rate for stroke patients,Not Available,Number of Cases Too Small
531314,Death rate for stroke patients,Not Available,Not Available
531315,Death rate for stroke patients,Not Available,Number of Cases Too Small
531316,Death rate for stroke patients,Not Available,Number of Cases Too Small
531317,Death rate for stroke patients,Not Available,Not Available
640001,Death rate for stroke patients,Not Available,Not Available
650001,Death rate for stroke patients,15.2,No Different Than the National Rate
650003,Death rate for stroke patients,Not Available,Not Available
660001,Death rate for stroke patients,19.2,No Different Than the National Rate
670005,Death rate for stroke patients,Not Available,Not Available
670006,Death rate for stroke patients,Not Available,Not Available
670008,Death rate for stroke patients,Not Available,Not Available
670010,Death rate for stroke patients,Not Available,Not Available
670023,Death rate for stroke patients,12.6,No Different Than the National Rate
670025,Death rate for stroke patients,Not Available,Number of Cases Too Small
670031,Death rate for stroke patients,Not Available,Number of Cases Too Small
670034,Death rate for stroke patients,13.1,No Different Than the National Rate
670041,Death rate for stroke patients,12.2,No Different Than the National Rate
670043,Death rate for stroke patients,12.6,No Different Than the National Rate
670044,Death rate for stroke patients,Not Available,Number of Cases Too Small
670047,Death rate for stroke patients,14.4,No Different Than the National Rate
670049,Death rate for stroke patients,Not Available,Not Available
670053,Death rate for stroke patients,Not Available,Number of Cases Too Small
670054,Death rate for stroke patients,Not Available,Not Available
670055,Death rate for stroke patients,11,No Different Than the National Rate
670056,Death rate for stroke patients,10.9,No Different Than the National Rate
670059,Death rate for stroke patients,Not Available,Not Available
670060,Death rate for stroke patients,11.5,No Different Than the National Rate
670062,Death rate for stroke patients,Not Available,Not Available
670067,Death rate for stroke patients,Not Available,Not Available
670068,Death rate for stroke patients,Not Available,Number of Cases Too Small
670069,Death rate for stroke patients,Not Available,Not Available
670071,Death rate for stroke patients,Not Available,Number of Cases Too Small
670073,Death rate for stroke patients,Not Available,Not Available
670075,Death rate for stroke patients,13.1,No Different Than the National Rate
670076,Death rate for stroke patients,Not Available,Not Available
670077,Death rate for stroke patients,11,No Different Than the National Rate
670078,Death rate for stroke patients,Not Available,Not Available
670080,Death rate for stroke patients,11.6,No Different Than the National Rate
670082,Death rate for stroke patients,10.8,No Different Than the National Rate
670085,Death rate for stroke patients,14.2,No Different Than the National Rate
670088,Death rate for stroke patients,11.1,No Different Than the National Rate
670090,Death rate for stroke patients,Not Available,Number of Cases Too Small
670093,Death rate for stroke patients,Not Available,Not Available
670098,Death rate for stroke patients,11.8,No Different Than the National Rate
670102,Death rate for stroke patients,Not Available,Number of Cases Too Small
670103,Death rate for stroke patients,13.8,No Different Than the National Rate
670106,Death rate for stroke patients,Not Available,Number of Cases Too Small
670107,Death rate for stroke patients,Not Available,Not Available
670108,Death rate for stroke patients,13.6,No Different Than the National Rate
670109,Death rate for stroke patients,Not Available,Not Available
670112,Death rate for stroke patients,Not Available,Not Available
670115,Death rate for stroke patients,Not Available,Not Available
670120,Death rate for stroke patients,11.2,No Different Than the National Rate
670121,Death rate for stroke patients,Not Available,Not Available
670122,Death rate for stroke patients,12.4,No Different Than the National Rate
670124,Death rate for stroke patients,Not Available,Not Available
670125,Death rate for stroke patients,Not Available,Not Available
670128,Death rate for stroke patients,Not Available,Number of Cases Too Small
670131,Death rate for stroke patients,Not Available,Number of Cases Too Small
670132,Death rate for stroke patients,Not Available,Number of Cases Too Small
670134,Death rate for stroke patients,Not Available,Not Available
670135,Death rate for stroke patients,Not Available,Not Available
670136,Death rate for stroke patients,Not Available,Number of Cases Too Small
670260,Death rate for stroke patients,12.6,No Different Than the National Rate
670265,Death rate for stroke patients,Not Available,Not Available
670266,Death rate for stroke patients,Not Available,Not Available
670267,Death rate for stroke patients,Not Available,Not Available
670285,Death rate for stroke patients,Not Available,Number of Cases Too Small
670300,Death rate for stroke patients,Not Available,Number of Cases Too Small
670309,Death rate for stroke patients,Not Available,Number of Cases Too Small
670314,Death rate for stroke patients,Not Available,Not Available
670320,Death rate for stroke patients,Not Available,Not Available
670321,Death rate for stroke patients,Not Available,Not Available
670322,Death rate for stroke patients,Not Available,Not Available
670326,Death rate for stroke patients,Not Available,Not Available
670327,Death rate for stroke patients,Not Available,Not Available
670331,Death rate for stroke patients,Not Available,Not Available
670333,Death rate for stroke patients,Not Available,Not Available
671300,Death rate for stroke patients,Not Available,Not Available
671301,Death rate for stroke patients,Not Available,Not Available
