address,city,state
1701 South Shackleford Road,Little Rock,AR
5420 Kell Boulevard West,Wichita Falls,TX
679 North Main Street,Salem,AR
5645 W Addison,Chicago,IL
"Highway 135, km 4.5",Lares,PR
"Urb. Hermanas Dávila, Calle J #9",Bayamon,PR
600 Northern Blvd,Albany,NY
15255 Max Leggett Parkway,Jacksonville,FL
1500 Forest Glen Road,Silver Spring,MD
725 S Orange Avenue,West Covina,CA
322 Coleman Street,Marlin,TX
1611 NW 12th Ave,Miami,FL
1626 W Baker Rd,Baytown,TX
6011 W Sam Houston Pkwy South,Houston,TX
4801 Bissonet Street,Bellaire,TX
1301 Belleville Avenue,Brewton,AL
719 Avenue G,Kentwood,LA
751 Derby Drive,York,AL
2381 Lawrenceville Road,Lawrenceville,NJ
23455 Sparrow Rd,Mandeville,LA
100 Woods Rd,Valhalla,NY
1 Gustave L Levy Place,New York,NY
4402 Sterlington Road,Monroe,LA
61 Grasse Street,Calico Rock,AR
602 Michigan Ave,Holland,MI
1635 North Loop West,Houston,TX
4301 West Markham Street,Little Rock,AR
2815 S Seacrest Blvd,Boynton Beach,FL
104 Legion Drive,Las Vegas,NM
3300 Gallows Road,Falls Church,VA
5555 Grossmont Center Dr,La Mesa,CA
50 N Medical Dr,Salt Lake City,UT
11109 Parkview Plaza Drive,Fort Wayne,IN
1969 W Hart Rd,Beloit,WI
1287 Fulton Road,Santa Rosa,CA
800 Hope Place,Las Vegas,NV
375 Dixmyth Avenue,Cincinnati,OH
9655  Boynton Beach Blvd,Boynton Beach,FL
100 Park Road,Nocona,TX
1500 South Sunset Avenue,Littlefield,TX
5420 Kell Blvd,Wichita Falls,TX
9455 Clairemont Mesa Blvd,San Diego,CA
1607 S Locust Ave,Lawrenceburg,TN
1441 Constitution Boulevard,Salinas,CA
601 Park Street,Honesdale,PA
2050 Mercantile Drive,Leland,NC
1 Medical Center Dr,Lebanon,NH
101 Manning Dr,Chapel Hill,NC
4015 McLeod Drive,Las Vegas,NV
233 Doctors Street,Sparta,NC
2401 S Side Blvd,Greensboro,NC
1570 NC 8 & 89 HWY North,Danbury,NC
958 US Highway 64 East,Plymouth,NC
1000 Johnson Fy Rd NE,Atlanta,GA
8800 N Tryon St,Charlotte,NC
1901 North Dupont Highway,New Castle,DE
5475 S 500 E,Ogden,UT
1060 First Colonial Rd,Virginia Beach,VA
700 Scott & White Drive,College Station,TX
300 University Boulevard,Round Rock,TX
305 Mallard Lane,Taylor,TX
821 North Broadway Street,Aspermont,TX
201 East Grant Avenue,Morton,TX
1475 Fm 1960 Bypass Rd East,Humble,TX
320 North Main Street,Lockney,TX
1275 York Ave,New York,NY
3200 Providence Drive,Anchorage,AK
1509 Wilson Terrace,Glendale,CA
22 Bramhall St,Portland,ME
1925 Pacific Avenue,Atlantic City,NJ
94 Old Short Hills Road,Livingston,NJ
2101 Pease Street,Harlingen,TX
2900 W Oklahoma Ave,Milwaukee,WI
655 W 8th St,Jacksonville,FL
525 East 68th Street,New York,NY
677 Church Street NE,Marietta,GA
1 Robert Wood Johnson Place,New Brunswick,NJ
1900 Pine St,Abilene,TX
First Ave At 16th Street,New York,NY
100 Nicolls Rd,Stony Brook,NY
230 East Ridgewood Avenue,Paramus,NJ
451 Clarkson Avenue,Brooklyn,NY
743 Spring St NE,Gainesville,GA
759 Chestnut St,Springfield,MA
One Parkview Place,St. Louis,MO
5230 Centre Ave,Pittsburgh,PA
1350 Hickory St,Melbourne,FL
201 Lyons Ave,Newark,NJ
4802 10th Ave,Brooklyn,NY
99 Route 37 West,Toms River,NJ
6655 Alvarado Road,San Diego,CA
800 Washington Street,Boston,MA
1124 West 21st Street,Andover,KS
2601 Electric Avenue,Port Huron,MI
17201 Interstate 45 South,The Woodlands,TX
1475 W 49th St,Hialeah,FL
5645 W Addison St.,Chicago,IL
8929 Parallel Parkway,Kansas City,KS
2500 NE Neff Rd,Bend,OR
41870 Garstin Drive,Big Bear Lake,CA
1102 W 32nd St,Joplin,MO
1401 Foucher St,New Orleans,LA
250 Pleasant Street,Concord,NH
1 Medical Park,Wheeling,WV
333 Pine Ridge Blvd,Wausau,WI
450 Northside Cherokee Blvd,Canton,GA
1200 South Cedar Crest Blvd,Allentown,PA
200 Hawthorne Lane,Charlotte,NC
2830 Calder Avenue,Beaumont,TX
3300 Rivermont Avenue,Lynchburg,VA
300 Second Ave,Long Branch,NJ
809 University Boulevard East,Tuscaloosa,AL
1201 W Louis Henna Blvd,Austin,TX
25 Highland Avenue,Newburyport,MA
2185 Citracado Parkway,Escondido,CA
700 East Marshall Avenue,Longview,TX
1007 South William Street,Atlanta,TX
2669 Scenic Dr,Alamogordo,NM
44045 Riverside Pkwy,Leesburg,VA
303 N Clyde Morris Blvd,Daytona Beach,FL
4002 Vista Way,Oceanside,CA
1325 S Cliff Ave,Sioux Falls,SD
303 Parkway Drive Ne,Atlanta,GA
901 East 18th Street,Tifton,GA
3000 New Bern Avenue,Raleigh,NC
2425 Samaritan Dr,San Jose,CA
1901 Clinch Avenue,Knoxville,TN
2600 Saint Michael Drive,Texarkana,TX
9601 Baptist Health Drive,Little Rock,AR
211 4th St,Alexandria,LA
1 Hospital Dr,Columbia,MO
2300 Patterson St,Nashville,TN
4370 W Main St,Dothan,AL
1755 59th Pl,West Des Moines,IA
52 W Underwood St,Orlando,FL
3501 Johnson St,Hollywood,FL
2 Saint Vincent Cir,Little Rock,AR
1719 E 19th Ave,Denver,CO
5555 W Thunderbird Rd,Glendale,AZ
600 Elizabeth Street,Corpus Christi,TX
"710 Center St, Box 951",Columbus,GA
300 Pasteur Dr,Stanford,CA
600 Grant St,Gary,IN
5000 Hennessy Blvd,Baton Rouge,LA
350 W Thomas Rd,Phoenix,AZ
5 Mobile Infirmary Cir,Mobile,AL
79-01 Broadway,Elmhurst,NY
1324 Lakeland Hills Blvd,Lakeland,FL
700 NE 13th Street,Oklahoma City,OK
4077 5th Ave,San Diego,CA
200 Hawkins Dr.,Iowa City,IA
5200 Harroun Road,Sylvania,OH
30 Prospect Ave,Hackensack,NJ
401 Castle Creek Road,Aspen,CO
1717 Highway 59 Bypass,Livingston,TX
315 East Broadway,Louisville,KY
6420 Clayton Road,Saint Louis,MO
2701 W 68th Street,Chicago,IL
17101 N. Dallas Parkway,Addison,TX
2701 Dekalb Pike,Norristown,PA
500 15th Ave S,Great Falls,MT
1409 East Lake Mead Boulevard,North Las Vegas,NV
148 Chestnut Street,Needham,MA
37358 Market Place Drive,Prairieville,LA
1500 North Oakland Ave,Bolivar,MO
400 East Tenth Street,Anniston,AL
6325 Hospital Parkway,Johns Creek,GA
1959 NE Pacific St,Seattle,WA
55 Meadowlands Parkway,Secaucus,NJ
1350 East Market Street,Warren,OH
740 E State St,Sharon,PA
750 E Adams St,Syracuse,NY
12886 Troxler Avenue,Highland,IL
501 S Burma Ave,Gillette,WY
3600 NW Samaritan Dr,Corvallis,OR
830 Kempsville Road,Norfolk,VA
532 W Pittsburgh Street,Greensburg,PA
2400 West Friendly Avenue,Greensboro,NC
5750 East Baseline Road,Mesa,AZ
16815 W Bell Rd,Surprise,AZ
10 Woodland Rd.,St. Helena,CA
400 N McDowell Blvd,Petaluma,CA
"1731 Bunker Hill Road, Ne",Washington,DC
8 Prospect Street,Nashua,NH
3073 White Mountain Highway,North Conway,NH
181 Corliss Lane,Colebrook,NH
6019 Walnut Grove Road,Memphis,TN
480 Galleti Way,Sparks,NV
51 Blossom St,Boston,MA
601 Main St,Dunedin,FL
1001 Gause Blvd,Slidell,LA
170 N Eagle Creek Dr,Lexington,KY
2175 Rosaline Ave,Redding,CA
2550 Sister Mary Columba Drive,Red Bluff,CA
250 Bon Air Road,Greenbrae,CA
3401 Ludington St,Escanaba,MI
400 Health Park Blvd,Saint Augustine,FL
1065 Bucks Lake Road,Quincy,CA
616 E 13th St,Winamac,IN
5201 North Shore Drive,North Little Rock,AR
1015 Unity Road,Crossett,AR
6500 38th Ave N,St Petersburg,FL
3100 Douglas Rd,Coral Gables,FL
420 N Center St,Hickory,NC
65 W. Jimmie Leeds Road,Pomona,NJ
621 10th St,Niagara Falls,NY
1902 South U.S. Hwy 59,Parsons,KS
4305 New Shepherdsville Road,Bardstown,KY
1 Medical Center Boulevard,Cookeville,TN
1224 Trotwood Avenue,Columbia,TN
200 North Elm Street,Onamia,MN
5655 Frist Blvd,Hermitage,TN
1200 Jd Anderson Dr,Morgantown,WV
2095 Henry Tecklenburg Dr,Charleston,SC
2700 Walker Way,DeSoto,TX
2850 E Highway 114,Trophy Club,TX
2001 Doctors Dr,Springhill,LA
1 St. Mary Place,Shreveport,LA
13 Heyman Ln,Alexandria,LA
901 W Ben White Blvd,Austin,TX
1081 North China Lake Blvd.,Ridgecrest,CA
218 Corporate Drive,Houma,LA
254 Highway 3048,Rayville,LA
3630 E. Imperial Highway,Lynwood,CA
5700 East Highway 90,Sierra Vista,AZ
800 Meadows Rd,Boca Raton,FL
640 Jackson St,Saint Paul,MN
100 E Helen Street,Herington,KS
2000 Ogden Avenue,Aurora,IL
300 22nd Avenue,Brookings,SD
4601 McHugh Road,Zachary,LA
"4300 West Memorial Road, 2nd Fl.",Oklahoma City,OK
107 Governors Drive SW,Huntsville,AL
629 Dunn Street,Houma,LA
"5025 Keystone Blvd, Suite 200",Covington,LA
5400 Gibson Boulevard SE,Albuquerque,NM
4811 Ambassador Caffery Parkway,Lafayette,LA
2401 W University Ave ,Muncie,IN
1000 East Main Street,Danville,IN
215 Chisholm Trail,Jacksboro,TX
355 Ridge Ave,Evanston,IL
8050 Meadow Rd,Dallas,TX
701 North Broadway,Sleepy Hollow,NY
6701 N Charles St,Towson,MD
3995 South Cobb Drive Se,Smyrna,GA
4747 Arapahoe Avenue,Boulder,CO
2100 Wescott Drive,Flemington,NJ
438 W. Las Tunas Drive,San Gabriel,CA
400 S. 43rd Street,Renton,WA
1600 S. 20th Ave,Safford,AZ
1200 East Pecan Street,Altus,OK
"6500 Excelsior Blvd, Po Box 650",St Louis Park,MN
915 Gordon Ave,Thomasville,GA
2315 Stockton Boulevard,Sacramento,CA
2650 Ridge Ave,Evanston,IL
1915 E Rezanof Dr,Kodiak,AK
911 Meals Ave,Valdez,AK
1200 N Beaver St,Flagstaff,AZ
1111 E McDowell Road,Phoenix,AZ
801 West Maple Street,Farmington,NM
9500 Euclid Ave,Cleveland,OH
2200 E Show Low Lake Road,Show Low,AZ
30 13th St,Havre,MT
1304 Franklin Avenue,Normal,IL
801 Eastern Bypass,Richmond,KY
250 Hospital Place,Soldotna,AK
2010 Brookwood Medical Ctr Dr,Birmingham,AL
1200 Pleasant Street,Des Moines,IA
353 Fairmont Boulevard,Rapid City,SD
1 Barnes Jewish Hospital Plz,St. Louis,MO
1 Elliot Way,Manchester,NH
1 Children's Way,Little Rock,AR
110 Rehill Ave,Somerville,NJ
10030 Gilead Road,Huntersville,NC
1364 Clifton Road Ne,Atlanta,GA
5 Richland Medical Park Dr,Columbia,SC
300 Pinellas St,Clearwater,FL
225 N Jackson Ave,San Jose,CA
10101 Ridgegate Pkwy,Lone Tree,CO
4001 Dutchmans Lane,Louisville,KY
700 Chief Eddie Hoffman Highway,Bethel,AK
775 Fleischmann Way,Carson City,NV
1600 Medical Pkwy,Carson City,NV
25 Ridgewood Rd,Springfield,VT
3333 Burnet Avenue,Cincinnati,OH
8550 S Eastern Ave,Las Vegas ,NV
640 S Martin Luther King Blvd,Las Vegas,NV
5110 W Sahara Ave,Las Vegas,NV
2250 E Flamingo Rd,Las Vegas,NV
3021 W Horizon Ridge Pkwy,Henderson,NV
725 Horsepond Rd,Dover,DE
100 Rockford Dr,Newark,DE
1301 Punchbowl St,Honolulu,HI
501 W 14th St,Wilmington,DE
8303 Dodge Street,Omaha,NE
13710 St Francis Boulevard,Midlothian,VA
17065 S 71 Highway,Belton,MO
8230 North 1604 West,San Antonio,TX
806 Cupples Road,San Antonio,TX
26515 North Us Highway 281,San Antonio,TX
16977 I-35 North,Schertz,TX
10811 Town Center Drive,San Antonio,TX
16088 San Pedro Ave,San Antonio,TX
1401 W Seminole Blvd,Sanford,FL
1200 Northside Forsyth Drive,Cumming,GA
5000 Kentucky Route 321,Prestonsburg,KY
150 55th Street,Brooklyn,NY
2003 Kootenai Health Way,Coeur d'Alene,ID
1600 S 48th St,Lincoln,NE
201 West Layton Parkway,Layton,UT
101 West 8th Avenue,Spokane,WA
4440 W 95th Street,Oak Lawn,IL
5841 S Maryland Ave,Chicago,IL
300 Community Dr,Manhasset,NY
1924 Alcoa Highway,Knoxville,TN
3186 S Maryland Pkwy,Las Vegas,NV
7901 Frost St,San Diego,CA
7600 Beechnut Street,Houston,TX
8383 N Davis Hwy,Pensacola,FL
115 Mall Drive,Hanford,CA
1200 Old York Road,Abington,PA
9191 Grant St,Thornton,CO
2190 Highway 85 N,Niceville,FL
550 N Hillside St,Wichita,KS
20103 Lake Chabot Road,Castro Valley,CA
1111 Duff Ave,Ames,IA
2700 NW Stewart Pkwy,Roseburg,OR
410 Pilgrim Blvd,Hartford City,IN
2530 Debarr Rd,Anchorage,AK
4567 E 9th Ave,Denver,CO
101 E Ridge Rd,McAllen,TX
9330 State Road 54,Trinity,FL
11 Whitehall Rd,Rochester,NH
5501 S McColl Rd ,Edinburg,TX
1900 Silver Cross Blvd,New Lenox,IL
169 Ashley Avenue,Charleston,SC
7343 Clearvista Drive,Indianapolis,IN
201 W Center St,Rochester,MN
1 Tampa General Cir,Tampa,FL
1420 South Central Avenue,Glendale,CA
5501 Old York Road,Philadelphia,PA
1041 Dunlawton Ave,Port Orange,FL
80 Seymour Street,Hartford,CT
2401 South 31st Street,Temple,TX
3500 Gaston Avenue,Dallas,TX
600 Gresham Drive,Norfolk,VA
1000 North Lee Street,Oklahoma City,OK
1202 S Tyler St,Covington,LA
1 Akron General Ave,Akron,OH
6720 Bertner Ave,Houston ,TX
3615 19th Street,Lubbock,TX
615 South New Ballas Road,St. Louis,MO
3400 Spruce St,Philadelphia,PA
7700 Floyd Curl Dr,San Antonio,TX
99 Beauvoir Ave,Summit,NJ
101 Sivley SW Rd,Huntsville,AL
6411 Fannin St,Houston,TX
111 S Front Street,Harrisburg,PA
455 Silicon Valley Boulevard,San Jose,CA
1115 South Sunset Avenue,West Covina,CA
509 Biltmore Ave,Asheville,NC
320 East North Avenue,Pittsburgh,PA
350 Engle Street,Englewood,NJ
100 E 77th St,New York,NY
21214 Northwest Fwy,Cypress,TX
259 First Street,Mineola,NY
8900 N Kendall Dr,Miami,FL
701 Princeton Ave SW,Birmingham,AL
1401 St Joseph Parkway,Houston,TX
1400 E Irving Park Rd,Streamwood,IL
898 College Street,Monticello,GA
8200 Walnut Hill Ln,Dallas,TX
2525 S Downing St,Denver,CO
615 N Michigan St,South Bend,IN
1 Hospital Plaza,Old Bridge,NJ
1945 State Route 33,Neptune,NJ
5016 S US Highway 75,Denison,TX
1660 60th St,West Des Moines,IA
916 Pacific Avenue,Everett,WA
462 First Ave,New York,NY
"420 E 76th St, 2nd, 3rd, 4th & 5th Floors",New York,NY
3424 Kossuth Ave,Bronx,NY
1 S Bryant Ave,Edmond,OK
815 Pollard Road,Los Gatos,CA
95 Judge Tanner Blvd,Covington,LA
24440 Stone Springs Boulevard,Dulles,VA
4 Valley Health Plz,Paramus ,NJ
112 North 7th Street,Chambersburg,PA
18321 Clark St,Tarzana,CA
2157 Main St,Buffalo,NY
1201 South Grand Blvd,St. Louis,MO
1015 Bowles Ave,Fenton,MO
12303 De Paul Dr,Bridgeton,MO
300 1st Capitol Drive,St. Charles,MO
600 E 1st St,Spring Valley,IL
15225 Healthcote Blvd,Haymarket,VA
17 Lansing St,Auburn,NY
2651 East Discovery Parkway,Bloomington,IN
223 7th Street Ne,Washington,DC
"4601 Martin Luther King Jr. Avenue, Sw",Washington,DC
111 Michigan Ave NW,Washington,DC
452 Old Street Road,Peterborough,NH
535 South Humboldt Street,Batte Mtn,NV
4605 Maccorkle Ave Sw,South Charleston,WV
2900 1st Avenue,Huntington,WV
133 Fairfield St,St. Albans,VT
17 Belmont Ave,Brattleboro,VT
1215 Lee St,Charlottesville,VA
2525 Desales Ave,Chattanooga,TN
1265 Union Avenue,Memphis,TN
164 Summit Ave,Providence,RI
20 Powel Avenue,Newport,RI
593 Eddy St,Providence,RI
1 Saint Francis Dr,Greenville,SC
2720 Sunset Blvd,West Columbia,SC
101 E Wood St,Spartanburg,SC
 3188 Bellevue Ave,Cincinnati,OH
1 Parkland Dr,Derry,NH
855 Sixth Street,Lovelock,NV
1155 Mill Street,Reno,NV
501 Summit Street,Yankton,SD
305 S State St,Aberdeen,SD
801 Ostrum Street,Bethlehem,PA
111 S 11th St,Philadelphia,PA
1211 Medical Center Dr,Nashville,TN
3315 South Alameda St,Corpus Christi,TX
22999 Highway 59 N,Kingwood,TX
1801 N Oregon St,El Paso,TX
12221 N Mo Pac Expy,Austin,TX
4980 W. Sahara Avenue ,Las Vegas,NV
102 East Lake Mead Parkway,Henderson,NV
3001 Saint Rose Parkway,Henderson,NV
2930 Siena Heights Dr,Henderson,NV
1550 W Craig Rd,North Las Vegas,NV
4855 Blue Diamond Road,Las Vegas,NV
9880 West Flamingo Road,Las Vegas,NV
8280 W Warm Springs Rd,Las Vegas,NV
690 Edison Way,Reno,NV
100 High St,Buffalo,NY
1 Guthrie Drive,Corning,NY
818 Ellicott Street,Buffalo,NY
270-5 76th Avenue,New Hyde Park,NY
565 Abbott Rd,Buffalo,NY
118 East Haskell Street,Winnemucca,NV
1299 Bertha Howe Avenue,Mesquite,NV
3100 N Tenaya Way,Las Vegas,NV
9300 W Sunset Rd,Las Vegas,NV
640 S State St,Dover,DE
100 Wellness Way,Milford,DE
800 Prudential Dr,Jacksonville,FL
2200 Osprey Blvd,Bartow,FL
2020 59th St W,Bradenton,FL
900 N Robert Ave,Arcadia,FL
5731 Bee Ridge Road,Sarasota,FL
5301 S Congress Ave,Atlantis,FL
501 6th Avenue South ,Saint Petersburg,FL
340 NW Commerce Dr,Lake City,FL
1700 S Tamiami Trl,Sarasota,FL
4016 Sun City Center Blvd,Sun City Center,FL
301 N Alexander St,Plant City,FL
200 Ave F Ne,Winter Haven,FL
1968 Peachtree Rd NW,Atlanta,GA
190 East Bannock Street,Boise,ID
3815 Highland Ave,Downers Grove,IL
611 West Park Street,Urbana,IL
218 East Road,Hampstead,NH
550 University Blvd,Indianapolis,IN
4000 Cambridge St,Kansas City,KS
330 Brookline Ave,Boston,MA
22 S Greene Street,Baltimore,MD
300 Main St,Lewiston,ME
100 Michigan St Ne,Grand Rapids,MI
830 South Gloster,Tupelo,MS
900 E Broadway Ave,Bismarck,ND
826 West King Street,Owosso,MI
1135 Carthage Street,Sanford,NC
333 North Santa Rosa Street,San Antonio,TX
8535 Tom Slick Drive,San Antonio,TX
500 W Medical Center Blvd,Webster,TX
300 East Crocket Street,Cleveland,TX
311 Green Avenue,Palacios,TX
387 West I-10,Fort Stockton,TX
600 Austin Road,Eagle Lake,TX
200 East Arizona street,Sweetwater,TX
128 N. FM 3167,Rio Grande City,TX
200 South Geneva Street,Breckenridge,TX
2600 West Pleasant Run Road,Lancaster,TX
17750 Cali Drive,Houston,TX
7 Medical Parkway,Dallas,TX
1900 N. Higley Rd.,Gilbert,AZ
4801 Bissonnet Street,Bellaire,TX
115 W Silver Street,Westfield,MA
4845 Alameda Avenue,El Paso,TX
240 Highland Dr,Many,LA
"1500 Line Ave, Ste 206",Shreveport,LA
624 Hospital Drive,Mountain Home,AR
27 Park Street,Hyannis,MA
710 Cypress Creek Pkwy,Houston,TX
300 N Hospital Dr,Price,UT
2710 Rife Medical Lane,Rogers,AR
1204 Mound Street,Nacogdoches,TX
2600 North Highway 118 ,Alpine,TX
1700 Mount Vernon Ave,Bakersfield,CA
10200 NE 132nd Street,Kirkland,WA
401 Vanity Fair Lane,Butler,AL
13060 W. Bell Road ,Surprise,AZ
4001 J Street,Sacramento,CA
1800 North California Street,Stockton,CA
14200 E Arapahoe Rd,Centennial,CO
282 Washington St,Hartford,CT
215 West Janss Road,Thousand Oaks,CA
123 Summer St,Worcester,MA
3101 SW Sam Jackson Park Road,Portland,OR
20900 Biscayne Blvd,Aventura,FL
2626 Capital Medical Boulevard ,Tallahassee,FL
502 W Highland Blvd,Inverness,FL
700 Medical Blvd,Englewood,FL
21298 Olean Blvd,Port Charlotte,FL
1000 Mar Walt Dr,Fort Walton Beach,FL
449 West 23rd Street,Panama City,FL
119 Oakfield Dr,Brandon,FL
2901 W Swann Ave,Tampa,FL
3476 S University Dr,Davie,FL
7201 N University Dr,Tamarac,FL
2201 45th St,West Palm Beach,FL
11750 Bird Rd ,Miami,FL
201 14th St SW,Largo,FL
2025 Indian Rocks Rd S,Largo,FL
1700 S 23rd St,Fort Pierce,FL
3625 University Boulevard South,Jacksonville,FL
3663 S Miami Ave,Miami,FL
3100 S.W 62nd Ave,Miami,FL
6000 49th St N,Saint Petersburg,FL
2801 N State Road 7,Margate,FL
11375 Cortez Blvd,Brooksville,FL
1431 SW 1st Ave,Ocala,FL
2001 Kingsley Ave,Orange Park,FL
8300 Red Bug Lake Rd,Oviedo,FL
1501 Pasadena Ave S,Saint Petersburg,FL
13001 Southern Blvd,Loxahatchee,FL
325 Cypress Pkwy,Kissimmee,FL
611 Zeagler Dr,Palatka,FL
14000 Fivay Rd,Hudson,FL
1000 Medical Center Boulevard,Lawrenceville,GA
252 County Road 601,Belle Mead,NJ
6700 Lake Nona Boulevard,Orlando,FL
8201 W Broward Blvd,Plantation,FL
1199 Prince Avenue,Athens,GA
3651 Wheeler Rd,Augusta,GA
200 Industrial Blvd,Dublin,GA
1900 Tebeau St,Waycross,GA
3300 NW Expressway,Oklahoma City,OK
625 S Kentucky Street,Ashland,KS
202 S. Frisco,Coldwater,KS
605 N Main Street,Ellinwood,KS
800 W Meeting St,Lancaster,SC
1 Medical Park Dr,Chester,SC
2829 E Hwy 76,Mullins,SC
805 Pamplico Hwy,Florence,SC
310 Sunnyview Lane,Kalispell,MT
3901 S 7th St,Terre Haute,IN
65 James Street,Edison,NJ
727 North Beers Street,Holmdel,NJ
1202 East Locust Street,Emmett,ID
1907 W Sycamore St,Kokomo,IN
1400 Eastside Road,Platteville,WI
2221 West Elm Street,Rawlins,WY
4755 Ogletown Stanton Rd,Newark,DE
10500 Montgomery Road,Cincinnati,OH
5301 E Huron River Dr,Ypsilanti,MI
333 Borthwick Ave,Portsmouth,NH
17000 Medical Center Dr,Baton Rouge,LA
801 Middleford Rd,Seaford,DE
1017 W 7th St,Wray,CO
8700 Beverly Blvd,Los Angeles,CA
1201 Pleasant Valley Road,Owensboro,KY
114 Woodland Street,Hartford,CT
1102 St. Mary's Road,Junction City,KS
501 E Hampden Avenue,Englewood,CO
2375 E Prater Way,Sparks,NV
1515 Holcombe Boulevard,Houston,TX
3300 Halifax Crossing Boulevard,Deltona,FL
1330 Taylor St,Columbia,SC
1818 N Meade St,Appleton,WI
530 NE Glen Oak Ave,Peoria,IL
101 Saint Andrews Ln,Glen Cove,NY
2601 E Roosevelt Street,Phoenix,AZ
969 Lakeland Drive,Jackson,MS
1 Wyoming St,Dayton,OH
601 E Rollins St,Orlando,FL
2801 Debarr Road,Anchorage,AK
103 Fram Street,Petersburg,AK
347 Andrieux Street,Sonoma,CA
707 Sheridan Avenue,Cody,WY
6166 N Durango Drive,Las Vegas,NV
"2375 East Prater Way, 7th Floor",Sparks,NV
51 North 39th Street,Philadelphia,PA
424 Savannah Rd,Lewes,DE
801 South Washington,Naperville,IL
2500 North State Street,Jackson,MS
601 West Leota St,North Platte,NE
3700 South Main Street,Blacksburg,VA
5721 W 119th St,Overland Park,KS
2701 N Decatur Road,Decatur,GA
601 North Elm Street,High Point,NC
101 Avenue J,Anson,TX
1600 West Antelope Drive,Layton,UT
One Medical Plaza,Pampa,TX
1313 Hermann Dr.,Houston,TX
757 Westwood Plz,Los Angeles,CA
1171 W. Target Range Road,Nogales,AZ
411 Main Street,Columbia,LA
24 Norris Street,Eureka Springs,AR
1520 North Division Street,Blytheville,AR
101 Hospital Drive,Magnolia,AR
1011 14th Avenue Nw,Ardmore,OK
306 Shorter Avenue,Rome,GA
55 Fogg Road,South Weymouth,MA
500 Sw Ramsey Avenue,Grants Pass,OR
100 Madison Avenue,Morristown,NJ
1 Cooper Plaza,Camden,NJ
9100 W 74th Street,Merriam,KS
4320 Seminary Rd,Alexandria,VA
3600 Joseph Siewick Drive,Fairfax,VA
2501 Parkers Lane,Alexandria,VA
2010 Health Campus Drive,Harrisonburg,VA
2500 S Woodworth Loop,Palmer,AK
810 Saint Vincent's Drive,Birmingham,AL
44 South Main St,Randolph,VT
1 Promedica Parkway,Toledo,OH
10101 Double R Blvd,Reno,NV
2305 37th Ave SW,Minot,ND
70 Dubois St,Newburgh,NY
405 Stageline Road,Hudson,WI
8050 Township Line Rd,Indianapolis,IN
3501 Knickerbocker Road,San Angelo,TX
18600 North Hardy Oak Boulevard,San Antonio,TX
6130 Parkway Drive,Corpus Christi,TX
701 SE 5th Street,Knox City,TX
5601 De Soto Avenue,Woodland Hills,CA
7300 Medical Center Drive,West Hills,CA
1501 S Potomac St,Aurora,CO
1825 Logan Avenue,Waterloo,IA
210 Fourth Avenue,Grinnell,IA
700 West Oak Street,Kissimmee,FL
111 South 5th Street,Douglas,WY
1653W Congress Pkwy,Chicago,IL
924 Howe St,Southport,NC
9330 Medical Plaza Dr,Charleston,SC
222 West 39th Avenue,San Mateo,CA
7850 Vista Hill Avenue,San Diego,CA
3033 West Orange Avenue,Anaheim,CA
43 New Scotland Ave,Albany,NY
489 State Street,Bangor,ME
155 E Brush Hill Rd,Elmhurst,IL
4300 Bartlett Street,Homer,AK
1930 E Thomas Rd,Phoenix,AZ
18701 N. 67th Avenue,Glendale,AZ
3929 East Bell Road,Phoenix,AZ
13677 W Mcdowell Rd,Goodyear,AZ
4620 E. Baseline Road,Mesa,AZ
1155 Mill St,Reno,NV
80 Highland Street,Laconia,NH
3800 Reservoir Road NW,Washington,DC
102 Irving Street NW,Washington,DC
110 Irving Street NW,Washington,DC
1310 Southern Avenue SE,Washington ,DC
701 N Clayton St,Wilmington,DE
1 Shircliff Way,Jacksonville,FL
4201 Belfort Rd,Jacksonville,FL
5352 Linton Blvd,Delray Beach,FL
1600 SW Archer Road,Gainesville,FL
80 Jesse Hill Jr Dr SE,Atlanta,GA
800 North Justice Street,Hendersonville,NC
4420 Lake Boone Trail,Raleigh,NC
15 Aiken Ave,Franklin,NH
1035 116th Ave Ne,Bellevue,WA
3131 University Drive East,Bryan,TX
2500 Bellevue Medical Center Dr,Bellevue,NE
401 E Vaughn Ave,Ruston,LA
4608 Highway 1,Raceland,LA
810 South Broadway Street,Church Point,LA
2390 West Congress St,Lafayette,LA
638 California Avenue SW,Camden,AR
309 West Beverly Boulevard,Montebello,CA
520 N Third Ave,Sandpoint,ID
1015 Union St,Boone,IA
1501 East Tenth Street,Atlantic,IA
210 West 1st Street,St Francis,KS
845 Jackson Street,San Francisco,CA
250 W. 9th Street,Hoisington,KS
100 Medical Parkway,Denison,IA
1314 East Walnut St,Washington,IN
810 W Columbia Street,Oberlin,KS
720 N Lincoln St,Greensburg,IN
903 S Adams St,Ritzville,WA
336 N Hood St,Lake Providence,LA
1415 Ross Avenue,El Centro,CA
800 11th Street,Charles City,IA
530 Bogachiel Way,Forks,WA
300 Canal Street,King City,CA
304 West Prout Street,Hill City,KS
300 West Good Samaritan Drive,Warren,MN
240 Spruce Street,Gridley,CA
402 North Maple St,Osmond,NE
315 N 14th Ave,Othello,WA
9449 San Fernando Road,Sun Valley,CA
225 Eagle Crest Drive,Rangely,CO
107 Swift Street,Refugio,TX
1100 West 2nd ,Oshkosh,NE
4021 Avenue B,Scottsbluff,NE
1210 North Washington,Plainville,KS
1202 Third Street West,Roundup,MT
1000 Health Center Drive,Mattoon,IL
1842 Simpson Highway 149,Mendenhall,MS
8012 South Crandon Avenue,Chicago,IL
900 11th Street SE,Bandon,OR
23500 U.S. Highway 160,Walsenburg,CO
714 West Pine St.,Newport,WA
120 East Howard,Driggs,ID
530 3rd St NW,Harlowton,MT
920 Hillcrest Drive,Vernon,TX
901 Montgomery Street,Decorah,IA
17550 E Main St,Louisville,MS
2605 N Lebanon St,Lebanon,IN
2222 North Lincoln Ave,York,NE
1 Boston Medical Ctr Pl,Boston,MA
111 East 210th Street,Bronx,NY
736 Cambridge Street,Boston,MA
375 Laguna Honda Boulevard,San Francisco,CA
550 1st Ave,New York,NY
1601 Ygnacio Valley Road,Walnut Creek,CA
12605 East 16th Avenue,Aurora,CO
13123 East 16th Avenue,Aurora,CO
15 Hospital Dr,York,ME
"5656 Bee Caves Road, Ste M-302",West Lake Hills,TX
3003 Bee Caves Road,Austin,TX
1250 East Marshall Street,Richmond,VA
1500 North 28th Street,Richmond,VA
20370 NE Burns Ave,Blountstown,FL
2302 College Avenue,Conway,AR
718 Teaneck Rd,Teaneck,NJ
12902 Magnolia Drive,Tampa,FL
751 S Bascom Ave,San Jose,CA
600 St. Johnsbury Road,Littleton,NH
1701 N Senate Blvd,Indianapolis,IN
200 Exempla Circle,Lafayette,CO
1375 E 19th Ave,Denver,CO
24 Hospital Ave,Danbury,CT
6001 E Woodmen Road,Colorado Springs,CO
20 York St,New Haven,CT
273 County Road,New London,NH
70 Butler Street,Salem,NH
"29 Northwest Blvd, SNHMC West Campus",Nashua,NH
"105 Corporate Drive, Pease International Tradeport",Portsmouth,NH
172 Kinsley St,Nashua,NH
1100 Central Southeast,Albuquerque,NM
2211 Lomas Blvd NE,Albuquerque,NM
901 Adams Boulevard,Boulder City,NV
1233 East 2nd Street,Casper,WY
One Medical Center Drive,Morgantown,WV
327 Medical Park Drive,Bridgeport,WV
"122 12th Street, Po Box 1369",Princeton,WV
501 Morris Street,Charleston,WV
800 Garfield Ave,Parkersburg,WV
2500 Hospital Drive,Martinsburg,WV
100 Hospital Dr,Bennington,VT
160 Allen St,Rutland,VT
PO Box 905,St. Johnsbury,VT
189 Prouty Dr,Newport,VT
528 Washington Highway,Morrisville,VT
7101 Jahnke Road,Richmond,VA
1906 Belleview Ave SE,Roanoke,VA
301 University Boulevard,Galveston,TX
100 Kenyon Ave,Wakefield,RI
4500 W 69th St,Sioux Falls,SD
6940 Sierra Center Parkway,Reno,NV
1495 Mill Street,Reno,NV
1305 W 18th St,Sioux Falls,SD
100 N Academy Ave,Danville,PA
420 S 5th Ave,West Reading,PA
1000 Bower Hill Road,Pittsburgh,PA
300 Halket Street,Pittsburgh,PA
2333 McCallie Ave,Chattanooga,TN
5959 Park Ave,Memphis,TN
3247 S Maryland Parkway,Las Vegas,NV
2075 East Flamingo Road,Las Vegas,NV
101 Dates Dr,Ithaca,NY
700 North Spring Street,Caliente,NV
880 Alder Avenue,Incline Village,NV
200 S. A Street,Hawthorne,NV
213 South Whitacre,Yerington,NV
5460 West Sahara Avenue,Las Vegas,NV
7000 West Spring Mountain Road,Las Vegas,NV
5400 S Rainbow Blvd.,Las Vegas,NV
1800 West Charleston Boulevard,Las Vegas,NV
5255 Loughboro Rd NW,Washington,DC
575 S Dupont Hwy,New Castle,DE
6200 Sw 73rd St,Miami,FL
240 South Main Street,Wolfeboro,NH
2160 S 1st Ave,Maywood,IL
4401 Wornall Road,Kansas City,MO
2614 Jefferson Hwy,Jefferson,LA
300 Longwood Ave,Boston,MA
35 Medical Center Parkway,Augusta,ME
360 Broadway,Bangor,ME
3601 West  Thirteen Mile Rd,Royal Oak,MI
800 East 28th Street,Minneapolis,MN
1406 6th Ave N,St Cloud,MN
6051 US Highway 49,Hattiesburg,MS
25117 Highway 15,Union,MS
2301 Erwin Rd,Durham,NC
1200 North Elm St,Greensboro,NC
2100 Stantonsburg Road,Greenville,NC
300 N 7th St,Bismarck,ND
5225 23rd Ave S,Fargo,ND
987400 Nebraska Medical Ctr,Omaha,NE
10 Alice Peck Day Drive,Lebanon,NH
580 Court Street,Keene,NH
90 Swiftwater Road,Woodsville,NH
801 Pole Line Road W.,Twin Falls,ID
2500 Bernville Rd,Reading,PA
1001 Sam Perry Boulevard,Fredericksburg,VA
1705 Jackson Street,Richmond,TX
201 State St,Erie,PA
1207 S. Bailey Street,Electra,TX
3533 South Alameda Street,Corpus Christi,TX
308 Hudspeth Drive,Sonora,TX
1110 N Sarah Dewitt Drive,Gonzales,TX
539 E. Prudhomme Street,Opelousas,LA
209 Front St.,Vidalia,LA
2202 False River Drive,New Roads,LA
701 Cypress Street,Sulphur,LA
5266 Commerce St,Saint Francisville,LA
719 Detroit Ave,Danville,AR
"300 Werner Street, 3rd Floor",Hot Springs,AR
1206 Gordon Duckworth Drive,Piggott,AR
1024 S. Lemay Ave,Fort Collins,CO
272 Hospital Road,Chillicothe,OH
11900 Fairhill Road,Cleveland,OH
411 W Randolph Rd,Hopewell,VA
169 Riverside Dr,Binghamton,NY
800 E Washington Blvd,Crescent City,CA
1373 East State Road 62,Madison,IN
1460 Orange Street,Coshocton,OH
2475 E Broadway St,Helena,MT
520 S. Eagle Road,Meridian,ID
321 Mitchell Ave,Batesville,IN
150 Gilbreath Drive,Oneonta,AL
50 Medical Park Dr E,Birmingham,AL
2030 Lay Dam Road,Clanton,AL
7063 Veterans Pkwy,Pell City,AL
2811 Tieton Drive,Yakima,WA
939 Caroline St,Port Angeles,WA
1531 Esplanade,Chico,CA
4445 Magnolia Ave,Riverside,CA
2825 Capitol Avenue,Sacramento,CA
1600 Prairie Center Parkway,Brighton,CO
1615 Delaware Ln,Longview,WA
100 Hospital Road,Prince Frederick,MD
267 Grant St,Bridgeport,CT
615 N Bonita Ave,Panama City,FL
430 E Divison St,Fond Du Lac,WI
2500 Metrohealth Dr,Cleveland,OH
1010 Murray Street,San Luis Obispo,CA
102 West 9th St,Neligh,NE
140 Academy Street,Presque Isle,ME
347 N Kuakini Street,Honolulu,HI
1 Amalia Drive,Buckhannon,WV
4300 Alton Rd,Miami Beach,FL
5830 NW Barry Road,Kansas City,MO
350 North Grandview Avenue,Dubuque,IA
124 One Center Ct,Franklin,NC
428 Biltmore Ave,Asheville,NC
925 Long Drive,Rockingham,NC
190 Hospital Drive,Highlands,NC
3019 Falstaff Rd,Raleigh,NC
430 Rankin Dr,Marion,NC
830 Rockford Street,Mount Airy,NC
1144 North Road Street,Elizabeth City,NC
260 Hospital Dr,Brevard,NC
300 West 27th St,Lumberton,NC
701 N 1st St,Springfield,IL
700 Children's Drive,Columbus,OH
1900 South Ave,La Crosse,WI
602 Indiana Avenue,Lubbock,TX
555 Creekside Crossing,New Braunfels,TX
11100 Euclid Ave,Cleveland,OH
2201 Hempstead Tpke,East Meadow,NY
500 J Clyde Morris Boulevard,Newport News,VA
800 Spruce Street,Philadelphia,PA
11700 N Meridian St,Carmel,IN
1111 N Ronald Reagan Pkwy,Avon,IN
1000 Oakleaf Way,Altoona,WI
330 Mount Auburn St,Cambridge,MA
600 North Wolfe St,Baltimore,MD
900 23rd Street NW,Washington,DC
801 East Williams Avenue,Fallon,NV
975 East Third Street,Chattanooga,TN
400 N State of Franklin Road,Johnson City,TN
809 82nd Pkwy,Myrtle Beach,SC
216 Anamaria Drive,Rapid City,SD
3401 N Broad St,Philadelphia,PA
6901 Medical Parkway,Waco,TX
6621 Fannin St,Houston,TX
1500 Avenue H,Ely,NV
802 North Minter Avenue,Throckmorton,TX
4401 Penn Avenue,Pittsburgh,PA
6300 Main St,Zachary,LA
52579 Highway 51 S,Independence,LA
501 Keyser Ave,Natchitoches,LA
815 S Pine St,Vivian,LA
201 North Clifton Street,Fordyce,AR
200 North Third Street,Dardanelle,AR
801 South Main Street,Clinton,IN
1240 Huffman Mill Road,Burlington,NC
"1000 First Street, North",Alabaster,AL
8333 Felch Street,Zeeland,MI
1400 West Park Street,Urbana,IL
1234 Napier Avenue,St Joseph,MI
427 Highway 51 North,Brookhaven,MS
1105 Sixth St,Traverse City,MI
31700 Temecula Parkway,Temecula,CA
4050 Coon Rapids Blvd,Coon Rapids,MN
2450 Ashby Avenue,Berkeley,CA
1648 Huntingdon Pike,Meadowbrook,PA
1221 Pine Grove Ave,Port Huron,MI
2905 W Warner Road,Chandler,AZ
575 Rivergate Lane,Durango,CO
525 E Market St,Akron,OH
251 E Huron St,Chicago,IL
950 West Wooster Street,Bowling Green,OH
750 North 40th Street,Phoenix,AZ
6125 North Fresno Street,Fresno,CA
777 Hospital Way,Pocatello,ID
1900 Columbus Ave,Bay City,MI
100 W. California Boulevard,Pasadena,CA
501 Robertson Blvd,Walterboro,SC
320 Pomfret Street,Putnam,CT
395 Westfield Rd,Noblesville,IN
1320 West Main Street,Newark,OH
521 Adams Avenue,Morton,WA
608 Strickland Drive,Orange,TX
600 Mt Hwy 91 S,Dillon,MT
150 W 100 N,Vernal,UT
707 14th St,Baraboo,WI
1 Good Samaritan Way,Mount Vernon,IL
200 Lothrop St,Pittsburgh,PA
2151 Peachford Road,Atlanta,GA
6001 Webb Rd,Tampa,FL
8300 Collier Blvd,Naples,FL
"550 Peachtree Street, Ne",Atlanta,GA
1850 Town Center Pkwy,Reston,VA
5454 Yorktowne Drive,Atlanta,GA
557 Brookdale Drive,Statesville,NC
364 White Oak Street,Asheboro,NC
3643 N Roxboro St,Durham,NC
1200 North Elm Street,Greensboro,NC
1233 N 30th St,Billings,MT
3620 Howell Ferry Road,Duluth,GA
1101 26th St S,Great Falls,MT
2611 Wayne Avenue,Dayton,OH
2520 N University Ave,Lafayette,LA
4801 Beckner Road,Santa Fe,NM
91 Beehive Cir,Saint Cloud,FL
8210 National Avenue,Midwest City,OK
2213 Ponce By Pass,Ponce,PR
550 Sergio Cuevas,San Juan,PR
2767 Olive Highway,Oroville,CA
822 W 4th Street,Leadville,CO
121 Drew Avenue Southeast,Madelia,MN
10 Fourth Avenue SE,Glenwood,MN
100 Century Drive,Worcester,MA
606 Black River Road,Georgetown,SC
2525 Chicago Avenue South,Minneapolis,MN
2400 St Francis Dr,Breckenridge,MN
600 Main Ave S,Baudette,MN
286 16th Street,Burlington,CO
1000 Rush Drive,Salida,CO
235 W Fletcher Street,Haxtun,CO
1103 Grace Street,Wichita Falls,TX
15248 Eleventh Street,Victorville,CA
Carr. 128 Km 1.0 Bo,Yauco,PR
78 Medical Center Drive,Fishersville,VA
23900 Katy Freeway,Katy,TX
8th Avenue C Street,Salt Lake City,UT
11820 Destination Drive,Broomfield,CO
1101 Van Ness Ave,San Francisco,CA
130 Brentwood Drive,Chester,CA
170 Governors Avenue,Medford,MA
3020 Childrens Way,San Diego,CA
5325 Faraon Street,St. Joseph,MO
800 Raven Hill Drive,Atchison,KS
25500 Medical Center Drive,Murrieta,CA
1000 Trancas St,Napa,CA
2700 Dolbeer Street,Eureka,CA
5189 Hospital Road,Mariposa,CA
18697 Bagley Rd,Middleburg Heights,OH
315 West 15th Street,Liberal,KS
25 North Winfield Road,Winfield,IL
400 Northwood Drive,Centre,AL
811 Highway 65 South,Dumas,AR
"7301 Rogers Avenue, 4th Floor",Fort Smith,AR
900 South Third Street,McGehee,AR
4650 Sunset Boulevard,Los Angeles,CA
4501 Sand Creek Rd,Antioch,CA
2823 Fresno St,Fresno,CA
255 East Bonita Avenue,Pomona,CA
8200 Dodge St,Omaha,NE
2200 H St,Fairbury,NE
750 Morphy Ave,Fairhope,AL
5 Mobile Infirmary Circle,Mobile,AL
705 East Felt Street,Brownfield,TX
3400 Ministry Parkway,Weston,WI
301 Victoria Street,Costa Mesa,CA
1634 Elton Rd,Jennings,LA
850 Riverview Ave,Pineville,KY
520 W Gum St,Marion,KY
12401 Washington Blvd.,Whittier,CA
11500 Brookshire Avenue,Downey,CA
1225 Wilshire Boulevard,Los Angeles,CA
901 Olive Drive,Bakersfield,CA
509 Sumter Street,Montezuma,GA
2303 Southeast Military Drive,San Antonio,TX
1870 S 75th Street,Omaha,NE
401 Getwell Drive,Senatobia,MS
421 South Maple Street,Garnett,KS
15855 19 Mile Rd,Clinton Township,MI
130 Highlands Parkway,Picayune,MS
935 Wayne Rd.,Savannah,TN
350 Hospital Drive,Macon,GA
1201 Ricker Drive,Salem,IL
713 Oak Street,Sundance,WY
2990 Legacy Drive,Frisco,TX
2000 Medical Drive,Lakeway,TX
6601 Harris Parkway,Fort Worth,TX
232 South Woods Mill Road,Chesterfield,MO
425 Jack Martin Boulevard,Brick,NJ
1140 State Route 72 West,Manahawkin,NJ
7600 River Road,North Bergen,NJ
1 Riverview Plaza,Red Bank,NJ
1400 Nw 12th Ave,Miami,FL
2100 Madison Avenue,Granite City,IL
3333 W. DeYoung St.,Marion,IL
4600 SW 46th Ct,Ocala,FL
One Hospital Plaza,Stamford,CT
1000 Lincoln St,Fort Morgan,CO
800 West Central Road,Arlington Heights,IL
100 Bowman Drive,Voorhees,NJ
13600 Horizon Boulevard,Horizon City,TX
1001 North Tustin Avenue,Santa Ana,CA
2601 East Chapman Avenue,Orange,CA
1025 South Anaheim Blvd,Anaheim,CA
1801 Martin Luther King Drive,Helena,AR
1 Hoag Drive,Newport Beach,CA
909 N Washington Ave,Dallas,TX
2525 S Michigan Ave,Chicago,IL
1 Medical Village Dr.,Edgewood,KY
504 Elm Street NE,Albuquerque,NM
210 Marie Langdon Drive,Manchester ,KY
913 North Dixie Avenue,Elizabethtown,KY
8915 W Connell Ct,Milwaukee,WI
100 North Mario Capecchi Drive,Salt Lake City,UT
835 Southeast Bishop Boulevard,Pullman,WA
2105 Forest Avenue,San Jose,CA
250 Park Street,Bowling Green,KY
3001 Avenue A,Dodge City,KS
555 S Broadway,Tarrytown ,NY
600 East 233rd Street,Bronx,NY
374 Stockholm St,Brooklyn,NY
1324 North Sheridan Road,Waukegan,IL
1460 G Street,Springfield,OR
1454 N County Road 2050 E,Carthage,IL
2150 Hospital Drive,Windom,MN
127 South Broadway,Yonkers,NY
315 North Washington Street,Viborg,SD
20 Davis Ave,White Plains,NY
3950 Austell Road,Austell,GA
1514 Vernon Road,Lagrange,GA
1010 Three Springs Blvd,Durango,CO
16001 W Nine Mile Rd,Southfield,MI
1 Genesys Pkwy,Grand Blanc,MI
2201 Lexington Ave,Ashland,KY
4081 East Olympic Boulevard,Los Angeles,CA
2350 Meadows Blvd,Castle Rock,CO
340 Peak One Dr,Frisco,CO
1026 A Avenue Ne,Cedar Rapids,IA
777 Bannock St,Denver,CO
One Medical Center Boulevard,Upland,PA
1008 Minnequa Ave,Pueblo,CO
401 E Spruce St,Garden City,KS
2201 Chapel Ave West,Cherry Hill,NJ
295 Varnum Ave,Lowell,MA
15107 Vanowen Street,Van Nuys,CA
2525 Kings Hwy,Brooklyn,NY
619 19th S St,Birmingham,AL
2801 Atlantic Avenue,Long Beach,CA
400 West Interstate 635,Irving,TX
19801 Observation Drive,Germantown,MD
6001 E Broad St,Columbus,OH
355 North Main Street,Kanab,UT
301 Saint Paul Place,Baltimore,MD
1230 Baxter St,Athens,GA
401 Matthew Street,Marietta,OH
380 West 100 North,Monticello,UT
410W 10th Ave,Columbus,OH
17100 Euclid Street,Fountain Valley,CA
901 Harry S Truman Drive North,Largo,MD
5130 Mancuso Ln,Baton Rouge,LA
"27700 Medical Center Road, 5th Fl",Mission Viejo,CA
2855 Old Highway 5,Blue Ridge,GA
900 West Ash Street,Deming,NM
1117 East Devonshire,Hemet,CA
100 Avenida Luis Muñoz Marín,Caguas,PR
7955 Harry Hines Blvd,Dallas,TX
6509 W 103rd St,Overland Park,KS
28400 Mccall Boulevard,Menifee,CA
4646 Cowhorn Creek Rd,Texarkana,TX
1701 Santa Anita Avenue,South El Monte,CA
111 S Front St ,Harrisburg,PA
 2701 S Bristol St,Santa Ana,CA
433 E. 6th Street,Mesa,AZ
5501 South Expressway 77,Harlingen,TX
29101 Hospital Road,Lake Arrowhead,CA
241 North Road,Poughkeepsie,NY
11100 Shadow Creek Parkway,Pearland,TX
6801 Emmett F. Lowry Expressway,Texas City,TX
125 Hospital Dr,Spruce Pine,NC
9080 Colima Road,Whittier,CA
1100 Allied Drive,Plano,TX
300 South Byron Boulevard,Chamberlain,SD
2905 Third Ave SE,Aberdeen,SD
1430 North Highway,Jackson,MN
4202 Princeton Street,Lubbock,TX
3221 Commercial Cir,New Braunfels,TX
1675 East Villa Street,Phoenix,AR
229 Bellemeade Blvd. ,Gretna,LA
"4579 South Eason Boulevard, Suite B",Tupelo,MS
9310 Coors Blvd NW,Albuquerque,NM
4701 Phoenix Avenue,Fort Smith,AR
1600 North Kniss Avenue,Luverne,MN
12300 Mccracken Road,Garfield Heights,OH
200 West Church Street,Lexington,TN
5656 South Power Road,Gilbert,AZ
9201 W. Thomas Rd.,Phoenix,AZ
645 South Central Ave,Chicago,IL
42 Sixth Ave. SE.,Mayville,ND
630 East River Street,Elyria,OH
7007 Powers Boulevard,Parma,OH
2621 Grove Ave,Richmond,VA
301 Henry Street,North Vernon,IN
1625 N Campbell Ave,Tucson,AZ
29000 Center Ridge Road,Westlake,OH
47601 Grand River Ave,Novi,MI
101 Harris Rd,Kilmarnock,VA
10401 W. Thunderbird Blvd.,Sun City,AZ
14502 West Meeker Blvd,Sun City West,AZ
1405 S. Alma School Road,Chandler,AZ
600 East Blvd,Elkhart,IN
1018 Sixth Avenue,Worthington,MN
118 N. Seventh Avenue,Sheldon,IA
249 Fifth Street East,Tracy,MN
20 South Plum Street,Vermillion,SD
1401 East State Street,Rockford,IL
275 Sandwich Street,Plymouth,MA
255 North Welch Avenue,Primghar,IA
200 Medical Park Boulevard,Petersburg,VA
121 Dekalb Ave,Brooklyn,NY
1401 West First Street,Webster,SD
3001 Sanford Parkway,Thief River Falls,MN
18901 Lake Shore Boulevard,Euclid,OH
199 Reedsdale Road,Milton,MA
1730 West 25th Street,Cleveland,OH
18101 Lorain Avenue,Cleveland,OH
4300 W. Memorial Road,Oklahoma City,OK
45 W 111th Street,Chicago,IL
3333 North Webb Road,Wichita,KS
509 West 18th Street,Hermann,MO
1201 N 37th Ave,Hollywood,FL
1001 E Johnson Street,Holyoke,CO
2975 Sycamore Dr,Simi Valley,CA
507 S Monroe St,Lancaster,WI
910 Wallace Avenue,Leitchfield,KY
1316 South Main Street,Clarion,IA
1340 Hal Greer Boulevard,Huntington,WV
815 North Virginia Street,Port Lavaca,TX
1600 West 40th Avenue,Pine Bluff,AR
600 North Washington Street,Council Grove,KS
229 South Seventh Street,St. Maries,ID
235 West Vine Street,Dighton,KS
215 E 8th Street,Minneapolis,KS
300 North Columbia Ave,Seward,NE
501 Petaluma Avenue,Sebastopol,CA
520 Medical Dr,Guymon,OK
1300 N Main St,Rushville,IN
551 Highland Drive,Arco,ID
1200 West Maple Avenue,Geneva,AL
701 10TH ST. SE,Cedar Rapids,IA
1097 Northwest Blvd,Franklin,LA
2929 Woodland Park Drive,Houston,TX
911 Sunset Drive,Hollister,CA
6640 Kaniksu Street,Bonners Ferry,ID
1200 Carl Ramert Drive,Yoakum,TX
809 NE HWY 60,Seiling,OK
1000 Coney Street West,Perham,MN
715 N St Joseph Ave,Hastings,NE
710 N Walnut Street,Medicine Lodge,KS
1101 East 15th Street,Pawhuska,OK
650 W. Taylor Street,Vandalia,IL
135 Highway 402,Napoleonville,LA
710 North 12th Street,Guthrie Center,IA
315 Knapp St,Wolf Point,MT
302 North Hospital Drive,Girard,KS
300 Hillmont Ave,Ventura,CA
301 Cedar,Orofino,ID
210 South Vermont Avenue,Ransom,KS
401 W Pennsylvania Ave,Anaconda,MT
300 Pershing Ave,Shenandoah,IA
2000 Mowry Avenue,Fremont,CA
532 1ST ST NW,Britt,IA
619 South Clark Avenue,Lyons,KS
701 Lewiston St,Cottonwood,ID
6412 Laurel Avenue,Mountain Mesa,CA
615 Fulton Street,Port Clinton,OH
804 22nd Avenue,Kearney,NE
211 Skyline Dr,White Salmon,WA
730 17th Street,Modesto,CA
401 Cheyenne Ave,Satanta,KS
408 Wendell Ave,Lewistown,MT
98 Poplar Street,Blackfoot,ID
1001 Holland Avenue,Philadelphia,MS
1150 State Street,Phillipsburg,KS
7571 State Route 54,Bath,NY
2305 South 65 Highway,Marshall,MO
1740 Nicholasville Road,Lexington,KY
1 Trillium Way,Corbin,KY
7031 Sw 62nd Ave,South Miami,FL
237 W Harrison ST,Osborne,KS
1405 Northwest Church Street,Leon,IA
150 W High St,Morris,IL
66 N 6th St,Pomeroy,WA
502 S Buckeye,Stafford,KS
2501 Kentucky Avenue,Paducah,KY
721 West Kansas,Greensburg,KS
1850 State Street,New Albany,IN
1 Wickersham Dr.,Mangum,OK
350 N Meridian St,Blackfoot,ID
301 West 7th Avenue,Big Timber,MT
2900 N Lake Shore Dr,Chicago,IL
1025 New Moody Lane,La Grange,KY
1500 E Medical Center Dr,Ann Arbor,MI
821 Jeffee Drive,Kermit,TX
2142 North Cove Boulevard,Toledo,OH
900 Hospital Drive,Madisonville,KY
212 South Main Street,Minneola,KS
805 Sunset Blvd,Conrad,MT
222 Medical Circle,Morehead,KY
4500 Wichers Dr.,Marrero,LA
203 South Daisy Street,Salmon,ID
403 First Street Se,Belmond,IA
305 North Mckinney ,Sweeny,TX
350 Terracina Boulevard,Redlands,CA
409 Tyler Holmes Drive,Winona,MS
3600 Broadway,Oakland,CA
2317 Alumni Park Plz,Lexington ,KY
325 Maine St,Lawrence,KS
350 South Oak Avenue,Oakdale,CA
1650 Cowles Street,Fairbanks,AK
999 San Bernardino Rd,Upland,CA
1208 Luther Street,Eads,CO
10121 Pine Ave,Truckee,CA
1100 Magellan Dr,Tehachapi,CA
1125 W Jefferson St,Franklin,IN
1200 E Tremont St,Hillsboro,IL
800 School St,Carrollton,IL
300 South Third West,Soda Springs,ID
23625 Holman Highway,Monterey,CA
720 W Central St,El Dorado,KS
2000 S Main Street ,Fairfield,IA
2350 Hospital Drive,Webster City,IA
700 N. Huser St,Syracuse,KS
1110 Columbine Dr,Holton,KS
312 9th St SW,Waverly,IA
1100 Mercer Ave,Decatur,IN
809 W Bramley St,Jetmore,KS
1020 South Fourth Street,Canadian,TX
1011 Old Highway 60,Hardinsburg,KY
407 Cincinnati St,Delhi,LA
700 South J Street,Lakeview,OR
600 Ranch Road,Reedsport,OR
908 Tenth Avenue Southwest,Quincy,WA
711 N Taylor St ,Gunnison,CO
600 Roe Ave,Elmira,NY
800 E 9th Ave,Truth Or Consequences,NM
802 Second Street SE,Cut Bank,MT
310 South Sansome Street,Philipsburg,MT
121 East Baker Street,Indianola,MS
651 West Marion Road,Mount Gilead,OH
10123 Southeast Market Street,Portland,OR
607 Beaman Street,Clinton,NC
6600 Madison St,New Port Richey,FL
2215 Burdett Avenue,Troy,NY
555 North Duke Street,Lancaster,PA
445 Hilltop Ave,Elkhart,KS
1650 Fourth Street Southeast,Rochester,MN
403 E 1st St,Dixon,IL
217 South Third Street,Danville,KY
1000 N Allen St,Robinson,IL
500 W Broadway St.,Missoula,MT
300 W Huntington Dr,Arcadia,CA
 3131 S Main St,Moultrie,GA
2700 SE Stratus Ave,McMinnville,OR
9200 W Wisconsin Ave,Milwaukee,WI
7575 E. Earll Dr.,Scottsdale,AZ
1100 East Poplar Street,Clarksville,AR
8565 S Poplar Way,Littleton,CO
2634 Capital Circle NE,Tallahassee,FL
555 Linn Street,Allegan,MI
10666 N Torrey Pines Rd,La Jolla,CA
170 William Street,New York,NY
915 Michigan St,Sidney,OH
100 W. U.S. Highway 60,Mountain View,MO
525 Branson Landing Blvd.,Branson,MO
800 Kirnwood Drive,DeSoto,TX
214 N Prairie St,Flandreau,SD
430 North Monte Vista Street,Ada,OK
730 W Market St,Lima,OH
407 S White St,Mount Pleasant,IA
235 Eighth Avenue West,Cresco,IA
600 9th N Ave,Sibley,IA
7435 West Talcott Avenue,Chicago,IL
1100 Hollenback Lane,Deer Lodge,MT
1001 Potrero Ave,San Francisco,CA
2900 South Loop 256,Palestine,TX
207 Old Lexington Rd,Thomasville,NC
1901 1st Ave,New York,NY
701 Park Ave,Minneapolis,MN
10 E Hospital St,Manning,SC
1500 S Main Street,Eaton Rapids,MI
1815 Wisconsin Ave,Benson,MN
355 Bard Ave,Staten Island,NY
510 Roosevelt Street,American Falls,ID
333 North Smith Avenue,St Paul,MN
1200 North 7th Street,Chariton,IA
459 Highway 119 South,Springfield,GA
2315 E Main St,New Iberia,LA
611 S Marshall Avenue,Mcleansboro,IL
1015 Medical Center Pkwy,Selma,AL
417 West Third Avenue,Albany,GA
2520 E Dupont Rd,Fort Wayne,IN
4100 Mapleshade Ln,Plano,TX
1801 Hickman Road,Des Moines,IA
608 Avenue B,Ballinger,TX
100 South Ellis Street,Boise City,OK
230 Hospital Plaza,Weston,WV
7531 S Stony Island Ave,Chicago,IL
1307 Cleveland Ave,Friona,TX
6198 Cypress St,West Monroe,LA
900 Lincoln Ave,Grant,NE
2500 Discovery Dr,Orlando,FL
300 Sioux Valley Drive,Cherokee,IA
401 9th Avenue Northwest,Watertown,SD
12500 Willowbrook Road,Cumberland,MD
807 S Ponderosa St,Payson,AZ
3637 Old Vineyard Road,Winston-Salem,NC
2211 North Oak Park Avenue,Chicago,IL
900 2nd Avenue,Madison,MN
4207 Burnet Road,Austin,TX
101 Lake Oconee Pkwy,Eatonton,GA
301 E Jackson St,Dillon,SC
800 Oak Street,Farmville,VA
2329 Parker Rd,Carrollton,TX
820 West Washington Street,Eufaula,AL
900 W Kingshighway,Paragould,AR
11929 West Airport Boulevard,Stafford,TX
9407 Cumberland Road,New Kent,VA
14433 Emelita Street,Van Nuys,CA
200 Allen Memorial Drive,Bremen,GA
1901 Randolph Rd,Charlotte,NC
323 South Minnesota Street,Crookston,MN
417 S East St,Corydon,IA
409 First Street,Bernice,LA
20201 S Crawford Ave,Olympia Fields,IL
1700 Lindberg Dr,Slidell,LA
126 Hospital Avenue,Ozark,AL
160 E Erie Ave,Philadelphia,PA
28 Chick Street,Metropolis,IL
4701 W Park Ave,Houma,LA
1101 9th St SE,Sioux Center,IA
40 Hospital Road,Fairfax,OK
1008 North Main Street,Sikeston,MO
746 Jefferson Avenue,Scranton,PA
178 Grandview Dr,Cobleskill,NY
106 Medical Center Blvd,Fayetteville,TN
1 Healthy Way,Oceanside,NY
301 Memorial Dr,Donaldsonville,LA
800 Ste. Genevieve Drive,Sainte Genevieve,MO
3651 College Blvd,Leawood,KS
400 South Chestnut Street,Aberdeen,MS
503 E Lincoln St,Hendricks,MN
5602 SW Lee Blvd ,Lawton,OK
214 Peach Orchard Rd,Mc Connellsburg,PA
2600 Greenwood Rd,Shreveport,LA
3300 Healthplex Pkwy,Norman,OK
1067 Peachtree Street,Louisville,GA
923 E Central Ave,Lafollette,TN
27200 Calaroga Avenue,Hayward,CA
2008 Nine Rd,Brady,TX
6245 De Longpre Avenue,Hollywood,CA
4619 Rosemead Blvd,Rosemead,CA
832 South Main Street,Orrville,OH
250 Pond St,Braintree,MA
909 2nd St,Langdon,ND
723 W Fairview St,Albion,NE
102 Hospital Circle,Donalsonville,GA
4815 Alameda Avenue,El Paso,TX
404 S Bradley St,Warren,AR
6 N Covington St,Coalgate,OK
85 E US Higway 6,Valparaiso,IN
199 Oak St,Pembroke,MA
26136 Us Highway 59,Fairfax,MO
2950 Elmwood Ave,Kenmore,NY
575 North River St,Wilkes-barre,PA
3101 S Austin Ave,Georgetown,TX
612 Mocksville Ave,Salisbury,NC
350 N Wall St,Kankakee,IL
211 Highland Avenue,Sac City,IA
209 Health Park Dr,Libby,MT
1 Norton Ave,Oneonta,NY
200 Medical Center Dr SW,Fort Payne,AL
5300 Military Rd,Lewiston,NY
22 Masonic Ave,Wallingford,CT
1401 South California Avenue,Chicago,IL
1700 West Townline ST,Creston,IA
2500 S Hwy 305 S,Mccamey,TX
2545 Schoenersville Road,Bethlehem,PA
23700 Camino Del Sol,Torrance,CA
6818 Austin Center Blvd 100,Austin,TX
303 Sandy Corner Rd,El Campo,TX
900 North Washington Street,Du Quoin,IL
164 W 13th Street,Grafton,ND
365 Montauk Ave,New London,CT
4681 College Park Drive,Round Rock,TX
1500 Grand Lake Dr,Conroe,TX
201 Bailey Lane,Benton,IL
120 W 8th St,Onaga,KS
6401 N Federal Hwy,Fort Lauderdale,FL
3300 Oakdale AVE N,Robbinsdale,MN
800 S Ash St,Nevada,MO
110 Hospital Drive,Jefferson City,TN
1501 E. 3rd Street,Delta,CO
1000 Pole Creek Crossing,Sidney,NE
4141 Shore Dr,Indianapolis,IN
10323 State Hwy 151,San Antonio,TX
1211 Wilmington Avenue,New Castle,PA
401 N Ewing St,Lancaster,OH
1221 South Dr,Mount Pleasant,MI
435 H St,Chula Vista,CA
4100 John R St,Detroit,MI
9100 Babcock Blvd,Pittsburgh,PA
7601 E Imperial Hwy,Downey,CA
25 Wells Street,Westerly,RI
950 W Faris Rd,Greenville,SC
460 Andes Rd,Delhi,NY
800 Clay Street,Darlington,WI
1304 W Bobo Newsom Hwy,Hartsville,SC
600 Somerset Ave,Windber,PA
3655 Mitchell Street,Loris,SC
3360 Burns Rd,Palm Beach Gardens,FL
1101 Michigan Ave,Logansport,IN
25 Heckel Road,Mckees Rocks,PA
2605 Harlem Rd,Cheektowaga,NY
1200 Centre St,Roslindale,MA
101 Circle Dr,Hillsboro,TX
218 E Pack St,Moundridge,KS
465 West Putnam Avenue,Porterville,CA
200 Saint Clair Ave,Saint Marys,OH
45 10th St W,Saint Paul,MN
703 Main Street,Paterson,NJ
4000 Hwy 9 E,Little River,SC
20 Hartford Street,Houlton,ME
2669 Kinard St,Newberry,SC
2801 Gessner Road,Houston,TX
1401 Bailey Ave,Needles,CA
2233 State Route 86,Saranac Lake,NY
1350 East Woodrow Wilson,Jackson,MS
1175 Nininger Road,Hastings,MN
1071 Varnum Ave,Lowell,MA
1970 Hospital Dr,Clarksdale,MS
7601 Fannin Street,Houston,TX
1500 Matthews Township Parkway,Matthews,NC
20 Hospital Drive,Logan,WV
1309 West Main,Walnut Ridge,AR
21644 State Rd 7,Boca Raton,FL
140 Nutt Rd,Phoenixville,PA
301 Tyson Avenue,Paris,TN
9875 Hospital Drive,Maple Grove,MN
10 Hospital Dr,St. Peters,MO
744 W 9th St,Tulsa,OK
1600 7th Ave. South,Birmingham,AL
2050 Versailles Road,Lexington,KY
707 Woods St,Nacogdoches,TX
2000 W Baltimore Street,Baltimore,MD
2863 State Route 45 N,Rock Creek,OH
24 Joliet St,Dyer,IN
4646 N Marine Dr,Chicago,IL
400 E Polk St,Washington,IA
1935 Medical District Drive,Dallas,TX
901 West Main St,Freehold,NJ
510 E Carthage St,Meade,KS
500 E 51st St,Chicago,IL
4215 Joe Ramsey Blvd E,Greenville,TX
902 N 7th St,Cordele,GA
1906 Blake Ave,Glenwood Springs,CO
18101 Oakwood Blvd,Dearborn,MI
435 Ave Ponce de Leon,Hato Rey,PR
40 Union Church Road,Meadville,MS
503 McMillan Rd,West Monroe,LA
812 Gorman Ave,Elkins,WV
110 W 6th St,Oswego,NY
2560 Samaritan Dr,Las Cruces,NM
44201 Dequindre Road,Troy,MI
2555 Jimmy Johnson Blvd,Port Arthur,TX
502 W 4th Ave,Toppenish,WA
12750 Saint Francis Dr,Crown Point,IN
3719 Dauphin St,Mobile,AL
1798 N Garey Avenue,Pomona,CA
9888 Genesee Ave,La Jolla,CA
1500 Duarte Rd,Duarte,CA
4075 Old Western Row Rd,Mason,OH
1447 N. Harrison,Saginaw,MI
400 West 7th St,Frederick,MD
6101 Pine Ridge Rd,Naples,FL
877 Jefferson Avenue,Memphis,TN
1000 Montauk Highway,West Islip,NY
1001 East 18th Street,Grove,OK
8835 Germantown Ave,Philadelphia,PA
1201 7th Avenue SE,Decatur,AL
10628 Park Road,Charlotte,NC
700 West Market Street,Athens,AL
1777 Curtis Drive,Iuka,MS
12 North 7th Avenue,Mount Vernon,NY
508 S Church Street,Mt Pleasant,PA
175 Fore River Pkwy,Portland,ME
33-57 Harrison Street,Johnson City,NY
120 E Harris Ave,San Angelo,TX
315 W Hickory St,Sylacauga,AL
701 Grove Rd,Greenville,SC
975 Baptist Way,Homestead,FL
263 Farmington Ave,Farmington,CT
200 Kennedy Memorial Dr,Waterville,ME
354 Santa Fe Drive,Encinitas,CA
908 W 4th North St,Morristown,TN
316 Calhoun St,Charleston,SC
3500 Arendell Street,Morehead City,NC
615 W Nursery St,Butler,MO
1000 1st Dr Nw,Austin,MN
1600 W Avenue J,Lancaster,CA
2051 Marengo St,Los Angeles,CA
585 Lebanon Street,Melrose,MA
1105 Earl Frye Blvd,Amory,MS
1215 E Michigan Ave,Lansing,MI
800 E Locust St,Olney,IL
351 Valley Health Way,Front Royal,VA
8111 S Emerson Ave,Indianapolis,IN
199 W Main St,Shelby,OH
4900 Houston Road,Florence,KY
2900 Lamb Circle,Christiansburg,VA
17700 SE 272nd St,Covington,WA
1040 W Jefferson Street,Brownsville,TX
2 Bernardine Dr,Newport News,VA
11234 Anderson St,Loma Linda,CA
3333 N Foster Maldonado Blvd,Eagle Pass,TX
1300 Wesley Drive,Memphis,TN
3600 Florida Blvd,Baton Rouge,LA
4801 Integris Parkway,Edmond,OK
791 Summit Ave,Oconomowoc,WI
2300 Western Ave,Manitowoc,WI
2100 Pfingsten Rd,Glenview,IL
258 Pine Tree Drive,Bigfork,MN
1401 W Central Park Ave,Davenport,IA
3401 Civic Center Blvd,Philadelphia ,PA
1275 N High St,Hillsboro,OH
170 N Caseville Rd,Pigeon,MI
620 E College St,Homer,LA
1010 College Street,Oxford,NC
1701 Oak Park Blvd,Lake Charles,LA
3 Erie Ct,Oak Park,IL
3600 Washington St,Hollywood,FL
75 Nielson St,Watsonville,CA
901 Griffin Ave,Eastman,GA
3340 Hospital Rd,Saginaw,MI
30 S Behl St,Appleton,MN
100 E Lancaster Ave,Wynnewood,PA
1-5 Plainsboro Rd,Plainsboro,NJ
1021 Holden Street,Glen Rose,TX
1110 Kepler Dr,Green Bay,WI
205 Parker St,Boscobel,WI
9241 Park Royal Dr,Fort Myers,FL
85 N. Grand Avenue,Fort Thomas,KY
101 Caring Way,Redwood Falls,MN
60 Glenmaura National Blvd,Moosic,PA
751 Liberty Street,Meadville,PA
1500 James Simpson Jr. Way,Covington,KY
100 E LeFevre Rd,Sterling,IL
4720 N Clarendon Ave,Chicago,IL
905 N 1000 W,Tremonton,UT
1402 E County Line Rd,Indianapolis,IN
9600 Broadway Ext,Oklahoma City,OK
1912 AL Highway 157,Cullman,AL
955 Ribaut Rd,Beaufort,SC
750 Brunswick Ave,Trenton,NJ
12011 S E Loop 410,San Antonio,TX
1 Atwell Road,Cooperstown,NY
88 Washington Street,Taunton,MA
708 8th St,Armour,SD
2872 Turnpike Street,Susquehanna,PA
17600 Interstate 45 South,The Woodlands,TX
1210 US Highway 27 N,Lake Placid,FL
4200 Sun N Lake Blvd,Sebring,FL
9130 E Elliot Rd,Mesa,AZ
Carr 2 Km 11.7,Bayamon,PR
535 E 70th St,New York,NY
235 Wealthy St SE,Grand Rapids,MI
455 Plumas Blvd,Yuba City,CA
1700 Coffee Rd,Modesto,CA
3215 N Northhills Blvd,Fayetteville,AR
4372 Route 6,Kane,PA
2000 Sutter Place,Davis,CA
200 Mission Blvd,Jackson,CA
11815 Education Street,Auburn,CA
5601 Warren Pkwy,Frisco,TX
901 Macarthur Blvd,Munster,IN
450 Eastvold Ave,Ortonville,MN
350 Bonar Avenue,Waynesburg,PA
1420 N Tracy Blvd,Tracy,CA
30 Mark West Springs Rd,Santa Rosa,CA
300 Hospital Dr,Vallejo,CA
3901 Lone Tree Way,Antioch,CA
225 S Center Ave,Somerset,PA
306 Stanaford Road,Beckley,WV
214 East 23rd Street,Cheyenne,WY
1501 Trousdale Drive,Burlingame,CA
1021 W Interstate 2,Weslaco,TX
15790 Paul Vega Md Dr,Hammond,LA
155 Wilson Avenue,Washington,PA
1 Medical Plaza Dr,Roseville,CA
350 Hawthorne Avenue,Oakland,CA
1325 Spring St,Greenwood,SC
8900 Van Wyck Expressway,Jamaica,NY
6801 Airport Blvd,Mobile,AL
5301 E Grant Rd,Tucson,AZ
7930 Floyd Curl Dr,San Antonio,TX
4422 3rd Ave,Bronx,NY
196 North St,Geneva,NY
1638 Owen Dr,Fayetteville,NC
909 West 1st Street,Sumner,IA
170 North 1100 East,American Fork,UT
1303 N Main St,Cedar City,UT
1400 N 500 E,Logan,UT
8th Avenue & C Street,Salt Lake City,UT
4401 Harrison Boulevard,Ogden,UT
331 N 400 W,Orem,UT
900 Round Valley Dr,Park City,UT
1380 East Medical Center Drive,Saint George,UT
765 East Market Place Drive,Spanish Fork,UT
1055 North Curtis Road,Boise,ID
111 South Grant Avenue,Columbus,OH
1505 West Sherman Ave,Vineland,NJ
65 James St,Edison,NJ
3400 Wake Forest Road,Raleigh,NC
3601 N Calais St,Sherman,TX
1100 NW 95th St,Miami,FL
111 N Bailey St,Pryor,OK
1120 S Utica Ave,Tulsa,OK
2401 W Main St,Henryetta,OK
1027 East Cherry Street,Cushing,OK
1202 N Muskogee Pl,Claremore,OK
501 S Ragsdale St,Jacksonville,TX
300 Wilson St,Henderson,TX
409 Cottage Rd,Carthage,TX
2000 S Palestine Street,Athens,TX
2100 Ocoee Apopka Rd,Apopka,FL
400 Celebration Place,Celebration,FL
7727 Lake Underhill Rd,Orlando,FL
2450 N Orange Blossom Trl,Kissimmee,FL
701 W Plymouth Ave,Deland,FL
301 Memorial Medical Pkwy,Daytona Beach,FL
60 Memorial Medical Pkwy,Palm Coast,FL
401 Palmetto St,New Smyrna Beach,FL
410 S 11th St,Lake Wales,FL
608 N Key Ave,Lampasas,TX
1220 3rd Ave W,Durand,WI
4201 Saint Antoine St,Detroit,MI
6071 W Outer Drive,Detroit,MI
3990 John R Street,Detroit,MI
1700 SW 7th St,Topeka,KS
10502 N 110th East Ave,Owasso,OK
2000 W Bethany Home Rd,Phoenix,AZ
6601 White Feather Road,Joshua Tree,CA
47-111 Monroe Street,Indio,CA
222 Herlong Ave S,Rock Hill,SC
350 N Wilmot Rd,Tucson,AZ
3333 Research Plz,San Antonio,TX
1625 Medical Center Dr,El Paso,TX
3555 Cesar Chavez,San Francisco,CA
3000 Arlington Ave,Toledo,OH
1400 Jackson St,Denver,CO
"4502 Medical Dr, Mail Stop 92-1",San Antonio,TX
601 Duboce Ave,San Francisco,CA
1825 Eastchester Rd,Bronx,NY
11937 Highway 271,Tyler,TX
4800 Friendship Avenue,Pittsburgh,PA
"Carretera 172, Salida 21",Caguas,PR
1216 Second Street Southwest,Rochester,MN
700 NE 13th St,Oklahoma City,OK
505 Parnassus Avenue,San Francisco,CA
6201 Harry Hines Blvd,Dallas,TX
325 9th Ave,Seattle,WA
55 Lake Avenue North,Worcester,MA
550 Peachtree NE St,Atlanta,GA
1120 15th Street,Augusta,GA
601 John St,Kalamazoo,MI
101 The City Drive South,Orange,CA
4800 Sandpoint Way NE,Seattle,WA
200 W Arbor Dr,San Diego,CA
460 W 10th Ave,Columbus,OH
2600 6th St Sw,Canton,OH
1500 San Pablo St,Los Angeles,CA
2401 Gillham Rd,Kansas City,MO
119 Belmont St,Worcester,MA
2510 30th Avenue,Long Island City,NY
9000 Franklin Square Dr,Baltimore,MD
7900 Lees Summit Rd,Kansas City,MO
900 Nw 17th St,Miami,FL
1441 Eastlake Ave,Los Angeles,CA
3001 W Dr Martin Luther King Jr Blvd,Tampa,FL
1111 6th Ave,Des Moines,IA
1500 S Main St,Fort Worth,TX
2139 Auburn Ave,Cincinnati,OH
1818 Albion St,Nashville,TN
44405 Woodward Ave,Pontiac,MI
123 Baptist Way,Pensacola,FL
108 Denver Trl,Azle,TX
3330 Lomita Blvd,Torrance,CA
5201 Harry Hines Blvd,Dallas,TX
1300 Anne St NW,Bemidji,MN
3100 Weston Rd,Weston,FL
12911 W 40th Ave,Wheat Ridge,CO
302 University Parkway,Aiken,SC
36485 Inland Valley Dr,Wildomar,CA
1301 N Rose Dr,Placentia,CA
3751 Katella Ave,Los Alamitos,CA
1303 East Herndon Avenue,Fresno,CA
4647 Zion Ave,San Diego,CA
1504 Taub Loop,Houston,TX
921 Gessner Rd,Houston,TX
400 Rosalind Redfern Grover Parkway,Midland,TX
23845 McBean Pkwy,Valencia,CA
1919 E Thomas Rd,Phoenix,AZ
363 Highland Ave,Fall River,MA
4301 Greathouse Springs Rd,Springdale,AR
3000 Medical Center Pkwy,Bentonville,AR
300 Werner St,Hot Springs National Park,AR
602 N Acadia Rd,Thibodaux,LA
2401 W Belvedere Ave,Baltimore,MD
101 Page St,New Bedford,MA
720 Eskenazi Avenue,Indianapolis,IN
1980 Crompond Rd,Cortlandt Manor,NY
400 NE Mother Joseph Pl,Vancouver,WA
1000 Tenth Avenue,New York,NY
3201 Kings Hwy,Brooklyn,NY
1111 Amsterdam Avenue,New York,NY
801 5th Street,Sioux City,IA
701 West North Ave,Melrose Park,IL
1000 Fourth Street SW,Mason City,IA
250 Mercy Drive,Dubuque,IA
1410 North 4th Street,Clinton,IA
3249 Oak Park Ave,Berwyn,IL
3917 West Road,Los Alamos,NM
204 N Fourth Ave E,Newton,IA
16237 Ventura Blvd,Encino,CA
4500 13th Street,Gulfport,MS
6900 N Durango Dr,Las Vegas,NV
1030 River Oaks Dr,Flowood,MS
1320 Bishop Randall Dr,Lander,WY
1600 Haddon Ave,Camden,NJ
631 RB Wilson Dr,Huntingdon,TN
14550 Old Saint Augustine Road,Jacksonville,FL
450 Stanyan St,San Francisco,CA
900 Hyde Street,San Francisco,CA
3421 W 9th St,Waterloo,IA
1500 SW 10th Ave,Topeka,KS
575 North River Street,Wilkes-Barre,PA
3643 North Roxboro Rd,Durham,NC
702 Van Buren St,Fort Wayne,IN
1500 N Ritter Ave,Indianapolis,IN
2525 Court Dr,Gastonia,NC
231 S Collins Road,Sunnyvale,TX
221 Mahalani St,Wailuku,HI
1423 N Jefferson Ave,Springfield,MO
727 North Main Street,Emporia,VA
5801 Bremo Rd,Richmond,VA
100 Fairview Dr,Franklin,VA
8260 Atlee Rd,Mechanicsville,VA
3636 High St,Portsmouth,VA
4777 E Galbraith Rd,Cincinnati,OH
8401 Market St,Youngstown,OH
45 St Lawrence Dr,Tiffin,OH
7500 State Rd,Cincinnati,OH
667 Eastland Ave SE,Warren,OH
100 Medical Center Dr,Springfield,OH
3700 Kolbe Rd,Lorain,OH
5440 Kings Island Dr,Mason,OH
3000 Mack Rd,Fairfield,OH
1320 Maplewood Ave,Ronceverte,WV
1005 Broadway St,Quincy,IL
600 Mary St,Evansville,IN
929 N St Francis St,Wichita,KS
8801 S 101st East Ave,Tulsa,OK
10501 Golf Course Rd NW,Albuquerque,NM
1111 West La Palma Avenue,Anaheim,CA
1260 University Ave,Sewanee,TN
967 North Broadway,Yonkers,NY
1777 W Yosemite Ave,Manteca,CA
135 East Swan Street,Centerville,TN
117 East 19th Street,Roswell,NM
10101 South 27th Street,Franklin,WI
2727 E Lemmon Avenue,Dallas,TX
3501 S Soncy Rd,Amarillo,TX
10000 Telegraph Rd,Taylor,MI
4601 Dale Rd,Modesto,CA
1475 NW 12th Ave SUITE 2175,Miami,FL
1501 W Chisholm St,Alpena,MI
703 N McEwan St,Clare,MI
825 N Center Ave,Gaylord,MI
1465 E Parkdale Ave,Manistee,MI
1100 E Michigan Ave,Grayling,MI
400 Hobart St,Cadillac,MI
2463 S M 30,West Branch,MI
200 Hemlock St,Tawas City,MI
93 Campus Avenue,Lewiston,ME
401 Rolling Oaks Dr,Thousand Oaks,CA
18341 Us Highway 41,Lanse,MI
13855 E 14th St,San Leandro,CA
2070 Clinton Ave,Alameda,CA
5680 Frisco Square Blvd,Frisco,TX
1411 E 31st St,Oakland,CA
7101 S. Padre Island Dr,Corpus Christi,TX
2060 Fairmont Drive,San Leandro,CA
68 Sweeten Creek Road,Asheville,NC
900 Potomac St,Aurora,CO
7808 Clodus Fields Dr,Dallas,TX
2323 East 63rd Street,Kansas City,MO
3100 Avenue E,Hondo,TX
2550 North Esplanade Street,Cuero,TX
1500 Lee Blvd,Lehigh Acres,FL
2770 Main St,Marlette,MI
419 S Coral St,Kalkaska,MI
458 Hannings Ln,Martin,TN
1796 US Highway 441 N,Okeechobee,FL
200 S Interstate 35,Pearsall,TX
7170 Lafayette Ave,Fort Washington,PA
PO Box 10,Parsons,TN
5315 Millennium Drive Northwest,Huntsville,AL
1505 N Second Street,Memphis,TN
19 Prospect Street,Summit,NJ
601 Roxbury Road,Shippensburg,PA
"1106 West Dittmar Road, Building 9",Austin,TX
6500 Hornwood Dr,Houston,TX
3600 N Prow Rd,Bloomington,IN
1150 Cornell Avenue,Savannah,GA
132 The Meadows Dr,Centre Hall,PA
2255 South 88th Street,Louisville,CO
8311 W Roosevelt Rd,Forest Park,IL
2135 Southgate Rd,Colorado Springs,CO
930 Professional Park Dr,Clarksville,TN
615 Churchill Hubbard Rd,Youngstown,OH
2001 Ladbrook Dr,Kingwood,TX
250 Scenic Hwy,Lawrenceville,GA
4250 Auburn Blvd,Sacramento,CA
192 Village Dr,Jacksonville,NC
6300 Beach Blvd,Jacksonville,FL
39001 Sundale Dr,Fremont,CA
3751 Del Ray Blvd,Las Cruces,NM
3531 Lakeland Dr,Flowood,MS
8001 Bruceville Rd,Sacramento,CA
35900 Euclid Ave,Willoughby,OH
932 E 34th St,Joplin,MO
Calle J9 Extension Hermanas Davilas,Bayamon,PR
2302 Cornerstone Blvd ,Edinburg,TX
2521 East 15th Street,Casper,WY
227 Babcock St,Brookline,MA
1525 River Oaks Rd W,Harahan,LA
1405 Browns Ln,Louisville,KY
1230 6th Ave,Huntington,WV
809 W Church St,Champaign,IL
4228 Wisconsin Ave N.W.,Washington,DC
3947 Salisbury Road North,Jacksonville,FL
510 4th St S,Fargo,ND
350 Poplar Dr,Petersburg,VA
3909 South Wilson Road,Radcliff,KY
6501 NE 50th St,Oklahoma City,OK
100 Rivendell Drive,Benton,AR
5353 G Street,Chino,CA
21 Bridgeway Road,North Little Rock,AR
5757 N Dixie Hwy,Oakland Park,FL
1035 Porter Pike,Bowling Green,KY
303 N Allumbaugh St ,Boise,ID
301 E Division Street,Greenville,TX
5000 Highway 39 N,Meridian,MS
2809 South Mayhill Road,Denton,TX
100 Keokea Place,Kula,HI
113 W Hickory St,Neosho,MO
2170 E Harmon Ave,Las Vegas,NV
1900 Denver Ave,El Paso,TX
11300 Us Highway 19 North,Clearwater,FL
360 S Lola Ln,Pahrump,NV
1006 Highland Ave,Shreveport,LA
2026 W University Dr,Denton,TX
4641 Roosevelt Blvd,Philadelphia,PA
6250 US Highway 83,Abilene,TX
1501 Burnett Rd,Brownwood,TX
1515 W Chandler Blvd,Chandler,AZ
3180 Broad St,Sumter,SC
100 Medical Dr,Lake Jackson,TX
7300 N 99th Ave,Glendale,AZ
2927 Demere Rd,St Simons Island,GA
4953 Section Ave,Norwood,OH
21230 Dequindre Rd,Warren,MI
5403 Doctors Drive,Edinburg,TX
10 Hospital Dr,Saint Peters ,MO
10500 Montgomery Rd,Cincinnati,OH
815 S Vassault St,Tacoma,WA
707 Grant St,Atwood,KS
 1850 S San Tan Village Pkwy,Gilbert,AZ
1407 W Stassney Ln,Austin,TX
2545 West Quail Ave,Phoenix,AZ
153 E Monte Painter Dr,Fayetteville,AR
1201 Canyon Creek Dr,Temple,TX
4750 N Expressway,Brownsville,TX
639 S Silver Springs Rd,Cape Girardeau,MO
800 Cummings Ctr,Beverly,MA
501 Front St,Elmer,NJ
49 Robinwood Ave,Boston,MA
1955 Trucker's Drive,Fayetteville,AR
6601 Central Florida Parkway,Orlando,FL
11150 Highway 49,Gulfport,MS
722 E Butler Pike,Ambler,PA
3125 Hamilton Mason Rd,Hamilton,OH
597 Executive Campus Dr,Westerville,OH
151 W Galbraith Rd,Cincinnati,OH
10300 SW Eastridge St,Portland,OR
1200 N 7th St,Oakes,ND
214 South 4th St.,Kremmling,CO
1541 Kings Hwy,Shreveport,LA
40886 Goodwin Way,Madera,CA
274 E Chicago St,Coldwater,MI
8321 Veterans Pkwy,Columbus,GA
1350 E 750 N,Orem,UT
5995 SE Community Drive,Stuart,FL
1500 West Ashland Street,Nevada,MO
3351 Waterview Pkwy,Richardson,TX
2911 Brunswick Road,Memphis,TN
17720 Corporate Woods Dr,San Antonio,TX
9355 Warrick Trl,Newburgh,IN
1940 Harrison Ave,Panama City,FL
11800 Bluegrass Pkwy,Louisville,KY
1000 Granby Park Drive South,Granby,CO
934 Briarcliff Road Northeast,Atlanta,GA
1401 10th Ave West,Mobridge,SD
150 E Harmon Avenue,Las Vegas,NV
1155 Raiders Way,Henderson,NV
2355 Truman Scarborough Way,Titusville,FL
5230 S. Sixth Street Road,Springfield,IL
1650 South Bragaw,Anchorage,AK
5900 Coliseum Blvd,Alexandria,LA
4480 51st St W,Bradenton,FL
628 7th St,Lanai City,HI
1525 N Renaissance Blvd NE,Albuquerque,NM
555 Saint Josephs Blvd,Elmira,NY
1790 N State Street,Orem,UT
420 34th Street,Bakersfield,CA
4708 Alliance Blvd ,Plano,TX
220 Steuben St,Montour Falls,NY
1301 Grundman Blvd,Nebraska City,NE
225 Falcon Dr,Mt Sterling,KY
1001 Saint Joseph Ln,London,KY
14300 Orchard Pkwy,Westminster,CO
500 W Hospital Rd,French Camp,CA
2500 Fairway St,Dickinson,ND
414 Paoli Pike,Malvern,PA
130 S Bryn Mawr Ave,Bryn Mawr,PA
255 W Lancaster Ave,Paoli,PA
1 Medical Park Blvd,Bristol,TN
609 W Maple Ave,Springdale,AR
1068 West Baltimore Pike,Media,PA
810 Saint Vincents Dr,Birmingham,AL
2525 SW 75th Ave,Miami,FL
400 East 10th Street,Anniston,AL
1108 Ross Clark Circle,Dothan,AL
7557B Dannaher Dr,Powell,TN
2708 SW Archer Rd,Gainesville,FL
2000 Hayes St,Nashville,TN
8049 S Ave,Boardman,OH
9160 EAST HORSESHOE RD,SCOTTSDALE,AZ
5120 Legacy Dr,Plano,TX
7970 W Jefferson Blvd,Fort Wayne,IN
1087 Dennison Ave,Columbus,OH
2220 Edward Holland Dr,Richmond,VA
6200 Overton Ridge Blvd,Fort Worth,TX
15860 Old Conroe Rd,Conroe,TX
3810 Plaza Way,Kennewick,WA
2827 Fort Missoula Rd,Missoula,MT
200 Hospital Dr,Galax,VA
4488 Roslin Rd,Newburgh,IN
1400 North Wilmot Rd,Tucson,AZ
101 Civic Center Ln,Lake Havasu City,AZ
1910 Malvern Ave,Hot Springs,AR
1 Medical Park Drive,Benton,AR
5560 Mesa Springs Dr,Fort Worth,TX
860 S 8th St,Beaumont,TX
23621 SE H K Dodgen Loop,Temple,TX
116 Eddie Dowling Hwy,North Smithfield,RI
10901 World Trade Blvd,Raleigh,NC
833 Park East Blvd,Lafayette,IN
10550 W Mcdowell Rd,Avondale,AZ
2225 Parker Rd,Carrollton,TX
865 Deshong Dr,Paris,TX
8835 American Way,Englewood,CO
700 SE Inner Loop,Georgetown,TX
2805 NE 129th St,Vancouver,WA
7625 Hospital Drive,Dublin,OH
6902 S Peek Rd,Richmond,TX
13101 Memorial Springs Ct,Oklahoma City,OK
1701 Veterans Drive,Florence,AL
855 N Westhaven Dr ,Oshkosh,WI
487 Lake Concord Rd Ne,Concord,NC
275 Beaty Rd,Belmont,NC
8901 W Lincoln Ave,West Allis,WI
220 N Pennsylvania Ave,Columbus,KS
1107 US Highway 395 N,Gardnerville,NV
500 Jefferson Street,Whiteville,NC
1859 Van Buren St,Hollywood,FL
14900 Imperial Hwy,La Mirada,CA
700 High St NE,Albuquerque,NM
709 Walnut Street,Chattanooga,TN
2900 1st Ave 2 East,Huntington,WV
351 S 40th St,Muskogee,OK
3636 Medical Dr,San Antonio,TX
8060 Knue Rd,Indianapolis,IN
3030 6th St S,Saint Petersburg,FL
111 Dallas Street,San Antonio,TX
1901 N College Avenue,Santa Ana,CA
845 North Lark Ellen Avenue,West Covina,CA
14148 Francisquito Ave,Baldwin Park,CA
400 W Blackwell St,Dover,NJ
1700 W 10th St,Indianapolis,IN
11297 Fallbrook Drive,Houston,TX
333 Lorenaly Drive,Brownsville,TX
200 Hospital Cir,Westminster,CA
1740 Curie Dr,El Paso,TX
1940 El Cajon Boulevard,San Diego,CA
5190 SW 8th St,Coral Gables,FL
865 Stone St,Rahway,NJ
4900 Medical Drive,Bossier City,LA
5525 West Slauson Avenue,Los Angeles,CA
508 Victoria Lane,Harlingen,TX
4801 N Howard Ave,Tampa,FL
5555 W Blue Heron Blvd,Riviera Beach,FL
6129 Palmetto St,Philadelphia,PA
16655 Southwest Fwy,Sugar Land,TX
"64026 Hwy 434, Ste 300",Lacombe,LA
1101 Ocilla Road,Douglas,GA
2525 Glenn Hendren Drive,Liberty,MO
4389 Medina Rd,Copley,OH
6000 Hospital Drive,Hannibal,MO
36 Clinton Street,Concord,NH
1314 19th Avenue,Meridian,MS
1250 S Washington Street,Van Wert,OH
"2830 Calder Avenue, 4th Floor",Beaumont,TX
2729 Highway 65 And 82 South,Lake Village,AR
201 Pleasant Hill Road,Chester,NJ
311 North Morrow Street,Mena,AR
2720 Stone Park Boulevard,Sioux City,IA
304 Wright Street,Sweetwater,TN
2215 Truxtun Ave,Bakersfield,CA
2951 Maple Avenue,Zanesville,OH
1 Meadows Pkwy,Vidalia,GA
200 East Chestnut Street,Louisville,KY
1000 Blythe Blvd ,Charlotte,NC
900 South Bryan Road,Mission,TX
801 Poinciana Ave,Mamou,LA
21655 Biden Avenue,Georgetown,DE
35 Hospital Road,Blairsville,GA
PO Box 398,Farmerville,LA
155 Memorial Drive,Pinehurst,NC
180 Parkwood Drive,Elkin,NC
5323 Harry Hines Boulevard,Dallas,TX
778 Scogin Drive,Monticello,AR
451 West Locke Street,Ashdown,AR
500 Medical Drive,Wentzville,MO
2620 Scripture St,Denton,TX
164 South Fifth Street,Montpelier,ID
311 S 8th Ave E,Malta,MT
1351 West President George Bush,Richardson,TX
5050 County Road 472,Oxford,FL
4050 Twelve Mile Road,Warren,MI
295 Jackson Highway S,Grove Hill,AL
800 Tilghman Dr,Dunn,NC
130 Medical Circle,Nashville,AR
1200 Mohave Rd,Parker,AZ
1201 West La Veta Avenue,Orange,CA
444 Bruce Street,Yreka,CA
1000 Greg Kruschek Ave,Nome,AK
254 Easton Avenue,New Brunswick,NJ
1200 North One Mile Road,Dexter,MO
136 West Diamond Street,Philadelphia,PA
Carretera 199 KM 1.2. Avenue,Guaynabo,PR
400 North Main St,Warsaw,NY
1020 Bon Secours Dr,Suffolk,VA
500 John Deere Road,Moline,IL
400 Old River Rd,Bakersfield,CA
8111 Township Line Rd,Indianapolis ,IN
3600 E Harry St,Wichita,KS
2601 Fox Run Parkway,Yankton,SD
12623 Eckel Junction Rd,Perrysburg ,OH
327 Beach 19th St,Far Rockaway,NY
703 S. Fleishel Ave,Tyler,TX
320 Main Street,Johnstown,PA
1545 Atlantic Ave,Brooklyn,NY
211 Saint Francis Drive,Cape Girardeau,MO
1720 University Drive S.,Fargo,ND
809 Jackson Street,Burke,SD
2333 Buchanan Street,San Francisco,CA
1900 Sullivan Avenue,Daly City,CA
1001 Pine St,Renovo,PA
One Audubon Plaza Drive,Louisville,KY
4960 Norton Healthcare Boulevard,Louisville,KY
231 East Chestnut Street,Louisville,KY
1200 College Drive,Rock Springs,WY
3445 Ingleside Blvd,Ladson,SC
295 Midland Pkwy,Summerville,SC
500 Hospital Drive,Wetumpka,AL
900 North High School Road,Indianapolis,IN
4040 King Rd,Sylvania,OH
11690 Grooms Road,Blue Ash,OH
3025 Science Park Dr,Beachwood,OH
2250 Bedford Rd,Orlando,FL
"700 East Marshall Avenue, 1st Floor",Longview,TX
1310 Heather Dr,Opelousas,LA
455 Park Grove Lane,Katy,TX
5931 Crosslake Parkway,Waco,TX
420 Albertson Parkway,Broussard,LA
717 W. 71st St S,Tulsa,OK
22101 Moross Rd,Detroit,MI
1554 Surgeons Dr,Tallahassee,FL
2010 Brookwood Medical Center Drive,Birmingham,AL
44405 Woodward Avenue,Pontiac,MI
1265 Union Ave,Memphis,TN
7000 Cobble Crk,Pensacola,FL
1447 N Harrison St,Saginaw,MI
1305 West 18th Street ,Sioux Falls,SD
"6071 West Outer Drive, 7th Floor",Detroit,MI
1500 5Th Ave,McKeesport,PA
1430 South High Street,Columbus,OH
252 W 11th St,Erie,PA
1537 Walton Way,Augusta,GA
5903 Ridgewood Road,Jackson,MS
Attention Legal Department ,Mechanicsburg,PA
1301 Carlisle St,Natrona Heights,PA
1260 CITY CENTER DRIVE,CARMEL,IN
302 Gobblers Knob Road,Lufkin,TX
92 Brick Rd,Marlton,NJ
601 Colliers Way,Weirton,WV
2725 Enterprise Dr,Anderson,IN
6260 Hudson Crossing Pkwy,Hudson,OH
2155 Dana Ave,Cincinnati,OH
1630 E Primrose St,Springfield,MO
1840 Wealthy St SE,Grand Rapids,MI
1225 North State Street,Jackson,MS
96 Parkway,Rochelle Park,NJ
5615 Kyle Center Dr,Kyle,TX
215 North Ave,Mount Clemens,MI
1111 E McDowell Rd,Phoenix,AZ
4225 Woods Place,Abilene,TX
1420 Blankenship Drive,DeRidder,LA
615 Clinic Drive,Longview,TX
6990 Engle Road,Middleburg Heights,OH
302 W McNeese St,Lake Charles,LA
3300 South Fm 1788,Midland,TX
955 NW 3rd St,Miami,FL
320 Main St,Johnstown,PA
705 Juniper St NE,Atlanta,GA
 929 North St Francis Street,Wichita,KS
4001 PRESTON AVENUE SUITE 150,PASADENA,TX
15103 N. Pennsylvania Ave,Edmond,OK
401 S Ballenger Hwy,Flint,MI
301 Memorial Medical Parkway,Daytona Beach,FL
372 Inverness Drive South,Englewood,CO
1135 Olde West Chocolate Avenue,Hummelstown,PA
3060 Melaleuca Lane,Lake Worth,FL
1044 Belmont Avenue,Youngstown,OH
3050 Champion Ring Rd,Fort Myers,FL
1731 N 90th St,Kansas City,KS
2600 6th St SW,Canton,OH
One Mellon Way ,Latrobe,PA
14001 NW 82nd Ave,Miami Lakes,FL
180C Debuys Road,Biloxi,MS
2621 Bolton Avenue,Alexandria,LA
7501 Wallace Blvd. Floor 2,Amarillo,TX
212 WILLIE RAY DRIVE,CABOT,AR
716 Village Rd,Kenner,LA
15782 Professional Plaza,Hammond,LA
1199 Pleasant Valley Way,West Orange,NJ
200 East Market St,Akron,OH
400 SE 4th St,Evansville,IN
7855 Howell Blvd. Suite 100,Baton Rouge,LA
6135 SW 17TH STREET,TOPEKA,KS
3015 N Ballas Rd,Saint Louis,MO
6815 Hilltop Road,Shawnee,KS
"3 Avenida Font Martelo, Humacao",Humacao,PR
 5353 Reynolds St,Savannah,GA
1612 BLACKISTON VIEW DRIVE,CLARKSVILLE,IN
3512 COOLIDGE RD,EAST LANSING,MI
"50 Medical Park East, 8th Floor",Birmingham,AL
5220 Alexis Rd,Sylvania,OH
4321 Fir St,East Chicago,IN
805 Pamplico Highway,Florence,SC
744 West 9th St,Tulsa,OK
5579 South Orange Avenue,Orlando,FL
4650 Central Park Blvd,Denver,CO
1600 SW Archer Rd,Gainesville,FL
801 Braxton Pl,Madison,WI
 200 Lothrop St,Pittsburgh,PA
4300 Londonderry Rd,Harrisburg,PA
1701 Innovation Drive,York,PA
300 1st Capitol Drive ,St Charles,MO
 501 19th Street,Knoxville,TN
Carr 844 KM 5 Cupey Bajo,San Juan,PR
4780 State Hwy 121,The Colony,TX
120 CRAVEN RD ,SAN MARCOS,CA
4800 Hospital Parkway,Beatrice,NE
8850 E Pima Center Parkway,Scottsdale,AZ
2333 Biddle Ave,Wyandotte,MI
1227 E Rusholme St,Davenport,IA
3237 South 16th Street,Milwaukee,WI
535 Coliseum Drive,Macon,GA
1102 Constitution Ave,Meridian,MS
4200 Interchange Corporate Center Rd,Warrensville Heights,OH
1300 Hidden Lakes Pkwy,Golden Valley,MN
218 A Sunset Road,Willingboro,NJ
7904 CABELA DRIVE,HAMMOND,IN
300 Market St,Saddle Brook,NJ
1200 J D Anderson Dr,Morgantown,WV
500 J. Clyde Morris Blvd.,Newport News,VA
2025 W Orange Grove Rd,Tucson,AZ
Attention Legal Department,Mechanicsburg,PA
4714 Gettysburg Rd,Mechanicsburg,PA
1451 Fern Circle,Shreveport,LA
11325 College Blvd,Overland Park,KS
13451 N. 94th Dr,Peoria,AZ
3200 S 103rd St,Greenfield,WI
10240 Broadway Extension,Oklahoma City,OK
4351 Centreway Place,Arlington ,TX
3805 Emerald Parkway,Dublin,OH
7909 South 101st East Avenue,Tulsa,OK
150 Pioneer Lane,Bishop,CA
162 Legacy Point,Clayton,GA
434 North West Street,Perryville,MO
450 E Sigler Ave,Memphis,MO
100 Medical Center Way,Somers Point,NJ
8800 West Emerald Street,Boise,ID
2000 Hospital Drive,Mount Pleasant,SC
210 South First Street,Harbor Beach,MI
8850 NW 122nd St,Hialeah Gardens,FL
242 Green St,Gardner,MA
946 East Reed Street,Hayti,MO
824 N. 11th St.,Montevideo,MN
200 E Fairman Ave,Watseka,IL
701 Wall St,Valparaiso,IN
1 Anna Marsh Ln,Brattleboro,VT
78 Hospital Road,Macon,MS
1720 Mountain View Ave,Loma Linda,CA
601 State Route 664 N,Logan,OH
2000 E Greenville St,Anderson,SC
935-B Spring Street,Placerville,CA
 238 Summar Dr,Jackson,TN
1 Abrahms Blvd,West Hartford,CT
135 Ave G,Apalachicola,FL
2900 N River Rd,West Lafayette,IN
1850 Wesley Rd,Auburn,IN
3777 S. Bascom Ave,Campbell,CA
4200 Houma Blvd,Metairie,LA
403 Burkarth Rd,Warrensburg,MO
2575 Boyce Plaza Road,Pittsburgh,PA
7400 Roper Lane,Daphne,AL
20 Homestead Avenue,Wheeling,WV
3001 Scenic Hwy,Gadsden,AL
326 W 64th St,Chicago,IL
555 Washington Street,San Diego,CA
2633 East 27th Street,Oakland,CA
507 Hospital Way,Brewster,WA
203 Hospital Dr,Raton,NM
745 E 8th St,Winner,SD
220 Hospital Dr,Jackson,AL
2002 East Robinson St,Norman,OK
2106 Loop Rd,Winnsboro,LA
1124 Washington Blvd,Newcastle,WY
101 Crestview Ave,Evergreen,AL
1621 Front Street,Henderson,NE
1625 E Jefferson Blvd,Mishawaka,IN
200 N Madison St,Marshall,MI
461 W Huron St,Pontiac,MI
1421 General Taylor Street,New Orleans,LA
401 6th Ave,Montgomery,WV
230 Medical Center Dr,Seaman,OH
1200 B. Gale Wilson Blvd.,Fairfield,CA
1830 Franklin St,Denver,CO
200 Ohio St,Medina,NY
615 Old Symsonia Rd,Benton,KY
1101 Medical Center Blvd,Marrero,LA
1495 Frazier Road,Ruston,LA
23455 Sparrow Road,Mandeville,LA
616 19th St,Columbus,GA
300 56th St Se,Charleston,WV
1233 Main Street,Holyoke,MA
830 Washington St,Watertown,NY
1401 South Park Street,El Dorado Springs,MO
4225 W 20th Ave,Hialeah,FL
777 Avenue H,Powell,WY
26W171 Roosevelt Road,Wheaton,IL
145 Memorial Dr,Broken Bow,NE
1891 Effie St,Los Angeles,CA
214 King St,Ogdensburg,NY
620 N Main St,Harrison,AR
20733 N Broad St,Carlinville,IL
620 8th Ave,Terre Haute,IN
1900 Gauthier Rd,Lake Charles,LA
700 West Grove Street,El Dorado,AR
14850 Roscoe Blvd,Panorama City ,CA
3001 Broadmoor Blvd NE,Rio Rancho,NM
850 W Irving Park Rd,Chicago,IL
201 Mariarden Road,Dadeville,AL
9048 Sugar Estate,St Thomas,VI
Road 2 Km 173.4 BO. Cain Alto,San German,PR
2033 Main Street,Athol,MA
950 Matthew Drive,Waynesboro,MS
50 N Perry St,Pontiac,MI
10802 College Place,Cerritos,CA
300 West Ottley Avenue,Fruita,CO
380 Woods Cove Rd,Scottsboro,AL
1400 W Main St,Bellevue,OH
100 Airport Rd,Kinston,NC
1100 Las Tablas Road,Templeton,CA
65 Highland Ave,Peapack,NJ
1926 Oak Street,Unionville,MO
7353 Sisters Grv,Colorado Springs,CO
2828 N National Ave,Springfield,MO
26520 Cactus Ave,Moreno Valley,CA
1223 Market Ave N,Canton,OH
1500 Pennsylvania Ave,Hagerstown,MD
1915 Eisenhower Dr,Savannah,GA
100 North 30th Street,Clinton,OK
1700 E 19th Street,The Dalles,OR
2001 Dwight Way,Berkeley,CA
70 East Street,Methuen,MA
210 W San Bernardino Rd,Covina,CA
1450 Chapel St,New Haven,CT
1300 Miccosukee Rd,Tallahassee,FL
3100 SW 89th St,Oklahoma City,OK
235 N Pearl St,Brockton,MA
445 Lenox Road,Brooklyn,NY
205 North Cherry Street,Magnolia,MS
1000 Wellness Way,Fort Mill,SC
2451 University Hospital Drive,Mobile,AL
150 Reynoir St,Biloxi,MS
120 Gateway Corporate Blvd,Columbia,SC
1125 Madison St,Jefferson City,MO
2305 Chambliss Ave Nw,Cleveland,TN
329 NC Highway 801 N,Bermuda Run,NC
500 W Court St,Kankakee,IL
2200 Morris Hill Road,Chattanooga,TN
15891 Los Gatos Almaden Rd,Los Gatos,CA
130 A St SW ,Miami,OK
1300 E 5th Ave,Winfield,KS
201 S Garnett Road,Tulsa,OK
840 Walnut Street,Philadelphia,PA
181 Whipple St,Prescott,AZ
100 S Raymond Ave,Alhambra,CA
309 Belmont St,Worcester,MA
2525 Viking Dr,Bossier City,LA
1636 Hunters Glen Rd,San Angelo,TX
333 Irving Ave,Bridgeton,NJ
1309 Sheldon Rd,Grand Haven,MI
3400 Lincoln Avenue,Evansville,IN
1800 Irving Place,Shreveport,LA
Road 696 Intersection Efron Avenue Bo Higuillar,Dorado,PR
310 Salem Woodstown Rd,Salem,NJ
8001 Youree Dr,Shreveport,LA
904 Scioto Street,Urbana,OH
10860 New Allegiance Dr,Colorado Springs,CO
2471 Louisiana Ave,Lutcher,LA
1210 W Saginaw St,Lansing ,MI
1015 Mar Walt Dr,Fort Walton Beach,FL
323 Evergreen Street,Bunkie,LA
14500 Hayne Boulevard,New Orleans,LA
1395 Calle San Rafael,San Juan,PR
Edificio Jesus T. Pinero Ave. ,Carolina,PR
859 Alderson Street,Williamson,WV
"State Road No. 2, Km 47.7",Manati,PR
4201 Woodland Dr,New Orleans,LA
5435 E 16th ST,Indianapolis,IN
711 Green Rd,Madison,IN
498 NW 18th St,Richmond,IN
13351 S Arapaho Dr,Olathe,KS
8614 Shepherd Farm Dr,West Chester,OH
3755 S Rome St,Gilbert,AZ
1175 Carondelet Dr,Richland,WA
2085 Citygate Drive,Colubus,OH
1525 N 12th St,Milwaukee,WI
1100 Alabama Avenue SE,Washington,DC
1710 Hwy 287 N Suite 300,Mansfield,TX
1416 George Dieter,El Paso,TX
1100 East Ninth Street,Edmond,OK
929 Gessner Road,Houston,TX
27100 Chardon Road,Richmond Heights,OH
210 Industrial Park Road Drive,Rocky Top,TN
1550 North 115th St,Seattle,WA
1612 Hurst Town Center Drive,Hurst,TX
One St Mark's Place,La Grange,TX
2317 Alumni Park Plz,Lexington,KY
540 The Rialto,Venice,FL
5975 West Twain Avenue,Las Vegas,NV
5901 Monclova Road,Maumee,OH
128 Lehua St,Wahiawa,HI
"State Route 264 South 191, Po Box 457",Ganado,AZ
Antonio R. Barcelo Street #5,Utuado,PR
1111 Elmwood Ave,Rochester,NY
680 Centre Street,Brockton,MA
Centro Médico de Puerto Rico,San Juan,PR
9500 NW 58 Street,Doral,FL
404 General Valero Avenue,Fajardo,PR
"181 Taylor Ave, 6th Floor",Columbus,OH
"2100 US-61, 6th Floor",Vicksburg,MS
921 Avenue G,Kentwood,LA
19211 Mckay Drive,Humble,TX
"Calle Santa Cruz, Urb # 70",Bayamon,PR
"1350 E Market St, 9th Floor",Warren,OH
2221 Murphy Avenue,Nashville,TN
6000 Kanakanak Rd,Dillingham,AK
801 Locust St,La Crosse,KS
2351 East 22nd Street,Cleveland,OH
13695 Us Hwy 1,Sebastian,FL
195 Little Albany Street,New Brunswick,NJ
701 Cashua Ferry Rd,Darlington,SC
110 Longwood Ave,Rockledge,FL
188 Hospital Lane,Jellico,TN
404 N Keene St,Columbia,MO
3186 Maryland Parkway,Las Vegas,NV
730 MAGNOLIA AVE,CORONA,CA
1431 N Claremont Ave,Chicago,IL
1325 N Highland Avenue,Aurora,IL
809 E Marion Ave,Punta Gorda,FL
1000 S BECKHAM AVENUE 5TH FLOOR,TYLER,TX
2550 Kings Hwy ,Shreveport,LA
100 Hospital Drive,Louisburg,NC
2600 Highway 365,Nederland,TX
2800 10th Ave N,Billings,MT
6565 Fannin St,Houston,TX
1401 East 8th Street,Weslaco,TX
323 W Walnut Ave,Bastrop,LA
1201 West 38th Street,Austin,TX
1400 East Church St,Santa Maria,CA
111 Colchester Ave,Burlington,VT
3440 E La Palma Ave,Anaheim,CA
289 County Rd,Windsor,VT
301 W Expressway 83,McAllen,TX
1250 East Almond Avenue,Madera,CA
361 Alexander Spring Rd,Carlisle,PA
1000 N 16th St,New Castle,IN
1200 Memorial Drive,Dalton,GA
7691 Poplar Avenue,Germantown,TN
417 1st Ave,Seward,AK
5777 E Mayo Blvd,Phoenix,AZ
3690 Grandview Parkway,Birmingham,AL
100 Mcgregor Street,Manchester,NH
1400 Medical Pkwy,Carson City,NV
4805 NE Glisan St,Portland,OR
800 East Dawson Street,Tyler,TX
12040 128th St Ne,Kirkland,WA
2 Progress Point Pkwy,O'Fallon,MO
10864 Texas Health Trail,Fort Worth,TX
18300 Roscoe Boulevard,Northridge,CA
1955 West Frye Road,Chandler,AZ
640 Ulukahiki St,Kailua,HI
2450 South Telshor Boulevard,Las Cruces,NM
115 Porter Drive,Middlebury,VT
3404 W Sylvania Ave,Toledo,OH
7777 Forest Lane,Dallas,TX
7400 Barlite Boulevard,San Antonio,TX
125 Parker Hill Avenue,Boston,MA
262 Leroy George Drive,Clyde,NC
7500 Mercy Rd,Omaha,NE
1600 Joseph Dr,Bryan,TX
1275 Marvin Hancock Drive,Jasper,TX
8389 S Broadway Avenue,Tyler,TX
2300 Lone Star Road,Mansfield,TX
1400 8th Avenue,Fort Worth,TX
1901 N MacArthur Blvd,Irving,TX
100 Woman's Way,Baton Rouge,LA
"1500 Sw 1st Ave, 5th Floor",Ocala,FL
950 Medical Dr,Brigham City,UT
16251 Sylvester Rd SW,Burien,WA
1015 N.W. 22nd Avenue,Portland,OR
400 N. Pepper Avenue,Colton,CA
3555 S Val Vista Dr,Gilbert,AZ
1003 Willow Creek Road,Prescott,AZ
1401 S Grand Ave,Los Angeles,CA
1805 Medical Center Dr,San Bernardino,CA
1555 Soquel Dr.,Santa Cruz,CA
1911 Johnson Avenue,San Luis Obispo,CA
1650 Creekside Drive,Folsom,CA
333 Mercy Avenue,Merced,CA
6501 Coyle Ave,Carmichael,CA
7500 Hospital Dr,Sacramento,CA
170 Alameda De Las Pulgas,Redwood City,CA
155 Glasson Way,Grass Valley,CA
2101 North Waterman Avenue,San Bernardino,CA
2309 Antonio Ave,Camarillo,CA
1600 N Rose Ave,Oxnard,CA
1050 Linden Avenue,Long Beach,CA
1325 Cottonwood St,Woodland,CA
95 South Pagosa Boulevard,Pagosa Springs,CO
6500 W Newberry Rd,Gainesville,FL
1800 SE Tiffany Ave,Port Saint Lucie,FL
4700 Waters Ave,Savannah,GA
97 West Parkway,Pompton Plains,NJ
2400 N IH 35 E,Waxahachie,TX
4400 Long Prairie Road,Flower Mound,TX
2400 North Rockton Avenue,Rockford,IL
100 Health Park Drive,Louisville,CO
1700 East Saunders Street,Laredo,TX
9440 Poppy Drive,Dallas,TX
3131 Troup Hwy,Tyler,TX
1044 Belmont Ave,Youngstown,OH
1401 West 5th Street,Sheridan,WY
2500 North Tenaya,Las Vegas,NV
17200 St Lukes Way,The Woodlands,TX
725 Welch Road,Palo Alto,CA
2210 Robinson Street,Conway,AR
300 North Ave,Battle Creek,MI
3260 Hospital Drive,Juneau,AK
2801 N Gantenbein Avenue,Portland,OR
250 E Hampden Rd,Middletown,DE
206 2nd St E,Bradenton,FL
4725 N Federal Hwy,Fort Lauderdale,FL
1235 East Cherokee Street,Springfield,MO
54-383 Hospital Rd,Kapaau,HI
3181 SW Sam Jackson Park Rd,Portland,OR
235 West Sixth Street,Reno,NV
9205 SW Barnes Road,Portland,OR
123 Medical Center Drive,Brunswick,ME
1 Medical Center Drive,Biddeford,ME
7171 N Dale Mabry Hwy,Tampa,FL
9441 Health Center Dr,Land O Lakes,FL
13100 Fort King Rd,Dade City,FL
40100 US Highway 27,Davenport,FL
1395 S Pinellas Ave,Tarpon Springs,FL
735 South Fifth Avenue,Wauchula,FL
2600 Bruce B Downs Blvd,Wesley Chapel,FL
7050 Gall Blvd,Zephyrhills,FL
17240 Cortez Blvd,Brooksville,FL
901 Clearwater Largo Rd N,Largo,FL
6400 Edgelake Dr,Sarasota,FL
102 North Broadway,Carnegie,OK
2000 Neuse Blvd.,New Bern,NC
100 Falls Canyon Road,Avalon,CA
155 W College Drive,Concordia,KS
10201 TX 16 ,Comanche,TX
37868 US Hwy 18,Prairie Du Chien,WI
1045 W. Stephenson Street,Freeport,IL
621 3rd Street South,Glasgow,MT
1527 Madison Street,Fredonia,KS
1213 Garfield Avenue,Harlan,IA
4801 Ambassador Caffery Pkwy,Lafayette,LA
1215 Tibbals Street,Holdrege,NE
211 H Street East,Poplar,MT
2420 G Street,Belleville,KS
900 N 2nd St,Rochelle,IL
145 Newcomb Ave,Mt Vernon,KY
153 Dowell Rd.,Russell Springs,KY
14th & Oregon Street,Sabetha,KS
711 Onyx Street,Kemmerer,WY
311 South Clark Street,Carroll,IA
900 Ridge St,Stoughton,WI
539 SE 2nd Street,Tulia,TX
607 West Main,Grangeville,ID
1700 Old Lebanon Road,Campbellsville,KY
320 N Thirteenth St,Wakeeney,KS
1305 Highway 6&34,Cambridge,NE
422 W White St,Clinton,IL
211 East Earl Street,Leoti,KS
2600 Ottawa Road,Neodesha,KS
1400 E 9th St,Rochester,IN
1000 Greenley Road,Sonora,CA
380 Summit Ave,Steubenville,OH
4000 Kresge Way,Louisville,KY
5 Alumni Drive,Exeter,NH
400 West Blackwell Street,Dover,NJ
5215 Holy Cross Pkwy,Mishawaka,IN
2041 Georgia Ave NW,Washington,DC
4311 East Lohman Avenue,Las Cruces,NM
455 St Michaels Dr,Santa Fe,NM
2323 N Lake Dr,Milwaukee,WI
747 Broadway,Seattle,WA
185 Grafton Rd,Townshend,VT
130 Fisher Rd,Berlin,VT
620 Skyline Dr,Jackson,TN
520 West Main Street,Smithville,TN
401 Sewell Drive,Sparta,TN
2000 Church St,Nashville,TN
1559 Sparta St,McMinnville,TN
1700 Medical Center Pkwy,Murfreesboro,TN
324 Doolittle Road,Woodbury,TN
4220 Harding Pike,Nashville,TN
455 Toll Gate Road,Warwick,RI
10301 Jeffreys Street,Henderson,NV
7300 Medical Center Dr,West Hills,CA
1250 S Valley View Blvd,Las Vegas,NV
9175 W Oquendo Rd,Las Vegas,NV
1050 W Galleria Drive,Henderson,NV
657 Town Center Drive,Las Vegas,NV
620 Shadow Lane,Las Vegas,NV
3100 E Fletcher Ave,Tampa,FL
8330 Lakewood Ranch Blvd,Bradenton,FL
2799 W Grand Blvd,Detroit,MI
407 East Third Street,Duluth,MN
1600 Rockland Rd,Wilmington,DE
317 Highway 13 South,Morton,MS
100 Hospital Drive,Hendersonville,NC
1200 S Columbia Rd,Grand Forks,ND
254 Pleasant St,Concord,NH
102 E Culver Rd,Knox,IN
2201 South Clear Creek Road,Killeen,TX
130 Hospital Dr,Oakdale,LA
880 West Main Street,Booneville,AR
801 West River Street,Ozark,AR
174 1st Avenue North,Ilwaco,WA
1500 Division Street,Oregon City,OR
One Hospital Drive,Huntsville,AL
1007 Goodyear Ave,Gadsden,AL
400 North Edwards Street,Enterprise,AL
1613 North McKenzie Street,Foley,AL
540 Litchfield St,Torrington,CT
3801 E Highway 98,Port Saint Joe,FL
2635 N 7th Street,Grand Junction,CO
620 West Brown Street,Waupun,WI
845 Parkside St,Ripon,WI
3400 East Racine St,Janesville,WI
603 Rosary Dr,Corning,IA
701 6th St S,Saint Petersburg,FL
5141 Broadway,New York,NY
800 Biesterfield Rd,Elk Grove Village,IL
10 Central Avenue,Dover,NH
450 Brookline Avanue,Boston,MA
890 Oak St SE,Salem,OR
4500 San Pablo Road S,Jacksonville,FL
719 West Coke Road,Winnsboro,TX
2026 South Jackson,Jacksonville,TX
6200 N La Cholla Boulevard,Tucson,AZ
4920 NE Stallings Drive,Nacogdoches,TX
120 North Oak Street,Hinsdale,IL
1521 Gull Rd,Kalamazoo,MI
10700 McPherson Road,Laredo,TX
1800 Mulberry Street,Scranton,PA
600 Highland Ave,Madison,WI
2615 Chester Avenue,Bakersfield,CA
400 South Santa Fe Avenue,Salina,KS
901 Lakeshore Drive,Ishpeming,MI
850 W Baraga Avenue,Marquette,MI
75 Francis Street,Boston,MA
3100 Tongass Avenue,Ketchikan,AK
1000 N Main St,Richfield,UT
4 Hospital Dr,Morrilton,AR
2215 Wildwood Avenue,Sherwood,AR
7171 South 51st Avenue,Laveen,AZ
3201 S Water Street,Burnet,TX
9555 76th St,Pleasant Prairie,WI
4545 North Hunt Highway,Florence,AZ
1500 Park Central Drive,Highlands Ranch,CO
41 Brewster Rd,Bristol,CT
975 South Fairmont Avenue,Lodi,CA
800 N Fant St,Anderson,SC
1670 St Vincents Way,Middleburg,FL
6201 N Suncoast Blvd,Crystal River,FL
10461 Quality Dr,Spring Hill,FL
1465 S Grand Blvd,Saint Louis,MO
2825 Parklawn Drive,Midwest City,OK
2505 Mission Dr,Jefferson City,MO
100 Medical Plz,Lake Saint Louis,MO
416 East Maumee Street,Angola,IN
5900 College Rd,Key West,FL
5151 North 9th Avenue,Pensacola,FL
6002 Berryhill Rd,Milton,FL
2500 Harbor Blvd,Port Charlotte,FL
100 Gross Crescent Cir,Fort Oglethorpe,GA
1499 Fair Road,Statesboro,GA
800 Mercy Drive,Council Bluffs,IA
631 N 8th St,Missouri Valley,IA
100 West 16th Street,Eureka,KS
301 E 17th St,New York,NY
520 Allen Street,Troy,NC
2845 Greenbrier Rd,Green Bay,WI
Calle Prof. Augusto Rodríguez #1462,San Juan,PR
414 West Jefferson Avenue,Mahnomen,MN
Calle Dr Basora 15,Mayaguez,PR
600 Pleasant Ave,Park Rapids,MN
9395 Crown Crest Blvd,Parker,CO
2000 Boise Ave,Loveland,CO
7700 S Broadway,Littleton,CO
1165 Montgomery Dr,Santa Rosa,CA
401 W Poplar St,Walla Walla,WA
101 East Valencia Mesa Drive,Fullerton,CA
1100 W Stewart Dr,Orange,CA
31872 Coast Highway,Laguna Beach,CA
4101 Torrance Boulevard,Torrance,CA
38600 Medical Center Dr,Palmdale,CA
27700 Medical Center Road,Mission Viejo,CA
622 W 168th St,New York,NY
345 S Halcyon Rd,Arroyo Grande,CA
225 East Washington Avenue,Jonesboro,AR
1133 West Sycamore Street,Willows,CA
56 45 Main St,Flushing,NY
897 West Main Street,Dover Foxcroft,ME
1501 Hiland Avenue,Burley,ID
700 West Avenue South,La Crosse,WI
3333 Riverbend Drive,Springfield,OR
795 Middle Street,Fall River,MA
1950 Mountain View Ave,Longmont,CO
1034 North 500 West,Provo,UT
4050 West Memorial Road,Oklahoma City,OK
1035 Red Bud Road,Calhoun,GA
707 Old Dalton Ellijay Road,Chatsworth,GA
606 E Garfield Ave,Gettysburg,SD
10-42 Mitchell Avenue,Binghamton,NY
501 Redmond Road,Rome,GA
1455 Battersby Ave,Enumclaw,WA
1975 Fourth St,San Francisco ,CA
1301 South Main Street,Ottawa,KS
7820 West 165th Street ,Overland Park ,KS
11801 South Freeway,Burleson,TX
805 West Cedar St,Standish,MI
1717 S J St,Tacoma,WA
9660 South 1300 East,Sandy,UT
11315 Bridgeport Way Southwest,Lakewood,WA
11567 Canterwood Blvd NW,Gig Harbor,WA
1800 NW Myhre Rd,Silverdale,WA
34515 9th Ave S,Federal Way,WA
2001 Medical Parkway,Annapolis,MD
2800 Clay Edwards Drive North,North Kansas City,MO
14800 W Saint Teresa,Wichita,KS
12451 E 100th St N,Owasso,OK
6161 South Yale Avenue,Tulsa,OK
300 Rockefeller Drive,Muskogee,OK
1975 4th Street,San Francisco,CA
1855 Fourth St.,San Francisco,CA
1915 Lake Ave,Plymouth,IN
1201 Langhorne-newtown Road,Langhorne,PA
630 Hwy 71 W,Bastrop,TX
 4900 N Lovington Hwy,Hobbs,NM
2601 Holme Avenue,Philadelphia,PA
 4002 24th St,Lubbock,TX
1814 Roseland Boulevard,Tyler,TX
400 W 16th Street,Pueblo,CO
315 S Manning Blvd,Albany,NY
201 Chestnut Hill Rd,Stafford Springs,CT
659 Boulevard St,Dover,OH
351 SW 9th Street,Ontario,OR
1500 E Sherman Blvd,Muskegon,MI
515 College St,Cedar Falls,IA
1100 Blythe Blvd,Charlotte,NC
7333 Smith's Mill Road,New Albany,OH
41 Mall Rd,Burlington,MA
56 Franklin St,Waterbury,CT
500 South Cleveland Avenue,Westerville,OH
775 S Main St,Chelsea,MI
301 Prospect Avenue,Syracuse,NY
5300 North Meadows Drive,Grove City,OH
1500 Lansdowne Avenue,Darby,PA
620 Byron Rd,Howell,MI
1050 Division St,Mauston,WI
10 John Kissinger Drive,Wabash,IN
5121 South Cottonwood Street,Murray,UT
36475 5 Mile Rd,Livonia,MI
271 Carew Street,Springfield,MA
200 Jefferson Ave SE,Grand Rapids,MI
2500 Rocky Mountain Avenue,Loveland,CO
401 North Live Oak Dr. Hwy 17A,Moncks Corner,SC
525 North Garfield Avenue,Monterey Park,CA
3865 Jackson Street,Riverside,CA
900 South Atlantic Boulevard,Monterey Park,CA
200 Stonecrest Blvd,Smyrna,TN
391 Wallace Rd,Nashville,TN
100A E. Alton Gloor Blvd,Brownsville,TX
55 Fruit Street,Boston,MA
3441 Dickerson Pike,Nashville,TN
1200 E 3900 S,Salt Lake City,UT
500 W Main St,Lewisville,TX
4500 Medical Center Drive,McKinney,TX
4401 Booth Calloway Rd,North Richland Hills,TX
3901 W 15th St,Plano,TX
713 E Anderson St,Weatherford,TX
6800 N MacArthur Blvd,Irving,TX
5500 Frisco Square Blvd,Frisco,TX
3535 S I-35 E,Denton,TX
3301 Matlock Rd,Arlington,TX
3101 N Tarrant Pkwy,Fort Worth,TX
1905 E State Highway 97,Jourdanton,TX
1020 S State Highway 16,Fredericksburg,TX
1310 Mccullough Ave,San Antonio,TX
12412 Judson Rd,Live Oak,TX
8026 Floyd Curl Dr,San Antonio,TX
504 Medical Center Boulevard,Conroe,TX
12141 Richmond Ave,Houston,TX
605 Holderrieth Blvd.,Tomball,TX
4000 Spencer Highway,Pasadena,TX
11925 South State Street,Draper,UT
1139 E Sonterra Blvd,San Antonio,TX
6700 W IH 10,San Antonio,TX
1000 East 100 North,Payson,UT
1900 Electric Road,Salem,VA
10500 Quivira Rd,Overland Park,KS
One ARH Lane,Low Moor,VA
2400 Lee Highway North,Pulaski,VA
7700 E Parham Rd,Richmond,VA
630 Medical Dr,Bountiful,UT
2100 SE Blue Pkwy,Lees Summit,MO
941 Spring Creek Rd,Chattanooga,TN
1800 Park Place Avenue,Fort Worth,TX
3600 S Highlands Ave,Sebring,FL
500 Hospital Drive,Nashville,TN
600 Marine Boulevard,Moss Beach,CA
2380 North 400 East,North Logan,UT
19600 E 39th St S,Independence,MO
1717 Arlington Ave,Caldwell,ID
10301 Gateway Blvd W,El Paso,TX
3100 Channing Way,Idaho Falls,ID
299 Kings Daughters Dr,Frankfort,KY
2610 N Woodlawn Blvd,Wichita,KS
100 Northcrest Dr,Springfield,TN
111 Highway 70 E,Dickson,TN
355 New Shackle Island Rd,Hendersonville,TN
6644 E Baywood Ave,Mesa,AZ
1801 Ashley Cir,Bowling Green,KY
313 N Main St,Ashland City,TN
750 W 800 N,Orem,UT
7600 Fannin St,Houston,TX
7401 South Main St,Houston,TX
2400 Round Rock Ave,Round Rock,TX
2000 Scenic Dr,Georgetown,TX
13207 Ravenna Rd,Chardon,OH
3999 Richmond Road,Beachwood,OH
6847 North Chestnut Street,Ravenna,OH
919 E 32nd St,Austin,TX
4600 Spotsylvania Parkway,Fredericksburg,VA
3801 N Lamar Blvd,Austin,TX
2316 E Meyer Blvd,Kansas City,MO
1602 Skipwith Road,Richmond,VA
1401 Johnston Willis Dr,North Chesterfield,VA
1500 State Street,Lexington,MO
237 South Locust Street,Nowata,OK
911 N Shelby St,Salem,IN
304 Turner Mccall Blvd SW,Rome,GA
1000 Highway 28,Jasper,TN
202 S Park St,Madison,WI
55 UnityPoint Way,Marshalltown,IA
1800 E Florence Blvd,Casa Grande,AZ
1801 16th Street,Greeley,CO
367 Clear Creek Pkwy,Lavonia,GA
3325 Pocahontas Rd,Baker City,OR
13651 Willard St,Panorama City,CA
83 W. Miller St.,Orlando,FL
247 South Main Street,Reidsville,GA
810 North 22nd St,Blair,NE
105 5th Avenue East,Scobey,MT
1000 Lincoln Circle SE,Orange City,IA
700 River Drive,Fort Bragg,CA
300 West Hutchings Street,Winterset,IA
510 North Green St,Valentine,NE
1550 6th Street,Manning,IA
1515 South Phillips St.,Algona,IA
3269 N. Stockton Hill Rd,Kingman,AZ
1705 Tarboro St SW,Wilson,NC
15630 18th Ave,Clearlake,CA
2451 Intelliplex Drive,Shelbyville,IN
485 N Kansas Hwy 2,Anthony,KS
433 Plaza Street,Bogalusa,LA
511 NE 10th St,Abilene,KS
609 SE Kent Street,Greenfield,IA
3080 College Street,Beaumont,TX
616 North 8th Street,Osage,IA
617 Liberty Street,Clay Center,KS
1720 Central Avenue East,Hampton,IA
100 Crestvue Ave,Mankato,KS
800 S 3rd St,Montrose,CO
172 Fourth Street Southeast,Huron,SD
1 Marcela Drive,Willits,CA
10 Nichols St,Davenport,WA
275 Hospital Drive,Ukiah,CA
803 Poplar Street,Murray,KY
1002 South 4th Street,Kiowa,KS
1000 Third Street,Tillamook,OR
1720 Cesar E. Chavez Avenue,Los Angeles,CA
199 East Webster Street,Colusa,CA
726 Fourth St,Marysville,CA
715 Delmore Drive,Roseau,MN
529 Capp Harlan Rd,Tompkinsville,KY
717 North Brown St,Alma,NE
840 North Oak Avenue,Ruleville,MS
869 North Cherry Street,Tulare,CA
372 West Cypress Avenue,Reedley,CA
921 E. Highway 36,Smith Center,KS
1600 Community Drive,Seneca,KS
1542 S Bloomington St,Greencastle,IN
801 N State St,Greenfield,IN
5401 South St,Lincoln,NE
502 North 9th Avenue,Vinton,IA
1191 Phelps Avenue,Coalinga,CA
309 Jackson St,Monroe,LA
17500 Burke Street,Omaha,NE
400 W 8th Street,Beloit,KS
834 Sheridan St,Port Townsend,WA
150 North 200 West,Malad City,ID
1141 Hospital Dr Nw,Corydon,IN
605 W Lincoln Street,Lindsborg,KS
1002 S. Lincoln St.,Knoxville,IA
2200 Children's Way,Nashville,TN
900 Hyde Street,San Francisco ,CA
450 Stanyan St,San Francisco ,CA
2570 Haymaker Rd,Monroeville,PA
801 Seventh Avenue,Fort Worth,TX
301 North Highway 21,Pilot Knob,MO
225 Williamson Street,Elizabeth,NJ
71 Haynes St,Manchester,CT
1150 North Indian Canyon Drive,Palm Springs,CA
100 Hospital Drive,Pender,NE
6321 Route 30,GREENSBURG,PA
1700 Cogdell Boulevard,Snyder,TX
20 Pinnacle Pkwy,Elgin,SC
1700 Medical Way,Snellville,GA
1808 W Main St,Russellville,AR
751 Sappington Bridge Road,Sullivan,MO
1 Childrens Pl,Saint Louis,MO
3601 N Webb Road,Wichita,KS
400 Taylor Road,Montgomery,AL
3400 Highway 78 E,Jasper,AL
1 Heroes Way ,Riverhead,NY
555 S 70th St,Lincoln,NE
1309 N Flagler Dr,West Palm Beach,FL
800 Wheeling Avenue,Glen Dale,WV
551 Hill Country Dr,Kerrville,TX
261 Mack Blvd,Detroit,MI
201 East Nicollet Boulevard,Burnsville,MN
15031 Rinaldi Street,Mission Hills,CA
1 Saint Elizabeth Blvd,O'fallon,IL
3000 Coral Hills Dr,Coral Springs,FL
416 Connable Ave,Petoskey,MI
2000 Trans Mountain Rd,El Paso,TX
618 Hospital Road,Tappahannock,VA
520 W I St,Los Banos,CA
81 Highland Ave,Salem,MA
168 S Howell St,Hillsdale,MI
1400 Highway 61 S,Festus,MO
700 E Norwegian St,Pottsville,PA
380 Oxford Valley Rd,Langhorne,PA
1925 Woodwinds Drive,Woodbury,MN
1601 Golf Course Road,Grand Rapids,MN
7201 Evans St,Amarillo,TX
3015 North Ballas Road,St. Louis,MO
21 Bloomingdale Road,White Plains,NY
6800 State Route 162,Maryville,IL
3349 South Highway 181,Kenedy,TX
1100 S 10th Avenue,Rock Rapids,IA
7800 US Highway 98 W,Miramar Beach,FL
7911 Diley Rd,Canal Winchester,OH
320 Loretto Rd,Lebanon,KY
435 Lewis Ave,Meriden,CT
1 Memorial Drive,Alton,IL
555 Hartsville Pike,Gallatin,TN
158 Hospital Drive,Carthage,TN
500 Church Street,Hartsville,TN
1265 E College St,Pulaski,TN
185 Hospital Rd,Winchester,TN
1114 W Madison Ave,Athens,TN
600 South Third Street,Gadsden,AL
5227 East Carefree Highway,Cave Creek,AZ
520 Madison Oak Dr,San Antonio,TX
8811 Village Dr,San Antonio,TX
3280 Joe Battle Blvd,El Paso,TX
2001 North Oregon Street,El Paso,TX
901 45th St,West Palm Beach,FL
2986 Kate Bond Rd,Bartlett,TN
6001 Norris Canyon Rd,San Ramon,CA
825 Delbon Ave,Turlock,CA
1441 Florida Avenue,Modesto,CA
1205 E North St,Manteca,CA
1601 West St Marys Road,Tucson,AZ
3901 Beaubien St,Detroit,MI
604 Stone Ave,Talladega,AL
150 Bergen St,Newark,NJ
1516 Jefferson Highway,New Orleans,LA
3535 Olentangy River Rd,Columbus,OH
Medical Center Blvd,Winston Salem,NC
601 Elmwood Avenue,Rochester,NY
2450 Riverside Avenue,Minneapolis,MN
777 Hemlock St,Macon,GA
1001 S George St,York,PA
1901 W Harrison St,Chicago,IL
4650 Sunset Blvd,Los Angeles,CA
462 Grider St,Buffalo,NY
1740 W Taylor St,Chicago,IL
3535 Southern Blvd,Kettering,OH
"4940 Eastern Avenue, BMO Building Level 01",Baltimore,MD
530 S Jackson St,Louisville,KY
2000 Canal St,New Orleans,LA
1250 16th St,Santa Monica,CA
2301 Holmes St,Kansas City,MO
848 Adams street,Memphis,TN
1 Perkins Sq,Akron,OH
1500 Red River Street,Austin,TX
5900 Byron Center Ave SW,Wyoming,MI
24 Stevens St,Norwalk,CT
8700 Sudley Rd,Manassas,VA
501 Sunset Ln,Culpeper,VA
55 Monument Road,York,PA
1541 Kings Highway,Shreveport,LA
500 University Dr,Hershey,PA
2131 S 17th Street,Wilmington,NC
3100 Oak Grove Rd,Poplar Bluff,MO
1600 S Andrews Ave,Fort Lauderdale,FL
2776 Cleveland Ave,Fort Myers,FL
3333 Silas Creek Pkwy,Winston-Salem,NC
1 William Carls Dr,Commerce Township,MI
13681 Doctors Way,Fort Myers,FL
1000 36th St,Vero Beach,FL
1515 Union St,Moberly,MO
315 S Osteopathy Ave,Kirksville,MO
3300 Mercy Health Blvd,Cincinnati,OH
2213 Cherry St,Toledo,OH
1923 South Utica Avenue,Tulsa,OK
2000 Brookside Dr,Kingsport,TN
315 Oak Street,Livingston,TN
9010 North Lake Creek Pkwy,Austin,TX
6001 Kyle Parkway,Kyle,TX
16850 Bear Valley Road,Victorville,CA
2400 E Fourth St,National City,CA
1201 South Grand Blvd,Saint Louis ,MO
11113 Research Boulevard,Austin,TX
101 W 8th Ave,Spokane,WA
201 Seton Parkway,Round Rock,TX
130 W Ravine Rd,Kingsport,TN
115 Cass Ave,Woonsocket,RI
851 Locust St,Rogersville,TN
7900 Fm 1826,Austin,TX
1420 Tusculum Blvd,Greeneville,TN
700 High Street,Williamsport,PA
1500 Highlands Drive,Lititz,PA
300 Med Tech Parkway,Johnson City,TN
300 Highland Avenue,Hanover,PA
620 Howard Ave,Altoona,PA
200 High Service Ave,North Providence,RI
18300 Highway 18,Apple Valley,CA
2121 Santa Monica Blvd,Santa Monica,CA
1872 St. Luke's Blvd,Easton,PA
501 S Buena Vista St,Burbank,CA
4101 Torrance Blvd,Torrance,CA
503 N 21st St,Camp Hill,PA
1000 East Mountain Drive,Wilkes Barre,PA
400 Highland Avenue,Lewistown,PA
10800 Knights Road,Philadelphia,PA
2301 South Broad Street,Philadelphia,PA
5252 W University Dr,McKinney,TX
725 S Wahanna Rd,Seaside,OR
1901 SW H K Dodgen Loop,Temple,TX
1001 N Providence Drive,Newberg,OR
1650 W College St,Grapevine,TX
1111 Crater Lake Avenue,Medford,OR
10150 SE 32nd Ave,Milwaukie,OR
17772 Beach Boulevard,Huntington Beach,CA
12601 Garden Grove Blvd,Garden Grove,CA
6600 Bruceville Rd,Sacramento,CA
115 Airport Rd,Sulphur Springs,TX
10800 Magnolia Avenue,Riverside,CA
10180 SE Sunnyside Rd,Clackamas,OR
1900 Hospital Boulevard,Gainesville,TX
110 Memorial Hospital Dr,Huntsville,TX
975 Sereno Dr,Vallejo,CA
7901 Walker St,La Palma,CA
305 S 5th St,Enid,OK
1425 S Main St,Walnut Creek,CA
1102 W Macarthur St,Shawnee,OK
6041 Cadillac Avenue,Los Angeles,CA
1 Quality Dr,Vacaville,CA
1200 El Camino Real,South San Francisco,CA
25825 S Vermont Avenue,Harbor City,CA
401 Bicentennial Way,Santa Rosa,CA
700 Lawrence Expressway,Santa Clara,CA
99 Montecillo Rd,San Rafael,CA
360 Rush Dr,San Marcos,CA
2500 Merced Street,San Leandro,CA
250 Hospital Parkway,San Jose,CA
2425 Geary Blvd,San Francisco,CA
2025 Morse Ave,Sacramento,CA
18220 State Highway 249,Houston,TX
3500 E Frank Phillips Blvd,Bartlesville,OK
1600 Eureka Road,Roseville,CA
1100 Veterans Blvd,Redwood City,CA
901 Nevin Ave,Richmond,CA
1900 23rd Street,Cuyahoga Falls,OH
6640 Alton Parkway,Irvine,CA
2295 S. Vineyard Avenue,Ontario,CA
27300 Iris Ave,Moreno Valley,CA
1000 West Boise Circle,Broken Arrow,OK
4867 W Sunset Blvd,Los Angeles,CA
39400 Paseo Padre Pkwy,Fremont,CA
9961 Sierra Ave,Fontana,CA
3130 N County Road 25A,Troy,OH
9333 Imperial Hwy,Downey,CA
1011 Baldwin Park Blvd.,Baldwin Park,CA
1900 College Ave,Levelland,TX
2201 West Lampasas Street,Ennis,TX
2400 S Avenue A,Yuma,AZ
600 South Bonham Street,Mexia,TX
9003 E Shea Blvd,Scottsdale,AZ
250 E Dunlap Ave,Phoenix,AZ
19829 N 27th Ave,Phoenix,AZ
1551 E Tangerine Rd,Oro Valley,AZ
6750 E Baywood Ave,Mesa,AZ
37000 N Gantzel Rd,Queen Creek,AZ
6245 Inkster Rd,Garden City,MI
1400 S Dobson Rd ,Mesa,AZ
2601 Dimmitt Road,Plainview,TX
800 West Randol Mill Road,Arlington,TX
3000 N I-35,Denton,TX
12400 N Dallas Pkwy,Frisco,TX
201 Walls Dr,Cleburne,TX
2900 Collins Rd,Lansing,MI
1153 Centre Street,Boston,MA
603 N. Progress Avenue,Siloam Springs,AR
500 Campus Dr,Hancock,MI
1 Medical Center Dr,Middletown,OH
1600 Hospital Pkwy,Bedford,TX
850 Ed Hall Drive,Kaufman,TX
3150 Horizon Road,Rockwall,TX
1101 W University Drive,Rochester,MI
610 West Main Street,Wilmington,OH
1105 Central Expressway North,Allen,TX
1501 S Coulter St,Amarillo,TX
849 South Three Notch Street,Andalusia,AL
27351 Dequindre Rd,Madison Heights,MI
1214 Coolidge Blvd,Lafayette,LA
20000 Harvard Ave,Warrensville Heights,OH
3741 West 12600 South,Riverton,UT
827 Linden Ave,Baltimore,MD
1 Medical Plaza Pl,Minden,LA
301 Hospital Dr,Glen Burnie,MD
4100 S River Rd,East China,MI
305 Langdon St,Somerset,KY
989 Medical Park Dr,Maysville,KY
5755 Cedar Lane,Columbia,MD
8600 Old Georgetown Rd,Bethesda,MD
1099 Medical Center Cir,Mayfield,KY
1320 Mercy Drive Nw,Canton,OH
900 Caton Avenue,Baltimore,MD
1000 East Washington Street,Medina,OH
1140 Lexington Rd,Georgetown,KY
9901 Medical Center Drive,Rockville,MD
33300 Cleveland Clinic Blvd,Avon,OH
175 Hospital Drive,Winchester,KY
9 Linville Dr,Paris,KY
115 Lincoln Street,Framingham,MA
4011 S Monroe Medical Park Blvd,Bloomington,IN
1 Mt Carmel Way,Pittsburg,KS
1823 College Ave,Manhattan,KS
2001 W 86th St,Indianapolis,IN
1901 Tate Springs Road,Lynchburg,VA
75 Beekman St,Plattsburgh,NY
1555 Long Pond Road,Rochester,NY
1425 Portland Ave,Rochester,NY
1 Brookdale Plz,Brooklyn,NY
500 Hospital Drive,Warrenton,VA
6801 Gov G.C. Peery Hwy,Richlands,VA
600 West Ridge Road,Wytheville,VA
142 S Main St,Danville,VA
1701 North George Mason Drive,Arlington,VA
320 Hospital Dr,Martinsville,VA
201 16th Avenue East,Seattle,WA
914 S Scheuber Road,Centralia,WA
5633 N Lidgerwood St,Spokane,WA
2601 Ocean Parkway,Brooklyn,NY
500 Remington Blvd,Bolingbrook,IL
207 Foote Ave,Jamestown,NY
506 Lenox Avenue,New York,NY
1400 Pelham Parkway South,Bronx,NY
415 6th Street,Lewiston,ID
13500 N Meridian St,Carmel,IN
3700 Washington Ave,Evansville,IN
10580 N Meridian St,Carmel,IN
2015 Jackson St,Anderson,IN
13861 Olio Rd,Fishers,IN
2001 Errecart Blvd,Elko,NV
400 N Pleasant Ave,Centralia,IL
12251 S 80th Ave,Palos Heights,IL
2233 W Division Street,Chicago,IL
333 Madison St,Joliet,IL
77 N Airlite Street,Elgin,IL
1555 Barrington Rd,Hoffman Estates,IL
3288 Moanalua Rd,Honolulu,HI
5101 Willow Springs Rd,La Grange,IL
405 West Country Club Road,Roswell,NM
2122 Manchester Expy,Columbus,GA
11800 E 12 Mile Rd,Warren,MI
821 N Cobb St,Milledgeville,GA
45 Reade Pl,Poughkeepsie,NY
111 Central Ave,Newark,NJ
1310 Paluxy Road,Granbury,TX
4750 President George Bush Tpke,Sachse,TX
2435 Forest Dr,Columbia,SC
100 Hospital Dr,Lebanon,MO
100 Mercy Way,Joplin,MO
901 E 5th St,Washington,MO
10010 Kennerly Rd,St. Louis,MO
8303 Dodge St,Omaha,NE
7301 Rogers Ave,Fort Smith,AR
500 17th Ave,Seattle,WA
413 Lilly Rd NE,Olympia,WA
21601 76th Ave W,Edmonds,WA
751 NE Blakely Dr,Issaquah,WA
1 Hurley Plz,Flint,MI
300 1st Capitol Dr,Saint Charles,MO
3801 Spring St,Racine,WI
500 S Oakwood Rd,Oshkosh,WI
13111 N Port Washington Rd,Mequon,WI
1506 S Oneida St,Appleton,WI
19333 W North Ave,Brookfield,WI
5000 W Chambers St,Milwaukee,WI
3237 S 16th St,Milwaukee,WI
125 Hospital Dr,Watertown,WI
1320 Wisconsin Ave,Racine,WI
10101 S 27th St,Franklin,WI
700 South Park St,Madison,WI
1710 Harper Road,Beckley,WV
2460 Curtis Ellis Dr,Rocky Mount,NC
288 S Ridgecrest Avenue,Rutherfordton,NC
615 Ridge Rd,Roxboro,NC
1370 West D Street,North Wilkesboro,NC
250 Hospital Dr,Lexington,NC
400 S Clark St,Butte,MT
901 E. Sunflower Road,Cleveland,MS
566 Ruin Creek Rd,Henderson,NC
1026 North Flowood Drive,Flowood,MS
54 Sgt Prentiss Dr,Natchez,MS
350 Crossgates Blvd,Brandon,MS
161 River Oaks Dr,Canton,MS
1850 Chadwick Dr,Jackson,MS
18500 Katy Fwy,Houston,TX
2100 W Sunset Dr,Riverton,WY
601 E Altamonte Dr,Altamonte Springs,FL
200 Highway 30 West,New Albany,MS
2520 5th St N,Columbus,MS
100 Hospital Street,Booneville,MS
4800 E Johnson Ave,Jonesboro,AR
7601 Southcrest Parkway,Southaven,MS
701 Hewitt Blvd,Red Wing,MN
555 E Cheves St,Florence,SC
1025 Marsh St,Mankato,MN
404 W Fountain Street,Albert Lea,MN
800 Medical Center Dr,Fairmont,MN
75 N Country Rd,Port Jefferson,NY
201 Avalon Ave,Muscle Shoals,AL
1725 Pine St,Montgomery,AL
2025 Glenn Mitchell Dr,Virginia Beach,VA
888 S King St,Honolulu,HI
707 East Main Street,Middletown,NY
 502 E 2nd St,Duluth,MN
221 Jericho Tpke,Syosset,NY
5145 N California Ave,Chicago,IL
475 Seaview Avenue,Staten Island,NY
301 E Main St,Bay Shore,NY
888 Old Country Rd,Plainview,NY
400 E Main St,Mount Kisco,NY
900 Franklin Ave,Valley Stream,NY
10201 66th Rd,Forest Hills,NY
835 Hospital Road,Indiana,PA
270 Park Ave,Huntington,NY
5001 Hardy Street,Hattiesburg,MS
2101 Dubois Dr,Warsaw,IN
7950 W Jefferson Blvd,Fort Wayne,IN
303 S Main St,Bluffton,IN
2735 Silver Creek Rd,Bullhead City,AZ
11212 State Highway 151,San Antonio,TX
2827 Babcock Rd,San Antonio,TX
101 Dudley St,Providence,RI
2300 S 16th St,Lincoln,NE
3500 Highway 17 North,Mt. Pleasant,SC
100 Callen Blvd,Summerville,SC
3333 Springhill Drive,North Little Rock,AR
801 E Sioux Ave,Pierre,SD
1331 State Street,La Porte,IN
105 Nason Drive,Roaring Spring,PA
7300 N Fresno St,Fresno,CA
121 W 2nd Ave,Latrobe,PA
1086 Franklin Street,Johnstown,PA
7150 Clearvista Dr,Indianapolis,IN
125 Commonwealth Dr,Greenville,SC
2600 Navarre Ave,Oregon,OH
400 Palmetto Health Pkwy,Columbia,SC
500 E Market St,Iowa City,IA
701 East Marshall Street,West Chester,PA
2809 Denny Avenue,Pascagoula,MS
1600 Wallace Blvd,Amarillo,TX
4701 Montgomery Boulevard Northeast,Albuquerque,NM
6901 S Olympia Ave,Tulsa,OK
1 Bay Ave,Montclair,NJ
601 Dr Martin Luther King Jr Ave NE,Albuquerque,NM
614 Memorial Dr,Chilton,WI
1055 Saxon Blvd,Orange City,FL
1100 Belk Blvd,Oxford,MS
2100 N 7th St,West Memphis,AR
1000 Waterman Way,Tavares,FL
1201 Hill Rd,Smithville,TX
2160 State Rd,Lancaster,PA
2875 NW Stucki Ave,Hillsboro,OR
4000 Wellness Dr,Midland,MI
2050 W Southern Ave,Apache Junction,AZ
1545 E Southlake Boulevard,Southlake,TX
3873 N Parkview Dr,Fayetteville,AR
520 N 4th Ave,Pasco,WA
5665 Peachtree Dunwoody Rd,Atlanta,GA
205 Trinity Way,St Johns,FL
1 Adventhealth Way,Palm Coast,FL
605 Oak St,Big Rapids,MI
1 N Atkinson Drive,Ludington,MI
615 S Bower St,Greenville,MI
411 Naomi St,Plainwell,MI
400 Medical Park Dr,Watervliet,MI
7590 Auburn Road,Painesville,OH
28050 Grand River Ave,Farmington Hills,MI
1000 South Beckham Avenue,Tyler,TX
955 S Bailey Ave,South Haven,MI
408 Hazen Street,Paw Paw,MI
500 Osborn Blvd,Sault Sainte Marie,MI
2211 NE 139th St,Vancouver,WA
300 E Warwick Dr,Alma,MI
800 S Washington Ave,Saginaw,MI
11970 N Central Expy,Dallas,TX
1441 N. Beckley Avenue,Dallas,TX
5510 Presidio Pkwy,San Antonio,TX
3200 N Tarrant Pkwy,Fort Worth,TX
7002 Williams Drive,Corpus Christi,TX
211 Church St,Saratoga Springs ,NY
7218 Crawford Rd,Argyle,TX
71 Prospect Ave,Hudson,NY
100 Park St,Glens Falls,NY
2750W 15th Pl,Chicago,IL
1395 George Dieter Drive,El Paso,TX
6629 Wooldridge Road,Corpus Christi,TX
2960 Sleepy Hollow Road,Falls Church,VA
19126 Stonehue,San Antonio,TX
6550 E 2nd St,Casper,WY
5106 W Loop 1604 N,San Antonio,TX
1001 N James M Campbell Blvd,Columbia,TN
360 Amsden Ave,Versailles,KY
900 8th Ave,Fort Worth,TX
406 East Elm St,Carson City,MI
609 Medical Center Dr,Decatur,TX
212 S Sullivan Ave,Fremont,MI
9800 Broadway Ext,Oklahoma City,OK
704 Hospital Dr,Carrizo Springs,TX
152 Waccamaw Medical Park Dr,Conway,SC
5730 W Roosevelt Rd,Chicago,IL
1100 First Colonial Road,Virginia Beach,VA
2900 Sunset Boulevard,West Columbia,SC
3050 Rio Dosa Dr,Lexington,KY
833 E Butler Avenue,Doylestown,PA
1725 Timber Line Rd,Maumee,OH
11501 Financial Centre Parkway,Little Rock,AR
700 Mullica Hill Rd,Mullica Hill,NJ
One Hospital Drive,Clarion,PA
3015 Veterans Pkwy S,Moultrie,GA
650 Rancocas Rd,Westampton,NJ
2000 Old Hickory Trl,DeSoto,TX
1525 University Drive,Auburn Hills,MI
3130 Sw 27th Ave,Ocala,FL
6410 Masonic Drive,Alexandria,LA
6869 5th Avenue,Birmingham,AL
1201 W Frank Ave,Lufkin,TX
200 May St,South Attleboro,MA
1815 Hand Ave,Bay Minette,AL
1100 9th Ave,Seattle,WA
8135 Goodman Road,Olive Branch,MS
1 Hospital Dr,Jennings,LA
898 East Main St,Greenwood,IN
1011 N Cooper St,Arlington,TX
5314 Dashwood Drive,Houston,TX
2 Hospital Drive,Clarion,PA
1055 Medical Park Dr SE,Grand Rapids,MI
561 Fairthorne Ave,Philadelphia,PA
1800 N Oak Dr,Plymouth,IN
800 S Main Street,Corona,CA
2777 Speissegger Drive,North Charleston,SC
Carr Estatal Num 787 Km 1.5,Cidra,PR
2700 Vissing Park Road,Jeffersonville,IN
270 Walton Way,Hopkinsville,KY
10101 Forest Hill Blvd,Wellington,FL
2700 E Phillips Rd,Greer,SC
1102 W Trenton Rd,Edinburg,TX
2801 St Anthony Way,Pendleton,OR
415 South 25th Avenue,Omaha,NE
300 Park Hill Dr,Fredericksburg,VA
3000 Schatulga Road,Columbus,GA
95 Medical Park Blvd,Petersburg,VA
17400 St Lukes Way,The Woodlands,TX
1613 Oakwood St,Bedford,VA
7200 Cambridge Street,Houston,TX
6401 Directors Pkwy,Abilene,TX
401 N Hooper St,Caro,MI
1000 Harrington St,Mount Clemens,MI
6701 Oakmont Blvd,Fort Worth,TX
515 W 12th St,Texarkana,TX
570 Chautauqua Blvd,Valley City,ND
9181 Medcom St,North Charleston,SC
150 N Eagle Creek Dr,Lexington,KY
201 Medical Village Dr,Edgewood,KY
100 W Cross St,Madisonville,TX
23331 Grand Reserve Dr,Katy,TX
117 Vision Park Blvd,Shenandoah,TX
1636 Higdon Ferry Rd,Hot Springs,AR
1847 Florida Ave,Panama City,FL
4500 13th St,Gulfport,MS
222 State St,Ludlow,MA
1050 East South Temple,Salt Lake City,UT
5502 S McColl Rd,Edinburg,TX
1800 Heritage Blvd,Midland,TX
2101 Newnan Crossing Blvd E,Newnan,GA
6900 West Country Club Drive,Huntington,WV
1604 Rock Prairie Rd,College Station,TX
1401 S J St,Fort Smith,AR
3580 W 9000 S,West Jordan,UT
1355 Independence Drive,Augusta,GA
12440 Cortez Blvd,Brooksville,FL
3600 S Loop 340,Robinson,TX
201 E Sample Rd,Deerfield Beach,FL
801 Goodyear Avenue,Gadsden,AL
5510 Raphael Dr,Edinburg,TX
860 Kempsville Rd,Norfolk,VA
515 Ray C Hunt Dr,Charlottesville,VA
171 Fairview Rd,Mooresville,NC
One Hospital Way,Butler,PA
107 Seagrass Station Rd,Bluffton,SC
2412 McCallie Avenue,Chattanooga,TN
2 Rehabilitation Way,Woburn,MA
24430 Millstream Dr,Aldie,VA
1317 Lake Pointe Pkwy,Sugar Land,TX
101 E Florida Ave,Melbourne,FL
2650 N Wyatt Dr,Tucson,AZ
901 W 24th St,Yuma,AZ
351 Camp Meeting Road,Sewickley,PA
20180 Chasewood Park Drive,Houston,TX
5001 Commerce Dr,Bakersfield,CA
20171 Chasewood Park Drive,Houston,TX
1282 Union Ave,Memphis,TN
8650 Millicent Way,Shreveport,LA
1706 S 68th St,Milwaukee ,WI
2005 Valley View Boulevard,Altoona,PA
407 3rd Ave SE,Garrison,ND
320 Guys Run Road,Pittsburgh,PA
3800 Ridgeway Drive,Birmingham,AL
101 W Townsend Rd,Saint Johns,MI
4700 W 69th St,Sioux Falls,SD
1200 W Albany Dr,Broken Arrow,OK
210 S Judson St,Navasota,TX
2510 N California St,Stockton,CA
1675 Riggins Rd,Tallahassee,FL
520 N Ridgeway Ave,Chicago,IL
2201 Wildwood Ave,Sherwood,AR
14 Hospital Dr,Toms River,NJ
65 Silver Ln,St Augustine,FL
3840 Atmore Grove Dr,Lutz,FL
2800 W 15th St,Plano,TX
900 E Cheves St,Florence,SC
1375 N Main St,Lapeer,MI
900 Oak Mountain Commons Lane,Pelham,AL
17579 Warwick Blvd.,Newport News,VA
7700 E Florentine Rd,Prescott Valley,AZ
1100 Neal Zick Rd,Willard,OH
19002 McKay Dr,Humble,TX
2275 SW 22nd Ln,Ocala,FL
1600 37th St,Vero Beach,FL
11650 West 2nd Pl,Lakewood,CO
2121 Business Center Drive,Pearland,TX
1101 Woodson Dr,Caldwell,TX
110 North Poplar Street,Oxford,OH
113 Cassel Dr,Kingsport,TN
1000 Physicians Way,Franklin,TN
4399 Nob Hill Rd,Sunrise,FL
1325 Highway 6,Sugar Land,TX
3 Western Hills Dr,Parkersburg,WV
1921 West Hospital Drive,Tucson,AZ
5700 Fitzhugh Ave,Richmond,VA
120 12th St,Princeton,WV
4600 East Sam Houston Pkwy S,Pasadena,TX
4647 Monroe St,Toledo,OH
325 S Parkside Drive,Colorado Springs,CO
2051 Hamill Rd,Hixson,TN
2102 W Trenton Rd,Edinburg,TX
220 5th Ave W,Turtle Lake,ND
312 Youngsville Hwy,Lafayette,LA
5652 E Baseline Rd,Mesa,AZ
4455 Duncan Avenue,St. Louis,MO
5406 Colgate St,Lubbock,TX
1500 NW 114th St,Clive,IA
1201 Oakbridge Pkwy,Lakeland,FL
189 May St,Worcester,MA
18001 Rotunda Drive,Dearborn,MI
2601 N Cornerstone Drive,Sherman,TX
3802 S 700 E,Salt Lake City,UT
2801 Franciscan Dr,Bryan,TX
7930 Northaven Rd,Dallas,TX
616 W Forest Ave,Jackson,TN
550 W College Ave,Pleasant Gap,PA
831 S State Road 434,Altamonte Springs,FL
1100 S Van Dyke Rd,Bad Axe,MI
13460 N 67th Ave,Glendale,AZ
1400 Hesters Crossing Rd,Round Rock,TX
3550 E Pinchot Ave,Phoenix,AZ
1101 Office Woods Dr,Pensacola ,FL
134 Heartland Dr,Elizabethtown,KY
7000 Jefferson St NE,Albuquerque,NM
3901 Armory Rd,Wichita Falls,TX
3200 Matlock Rd,Arlington,TX
2901 SR 50,Clermont,FL
4000 Johnson Rd,Steubenville,OH
5850 Se Community Dr,Stuart,FL
3715 US Highway 431 N,Phenix City,AL
1303 Mable Ave,Modesto,CA
175 Lancaster Boulevard,Mechanicsburg,PA
5701 W 110th St,Overland Park,KS
2511 Wesley Street,Johnson City,TN
18550 I H 45 S,Shenandoah,TX
180 Mount Pelia Rd,Martin,TN
1001 West Mineral Avenue,Littleton,CO
101 Fort Sanders West Blvd,Knoxville,TN
330 W Ben White Blvd,Austin,TX
1730 NE Pine Island Rd,Cape Coral ,FL
950 S. Mulford Road,Rockford,IL
6510 Seawright Dr,Savannah,GA
1160 Van Voorhis Rd,Morgantown,WV
4100 Austin Peay Hwy,Memphis,TN
835 S Main St ,Dayton ,OH
2304 Highway 121,Bedford,TX
2200 Patrick Henry Pkwy,McDonough,GA
2695 North Craycroft Road,Tucson,AZ
1301 15th Ave W,Williston,ND
1165 Sanders Rd ,Cumming,GA
20601 Old Cutler Rd,Miami,FL
220 Tilghman Rd,Salisbury,MD
3372 Laurens Rd,Greenville,SC
17351 Melford Blvd,Bowie,MD
"Carretera 2, Kilometro 47.7",Manati,PR
3000 N Triumph Blvd,Lehi,UT
1031 7th St NE,Devils Lake,ND
104 N 3rd St,Alexandria,LA
72 S State St,Shelby,MI
13402 E 86th St N ,Owasso ,OK
1490 Highway 72 East,Huntsville,AL
4500 S Washington Street,Grand Forks,ND
14305 Collier Blvd,Naples,FL
4465 Narrow Lane Rd,Montgomery,AL
140 Burwell St,Little Falls,NY
40 Wright St,Palmer,MA
6500 Longley Ln,Reno,NV
1736 E Main St,Dothan,AL
103 North St,Bristol,VA
125 Newbury St,Framingham,MA
1201 Fleming Ave,Jonesboro,AR
1231 Mahard Pkwy,Prosper,TX
8074 S 1300 E,Sandy,UT
143 E 2nd St,Erie,PA
653 52nd Ave,Moline,IL
8521 LaGrange Rd,Louisville,KY
201 8th Ave SE,Oelwein,IA
905 Main Street,Lisbon,ND
2450 Coral Ct ,Coralville ,IA
15120 Kensington Park Dr,Tustin,CA
2935 Colonial Dr,Columbia,SC
2351 Frank Scott Pkwy E,Shiloh,IL
327 Medical Park Dr,Bridgeport,WV
8199 E 1st Ave,Denver,CO
275 W 12th St,Peru,IN
1623 Morgantown Rd,Reading,PA
1 Saint Joseph Dr,Lexington,KY
164 High Street,Greenfield,MA
2260 Vista Rd,Fort Mill,SC
511 E Hospital St,San Augustine,TX
1795 Dr Frank Gaston Blvd,Rock Hill,SC
700 East Cottonwood Road,Dothan,AL
1850 Normandie Dr,York,PA
9119 Cinnamon HL,San Antonio,TX
104 W 5th Ave ,Spokane ,WA
11595 Burnt Mill Rd,Jacksonville,FL
13031 Wortham Center Drive,Houston,TX
5535 Nobel Dr,Fitchburg,WI
9630 E Shea Blvd,Scottsdale,AZ
35470 Whitewood Rd,Murrieta,CA
2 Centre Plz,Tinton Falls,NJ
1237 W Sherman Ave,Vineland,NJ
633 Stephenson Avenue,Savannah,GA
7500 South 91st St,Lincoln,NE
3405 Mike Padgett Highway,Augusta,GA
815 2nd St SE,Little Falls,MN
104 W 17th St,Schuyler,NE
415 N Main St,Ulysses,KS
3073 Panthersville Rd,Decatur,GA
6901 N 72nd St,Omaha,NE
2222 N Nevada Ave,Colorado Springs,CO
305 Estill St,Berea,KY
1338 Phay Ave,Canon City,CO
2620 W Faidley Ave,Grand Island,NE
800 4th St N,Carrington,ND
704 N 3rd St,Plainview,NE
11111 S 84th St,Papillion,NE
1420 S Central Ave,Glendale,CA
768 Mountain Ranch Road,San Andreas,CA
1007 4th Ave S,Wishek,ND
10 E 31st St,Kearney,NE
220 W 2nd St,Goodland,KS
16901 Lakeside Hills Ct,Omaha,NE
914 Pine St,Mount Shasta,CA
5401 Old Court Rd,Randallstown,MD
636 Del Prado Blvd S,Cape Coral,FL
819 N 1st St,Dennison,OH
18300 Roscoe Blvd,Northridge,CA
6 13th Avenue E,Polson,MT
920 Bell Ave,Westbrook,MN
200 Memorial Ave,Westminster,MD
300 N Ave Units 6100A & 6200B Hall,Battle Creek,MI
9981 S Healthpark Dr,Fort Myers,FL
500 E Webster Ave,Chewelah,WA
401 12th St N,Wheaton,MN
2434 W Belvedere Ave,Baltimore,MD
450 E 23rd St,Fremont,NE
707 North 190th Plaza,Omaha,NE
933 E Pierce St,Council Bluffs,IA
112 St Olaf Ave S,Canby,MN
N2950 State Road 67,Lake Geneva,WI
2070 Century E Park,Los Angeles,CA
203 4th St NW,Bagley,MN
3524 NW 56th St,Oklahoma City,OK
2000 Tamarack Rd 2,Newark,OH
3300 Renner Dr,Fortuna,CA
1925 Pacific Ave,Atlantic City,NJ
503 North 21st Street,Camp Hill,PA
1434 Central Avenue E,Wiggins,MS
805 S Oakland St,Saint Johns,MI
6777 West Maple Road,W Bloomfield,MI
205 N East Ave,Jackson,MI
1001 Pennsylvania Ave,Ottumwa,IA
701 E Loop 281,Longview,TX
55 Foundation Dr,Flemingsburg,KY
2230 Joe Battle Blvd,El Paso,TX
5330 S Highway 95,Fort Mohave,AZ
2400 Miami Valley Dr,Centerville,OH
3572 Hesper Rd,Billings,MT
3402 Anderson Healthcare Dr,Edwardsville,IL
45 Plateau St,Bryson City,NC
68 Hospital Rd,Sylva,NC
290 Haida Avenue,Hastings,PA
9000 N Main St,Englewood,OH
1307 W Kennedy Blvd,Tampa,FL
200 Hospital Drive,Meyersdale,PA
500 North Clarence Nash Blvd,Watonga,OK
1000 Hospital Dr,Kingfisher,OK
3462 Hospital Rd,Healdton,OK
1000 S Byrd St,Tishomingo,OK
945 N 12th St,Milwaukee,WI
200 S Academy Rd,Guthrie,OK
2320 E 93rd St,Chicago,IL
W3985 County Road NN,Elkhorn,WI
3003 University Dr,Marinette,WI
1000 Healing Way,Matthews,NC
17800 Kedzie Ave,Hazel Crest,IL
10400 75th St,Kenosha,WI
1775 Dempster St,Park Ridge,IL
1425 North Randall Road,Elgin,IL
5900 S Lake Dr,Cudahy,WI
1220 Dewey Ave,Wauwatosa,WI
36500 Aurora Dr,Summit,WI
450 W IL Route 22,Barrington,IL
1000 E Cherry St,Troy,MO
94 Main St,Cassville,MO
3125 Dr Russell Smith Way,Carthage,MO
975 Port Washington Road,Grafton,WI
930 SW Abbey St,Newport,OR
5000 Memorial Dr,Two Rivers,WI
2360 Rockmart Hwy,Cedartown,GA
500 Porter Ave,Aurora,MO
706 West King Street,Kings Mountain,NC
920 Church St N,Concord,NC
801 S. Milwaukee Ave,Libertyville,IL
252 McHenry St,Burlington,WI
301 Yadkin St,Albemarle,NC
3400 Union Ave,Sheboygan,WI
1032 E Sumner St,Hartford,WI
433 Mcalister Rd,Lincolnton,NC
13250 Washington Ave ,Mount Pleasant ,WI
2301 US Highway 74 W,Wadesboro,NC
3043 NE 28th St,Lincoln City,OR
525 N Santiam Hwy,Lebanon,OR
836 W Wellington Ave,Chicago,IL
201 E Grover Street,Shelby,NC
1046 6th Avenue Sw,Albany,OR
1600 East High Street,Pottstown,PA
201 Wellness Way,Reading ,PA
214 Carter Street,Berryville,AR
440 N Hiawatha Dr,Canton,SD
500 E Academy St,Paris,AR
32-36 Central Ave,Wellsboro,PA
4401 Union Street,Johnstown,CO
5726 Esplanade Dr,Corpus Christi,TX
425 E Alton Gloor Blvd,Brownsville,TX
2005 A Bustamente Street,Laredo,TX
