county_fips,county_name,state,stroke_mortality_rate,uninsured_rate,burden_index
02013,Aleutians East,AK,18.7,35.0,6.545
02016,Aleutians West,AK,21,18.1,3.801
02020,Anchorage,AK,71.4,10.0,7.14
02050,Bethel,AK,164.9,12.9,21.272100000000002
02060,Bristol Bay,AK,,19.5,
02068,Denali,AK,82.4,5.1,4.2024
02070,Dillingham,AK,165.3,16.8,27.770400000000006
02090,Fairbanks North Star,AK,76.8,9.0,6.911999999999999
02100,Haines,AK,46.7,8.6,4.0162
02105,Hoonah-Angoon,AK,59.9,20.8,12.459200000000001
02110,Juneau,AK,45.6,8.0,3.648
02122,Kenai Peninsula,AK,57.7,11.7,6.750900000000001
02130,Ketchikan Gateway,AK,28.1,9.5,2.6694999999999998
02150,Kodiak Island,AK,54,10.2,5.507999999999999
02158,Kusilvak,AK,34.2,11.2,3.8304
02164,Lake and Peninsula,AK,44.4,31.4,13.9416
02170,Matanuska-Susitna,AK,82.5,12.2,10.065
02180,Nome,AK,84.6,15.0,12.69
02185,North Slope,AK,77.6,14.3,11.0968
02188,Northwest Arctic,AK,81.3,18.8,15.2844
02195,Petersburg,AK,45.2,10.9,4.926800000000001
02198,Prince of Wales-Hyder,AK,81.6,18.2,14.851199999999999
02220,Sitka,AK,97.9,11.6,11.3564
02230,Skagway,AK,,8.9,
02240,Southeast Fairbanks,AK,80.3,16.6,13.3298
02261,Valdez-Cordova,AK,,,
02275,Wrangell,AK,,17.2,
02282,Yakutat,AK,,15.6,
02290,Yukon-Koyukuk,AK,94.3,22.9,21.5947
00002,Alaska,AK,69.6,,
01001,Autauga County,AL,114.9,7.4,8.502600000000001
01003,Baldwin County,AL,78.3,8.2,6.420599999999999
01005,Barbour County,AL,75.9,10.8,8.197200000000002
01007,Bibb County,AL,95.9,8.3,7.9597000000000016
01009,Blount County,AL,103.7,10.2,10.5774
01011,Bullock County,AL,109.9,12.9,14.177100000000001
01013,Butler County,AL,129.1,12.3,15.8793
01015,Calhoun County,AL,77,11.1,8.546999999999999
01017,Chambers County,AL,117.6,12.2,14.347199999999997
01019,Cherokee County,AL,87.6,9.0,7.8839999999999995
01021,Chilton County,AL,117.8,10.1,11.8978
01023,Choctaw County,AL,111.5,8.2,9.142999999999999
01025,Clarke County,AL,83.6,8.2,6.855199999999999
01027,Clay County,AL,97.7,8.4,8.206800000000001
01029,Cleburne County,AL,91.1,9.3,8.4723
01031,Coffee County,AL,94.3,10.5,9.9015
01033,Colbert County,AL,83.8,7.4,6.2012
01035,Conecuh County,AL,128,8.2,10.495999999999999
01037,Coosa County,AL,86.7,7.4,6.415800000000001
01039,Covington County,AL,114.6,10.3,11.8038
01041,Crenshaw County,AL,114.9,9.2,10.570799999999998
01043,Cullman County,AL,87.8,10.7,9.394599999999999
01045,Dale County,AL,89.3,10.9,9.7337
01047,Dallas County,AL,113.8,9.3,10.583400000000001
01049,DeKalb County,AL,103.5,15.0,15.525
01051,Elmore County,AL,111.5,7.7,8.585500000000001
01053,Escambia County,AL,107.6,11.3,12.158800000000001
01055,Etowah County,AL,107.5,12.2,13.115
01057,Fayette County,AL,110.2,7.9,8.7058
01059,Franklin County,AL,98.6,11.8,11.6348
01061,Geneva County,AL,96.9,12.8,12.403200000000002
01063,Greene County,AL,99.1,13.8,13.675799999999999
01065,Hale County,AL,95.6,6.3,6.0228
01067,Henry County,AL,84.9,8.0,6.792000000000001
01069,Houston County,AL,89.7,11.7,10.4949
01071,Jackson County,AL,99,10.5,10.395
01073,Jefferson County,AL,115.8,9.2,10.653599999999999
01075,Lamar County,AL,115.5,9.0,10.395
01077,Lauderdale County,AL,83.6,9.8,8.1928
01079,Lawrence County,AL,89.7,9.2,8.2524
01081,Lee County,AL,87.3,8.7,7.595099999999999
01083,Limestone County,AL,93.1,8.1,7.541099999999999
01085,Lowndes County,AL,117,8.5,9.945
01087,Macon County,AL,105.8,9.1,9.6278
01089,Madison County,AL,97.1,7.7,7.476699999999999
01091,Marengo County,AL,100.6,8.6,8.6516
01093,Marion County,AL,110.7,10.2,11.2914
01095,Marshall County,AL,100.9,11.5,11.603500000000002
01097,Mobile County,AL,111.7,10.9,12.1753
01099,Monroe County,AL,117.5,11.2,13.16
01101,Montgomery County,AL,112,10.6,11.872
01103,Morgan County,AL,95.2,11.2,10.6624
01105,Perry County,AL,106.4,7.5,7.98
01107,Pickens County,AL,104.4,8.9,9.2916
01109,Pike County,AL,105.4,8.2,8.6428
01111,Randolph County,AL,96.5,9.0,8.685
01113,Russell County,AL,134.6,11.5,15.479
01115,St. Clair County,AL,108,7.3,7.8839999999999995
01117,Shelby County,AL,81.6,6.7,5.4672
01119,Sumter County,AL,103.3,9.2,9.503599999999999
01121,Talladega County,AL,98.7,8.4,8.2908
01123,Tallapoosa County,AL,98.4,8.9,8.757600000000002
01125,Tuscaloosa County,AL,105.1,6.7,7.0417
01127,Walker County,AL,116.1,11.6,13.4676
01129,Washington County,AL,120.8,7.7,9.3016
01131,Wilcox County,AL,108.5,9.1,9.8735
01133,Winston County,AL,92.7,9.4,8.7138
00001,Alabama,AL,100.8,,
05001,Arkansas County,AR,117,6.7,7.8389999999999995
05003,Ashley County,AR,107.1,8.6,9.2106
05005,Baxter County,AR,111.4,7.2,8.020800000000001
05007,Benton County,AR,71,9.8,6.958000000000001
05009,Boone County,AR,74.7,7.9,5.9013
05011,Bradley County,AR,111.2,12.0,13.344000000000001
05013,Calhoun County,AR,121.8,9.5,11.571
05015,Carroll County,AR,68.4,13.4,9.165600000000001
05017,Chicot County,AR,103.8,10.5,10.899
05019,Clark County,AR,105.3,8.7,9.1611
05021,Clay County,AR,77.6,8.9,6.9064
05023,Cleburne County,AR,87.4,7.2,6.292800000000001
05025,Cleveland County,AR,104.9,4.9,5.140100000000001
05027,Columbia County,AR,113.4,6.6,7.484399999999999
05029,Conway County,AR,97.6,6.4,6.2463999999999995
05031,Craighead County,AR,86.3,8.4,7.249199999999999
05033,Crawford County,AR,101.1,8.4,8.4924
05035,Crittenden County,AR,94.5,8.0,7.56
05037,Cross County,AR,80.8,7.5,6.06
05039,Dallas County,AR,113.9,4.7,5.353300000000001
05041,Desha County,AR,132.6,8.5,11.270999999999999
05043,Drew County,AR,105.2,7.1,7.4692
05045,Faulkner County,AR,115.3,7.5,8.6475
05047,Franklin County,AR,110.4,8.3,9.163200000000002
05049,Fulton County,AR,93.5,11.4,10.659
05051,Garland County,AR,84.8,9.5,8.056000000000001
05053,Grant County,AR,78.1,6.7,5.2326999999999995
05055,Greene County,AR,85.5,9.0,7.695
05057,Hempstead County,AR,130.9,10.1,13.220899999999999
05059,Hot Spring County,AR,88.9,8.0,7.112
05061,Howard County,AR,104.3,11.7,12.2031
05063,Independence County,AR,66.8,10.3,6.8804
05065,Izard County,AR,72.8,6.6,4.804799999999999
05067,Jackson County,AR,85.9,8.9,7.645100000000001
05069,Jefferson County,AR,109.3,5.5,6.0115
05071,Johnson County,AR,77.2,7.8,6.021599999999999
05073,Lafayette County,AR,111.8,8.6,9.614799999999999
05075,Lawrence County,AR,87.6,9.3,8.1468
05077,Lee County,AR,81.3,6.5,5.2844999999999995
05079,Lincoln County,AR,118.4,7.9,9.353600000000002
05081,Little River County,AR,119.9,5.6,6.7143999999999995
05083,Logan County,AR,127.7,7.7,9.8329
05085,Lonoke County,AR,108,6.7,7.236000000000001
05087,Madison County,AR,92.8,12.5,11.6
05089,Marion County,AR,82.1,7.2,5.9112
05091,Miller County,AR,129,11.3,14.577
05093,Mississippi County,AR,97.3,9.5,9.243500000000001
05095,Monroe County,AR,101,7.0,7.07
05097,Montgomery County,AR,88.6,11.2,9.923199999999998
05099,Nevada County,AR,111.6,6.2,6.9192
05101,Newton County,AR,78.4,6.1,4.7824
05103,Ouachita County,AR,117.5,5.8,6.815
05105,Perry County,AR,98.6,5.3,5.2258
05107,Phillips County,AR,103.2,8.4,8.668800000000001
05109,Pike County,AR,102.8,11.5,11.822000000000001
05111,Poinsett County,AR,83,9.9,8.217
05113,Polk County,AR,94.6,9.7,9.1762
05115,Pope County,AR,77.1,7.5,5.7825
05117,Prairie County,AR,110.7,6.0,6.642
05119,Pulaski County,AR,90.2,9.6,8.6592
05121,Randolph County,AR,86.8,7.1,6.1628
05123,St. Francis County,AR,85.2,7.9,6.7308
05125,Saline County,AR,78.9,6.0,4.734
05127,Scott County,AR,96.5,9.8,9.457
05129,Searcy County,AR,99.4,5.8,5.7652
05131,Sebastian County,AR,108.1,10.5,11.3505
05133,Sevier County,AR,108,18.9,20.412
05135,Sharp County,AR,95.3,6.0,5.718
05137,Stone County,AR,86.6,9.1,7.880599999999999
05139,Union County,AR,114.3,5.8,6.6293999999999995
05141,Van Buren County,AR,98.8,9.9,9.7812
05143,Washington County,AR,93.8,12.3,11.5374
05145,White County,AR,106.7,9.7,10.3499
05147,Woodruff County,AR,98.5,8.0,7.88
05149,Yell County,AR,73.4,8.3,6.092200000000002
00005,Arkansas,AR,93,,
60000,American Samoa County,AS,3.3,,
00060,American Samoa,AS,,,
04001,Apache County,AZ,76.8,20.4,15.667199999999998
04003,Cochise County,AZ,71.5,8.0,5.72
04005,Coconino County,AZ,54,10.9,5.886
04007,Gila County,AZ,66.9,10.0,6.69
04009,Graham County,AZ,79.5,8.8,6.996
04011,Greenlee County,AZ,75.2,2.6,1.9552
04012,La Paz County,AZ,72,12.9,9.288
04013,Maricopa County,AZ,65.9,10.7,7.0513
04015,Mohave County,AZ,77.4,9.7,7.5078
04017,Navajo County,AZ,101.2,15.3,15.483600000000001
04019,Pima County,AZ,69.7,8.9,6.2033000000000005
04021,Pinal County,AZ,59.5,10.1,6.009499999999999
04023,Santa Cruz County,AZ,70.9,14.5,10.280500000000002
04025,Yavapai County,AZ,64.1,10.7,6.858699999999999
04027,Yuma County,AZ,66.5,14.7,9.7755
00004,Arizona,AZ,66.5,,
06001,Alameda County,CA,79.3,4.1,3.251299999999999
06003,Alpine County,CA,65.7,5.0,3.285
06005,Amador County,CA,77,5.9,4.543
06007,Butte County,CA,87.4,6.4,5.5936
06009,Calaveras County,CA,74.6,5.3,3.9537999999999993
06011,Colusa County,CA,73.8,9.0,6.6419999999999995
06013,Contra Costa County,CA,86.4,4.8,4.147200000000001
06015,Del Norte County,CA,80.6,5.9,4.7554
06017,El Dorado County,CA,72,4.0,2.88
06019,Fresno County,CA,85.6,7.0,5.991999999999999
06021,Glenn County,CA,84.7,8.9,7.5383000000000004
06023,Humboldt County,CA,161.5,5.8,9.366999999999999
06025,Imperial County,CA,73.3,6.8,4.984399999999999
06027,Inyo County,CA,75,7.1,5.325
06029,Kern County,CA,82.9,7.8,6.4662
06031,Kings County,CA,78.9,7.9,6.2331
06033,Lake County,CA,65.2,6.4,4.1728000000000005
06035,Lassen County,CA,67.2,6.7,4.5024
06037,Los Angeles County,CA,68,8.7,5.9159999999999995
06039,Madera County,CA,83.9,7.5,6.2925
06041,Marin County,CA,60.1,3.8,2.2838
06043,Mariposa County,CA,85.3,6.5,5.544499999999999
06045,Mendocino County,CA,66.9,8.2,5.4858
06047,Merced County,CA,83.3,9.0,7.496999999999999
06049,Modoc County,CA,85.6,9.8,8.3888
06051,Mono County,CA,76.2,11.6,8.8392
06053,Monterey County,CA,74.5,9.9,7.375500000000001
06055,Napa County,CA,66.9,5.7,3.8133000000000004
06057,Nevada County,CA,68.5,5.2,3.562
06059,Orange County,CA,70.7,6.8,4.8076
06061,Placer County,CA,110.3,3.4,3.7502
06063,Plumas County,CA,51.9,5.0,2.595
06065,Riverside County,CA,80.4,8.0,6.432
06067,Sacramento County,CA,103.9,5.1,5.2989
06069,San Benito County,CA,83,6.3,5.229
06071,San Bernardino County,CA,88.1,8.5,7.488499999999999
06073,San Diego County,CA,84.2,6.8,5.725600000000001
06075,San Francisco County,CA,68.9,3.5,2.4115
06077,San Joaquin County,CA,93.9,6.4,6.009600000000001
06079,San Luis Obispo County,CA,118.7,5.8,6.884600000000001
06081,San Mateo County,CA,66.8,3.9,2.6052
06083,Santa Barbara County,CA,86.8,9.2,7.9856
06085,Santa Clara County,CA,62.8,4.0,2.512
06087,Santa Cruz County,CA,77.3,5.3,4.0969
06089,Shasta County,CA,75.8,6.7,5.0786
06091,Sierra County,CA,79.8,12.4,9.895199999999999
06093,Siskiyou County,CA,84.9,6.4,5.4336
06095,Solano County,CA,109.8,4.9,5.380199999999999
06097,Sonoma County,CA,77.8,5.4,4.2012
06099,Stanislaus County,CA,90.7,6.0,5.442
06101,Sutter County,CA,109.1,6.0,6.545999999999999
06103,Tehama County,CA,78.5,6.4,5.024
06105,Trinity County,CA,49.8,12.4,6.1752
06107,Tulare County,CA,87,8.0,6.96
06109,Tuolumne County,CA,78.1,5.8,4.5298
06111,Ventura County,CA,66.9,7.9,5.285100000000001
06113,Yolo County,CA,96.2,4.6,4.4252
06115,Yuba County,CA,143.5,6.9,9.9015
00006,California,CA,78.3,,
08001,Adams County,CO,71,11.1,7.881
08003,Alamosa County,CO,72,6.4,4.6080000000000005
08005,Arapahoe County,CO,64,9.0,5.76
08007,Archuleta County,CO,70.8,11.5,8.142
08009,Baca County,CO,51.2,7.7,3.9424
08011,Bent County,CO,64.1,8.2,5.256199999999999
08013,Boulder County,CO,70.3,4.4,3.0932
08014,Broomfield County,CO,62.4,4.8,2.9951999999999996
08015,Chaffee County,CO,61.2,7.3,4.4676
08017,Cheyenne County,CO,61.2,8.0,4.896
08019,Clear Creek County,CO,60.6,6.9,4.1814
08021,Conejos County,CO,65.4,13.5,8.829
08023,Costilla County,CO,60.4,8.3,5.0132
08025,Crowley County,CO,79.3,7.7,6.1061000000000005
08027,Custer County,CO,69.4,7.8,5.413200000000001
08029,Delta County,CO,86.3,11.0,9.493
08031,Denver County,CO,67.2,8.8,5.9136000000000015
08033,Dolores County,CO,54.1,6.7,3.6247000000000003
08035,Douglas County,CO,56.5,3.7,2.0905
08037,Eagle County,CO,33,10.1,3.333
08039,Elbert County,CO,62.1,4.6,2.8566
08041,El Paso County,CO,81,7.1,5.751
08043,Fremont County,CO,76.4,5.9,4.5076
08045,Garfield County,CO,56.9,17.9,10.185099999999998
08047,Gilpin County,CO,66,7.4,4.884
08049,Grand County,CO,51.1,13.2,6.7452
08051,Gunnison County,CO,70.6,6.2,4.377199999999999
08053,Hinsdale County,CO,59.2,10.6,6.2752
08055,Huerfano County,CO,69.9,4.2,2.9358000000000004
08057,Jackson County,CO,67.4,7.5,5.055000000000001
08059,Jefferson County,CO,66.7,5.2,3.4684000000000004
08061,Kiowa County,CO,83.8,7.0,5.8660000000000005
08063,Kit Carson County,CO,55.7,10.8,6.015600000000001
08065,Lake County,CO,33.5,13.3,4.4555
08067,La Plata County,CO,65.9,9.5,6.2605
08069,Larimer County,CO,73.6,5.7,4.1952
08071,Las Animas County,CO,70.5,8.5,5.9925
08073,Lincoln County,CO,70.2,7.9,5.545800000000001
08075,Logan County,CO,61.2,8.8,5.3856
08077,Mesa County,CO,97.3,9.8,9.535400000000001
08079,Mineral County,CO,55.9,15.6,8.7204
08081,Moffat County,CO,60.2,8.9,5.357800000000001
08083,Montezuma County,CO,67.1,11.4,7.649399999999999
08085,Montrose County,CO,68,12.9,8.772
08087,Morgan County,CO,69.6,10.8,7.5168
08089,Otero County,CO,71,7.1,5.0409999999999995
08091,Ouray County,CO,54.8,14.3,7.8364
08093,Park County,CO,63.4,7.0,4.438
08095,Phillips County,CO,58.7,5.5,3.2285000000000004
08097,Pitkin County,CO,25.4,4.5,1.143
08099,Prowers County,CO,45.3,10.1,4.5752999999999995
08101,Pueblo County,CO,75.5,5.7,4.3035000000000005
08103,Rio Blanco County,CO,54.7,9.6,5.2512
08105,Rio Grande County,CO,65.1,13.8,8.9838
08107,Routt County,CO,42.6,8.0,3.408
08109,Saguache County,CO,65.6,11.0,7.215999999999999
08111,San Juan County,CO,52.7,12.5,6.5875
08113,San Miguel County,CO,51.9,10.8,5.6052
08115,Sedgwick County,CO,57.5,8.3,4.772500000000001
08117,Summit County,CO,36.9,10.2,3.7637999999999994
08119,Teller County,CO,81.3,7.0,5.691
08121,Washington County,CO,67.4,6.3,4.2462
08123,Weld County,CO,62.4,8.5,5.303999999999999
08125,Yuma County,CO,57.7,14.6,8.4242
00008,Colorado,CO,68,,
09001,Fairfield County,CT,,,
09003,Hartford County,CT,,,
09005,Litchfield County,CT,,,
09007,Middlesex County,CT,,,
09009,New Haven County,CT,,,
09011,New London County,CT,,,
09013,Tolland County,CT,,,
09015,Windham County,CT,,,
00009,Connecticut,CT,58.6,,
11001,District of Columbia County,DC,80.1,3.4,2.7234
00011,District of Columbia,DC,80.4,,
10001,Kent County,DE,111.6,7.0,7.811999999999999
10003,New Castle County,DE,131,5.7,7.4670000000000005
10005,Sussex County,DE,93.2,6.9,6.4308000000000005
00010,Delaware,DE,115.4,,
12001,Alachua County,FL,99.9,7.8,7.7922
12003,Baker County,FL,101.1,10.4,10.5144
12005,Bay County,FL,83.9,13.8,11.578200000000002
12007,Bradford County,FL,100.5,11.3,11.3565
12009,Brevard County,FL,95.8,9.9,9.4842
12011,Broward County,FL,114,13.3,15.162
12013,Calhoun County,FL,90.2,19.0,17.137999999999998
12015,Charlotte County,FL,58.8,9.8,5.7624
12017,Citrus County,FL,130,11.5,14.95
12019,Clay County,FL,97.8,8.2,8.019599999999999
12021,Collier County,FL,79.9,11.2,8.9488
12023,Columbia County,FL,117.5,13.8,16.215
12027,DeSoto County,FL,70.7,18.8,13.2916
12029,Dixie County,FL,84.2,17.7,14.9034
12031,Duval County,FL,106.2,11.5,12.213
12033,Escambia County,FL,111.6,12.1,13.503599999999999
12035,Flagler County,FL,88.3,10.8,9.5364
12037,Franklin County,FL,79.7,15.3,12.1941
12039,Gadsden County,FL,111.9,16.4,18.351599999999998
12041,Gilchrist County,FL,98.5,15.1,14.8735
12043,Glades County,FL,64.4,20.4,13.137599999999999
12045,Gulf County,FL,82.4,9.5,7.828
12047,Hamilton County,FL,114.3,13.3,15.2019
12049,Hardee County,FL,142.7,16.8,23.9736
12051,Hendry County,FL,81.5,20.6,16.789
12053,Hernando County,FL,70.7,11.7,8.271899999999999
12055,Highlands County,FL,113.5,12.7,14.414499999999999
12057,Hillsborough County,FL,75.5,11.5,8.6825
12059,Holmes County,FL,92.6,13.3,12.3158
12061,Indian River County,FL,133.6,10.6,14.161599999999998
12063,Jackson County,FL,92.9,9.8,9.1042
12065,Jefferson County,FL,83.1,9.8,8.1438
12067,Lafayette County,FL,100.6,11.0,11.065999999999999
12069,Lake County,FL,83.7,10.1,8.4537
12071,Lee County,FL,52.3,12.5,6.5375
12073,Leon County,FL,75.3,7.7,5.7981
12075,Levy County,FL,82.9,14.9,12.3521
12077,Liberty County,FL,76.3,8.6,6.5618
12079,Madison County,FL,106.3,12.1,12.8623
12081,Manatee County,FL,62.6,11.7,7.324199999999999
12083,Marion County,FL,47.1,12.2,5.7462
12085,Martin County,FL,112.9,10.2,11.515799999999999
12086,Miami-Dade County,FL,103.4,14.3,14.786200000000001
12087,Monroe County,FL,75,14.9,11.175
12089,Nassau County,FL,87.6,7.5,6.57
12091,Okaloosa County,FL,91.4,11.4,10.4196
12093,Okeechobee County,FL,93.1,17.3,16.106299999999997
12095,Orange County,FL,102.3,12.3,12.5829
12097,Osceola County,FL,115.9,10.9,12.633100000000002
12099,Palm Beach County,FL,87.7,13.2,11.5764
12101,Pasco County,FL,77.6,10.7,8.303199999999999
12103,Pinellas County,FL,64.7,10.7,6.922899999999999
12105,Polk County,FL,103.1,13.0,13.402999999999999
12107,Putnam County,FL,101.3,15.1,15.296299999999999
12109,St. Johns County,FL,66.7,6.4,4.268800000000001
12111,St. Lucie County,FL,130.3,12.1,15.766300000000001
12113,Santa Rosa County,FL,99.2,10.4,10.3168
12115,Sarasota County,FL,53.6,10.0,5.36
12117,Seminole County,FL,111.2,9.6,10.6752
12119,Sumter County,FL,57,5.2,2.9640000000000004
12121,Suwannee County,FL,117.4,11.9,13.970600000000001
12123,Taylor County,FL,96.3,9.5,9.1485
12125,Union County,FL,116.5,9.6,11.184
12127,Volusia County,FL,108.8,11.0,11.968
12129,Wakulla County,FL,76.7,6.6,5.0622
12131,Walton County,FL,70.9,14.1,9.9969
12133,Washington County,FL,95.1,14.4,13.6944
00012,Florida,FL,88.6,,
13001,Appling County,GA,102.6,16.4,16.8264
13003,Atkinson County,GA,100,22.4,22.4
13005,Bacon County,GA,91.7,14.5,13.296500000000002
13007,Baker County,GA,104,16.9,17.576
13009,Baldwin County,GA,78.1,11.8,9.2158
13011,Banks County,GA,79.7,11.8,9.4046
13013,Barrow County,GA,81.6,15.4,12.566399999999998
13015,Bartow County,GA,87.2,14.6,12.731200000000001
13017,Ben Hill County,GA,93.9,18.7,17.5593
13019,Berrien County,GA,91.1,18.8,17.1268
13021,Bibb County,GA,91.7,13.6,12.471200000000001
13023,Bleckley County,GA,81.3,10.4,8.4552
13025,Brantley County,GA,82.6,16.7,13.794199999999998
13027,Brooks County,GA,80.2,15.7,12.5914
13029,Bryan County,GA,87.8,8.6,7.550799999999999
13031,Bulloch County,GA,87.6,11.9,10.4244
13033,Burke County,GA,110.6,11.4,12.6084
13035,Butts County,GA,107.4,11.9,12.780600000000002
13037,Calhoun County,GA,99.1,11.6,11.4956
13039,Camden County,GA,67.4,8.8,5.931200000000001
13043,Candler County,GA,110.5,17.3,19.116500000000002
13045,Carroll County,GA,96.8,12.6,12.196799999999998
13047,Catoosa County,GA,81.8,10.4,8.507200000000001
13049,Charlton County,GA,80.6,17.5,14.105
13051,Chatham County,GA,88.7,13.1,11.6197
13053,Chattahoochee County,GA,119.7,5.0,5.985
13055,Chattooga County,GA,95.4,12.1,11.543400000000002
13057,Cherokee County,GA,70.2,10.8,7.581600000000001
13059,Clarke County,GA,85.4,11.1,9.4794
13061,Clay County,GA,81.5,6.9,5.6235
13063,Clayton County,GA,107.3,17.7,18.992099999999997
13065,Clinch County,GA,112.3,22.5,25.2675
13067,Cobb County,GA,97.4,12.2,11.8828
13069,Coffee County,GA,94.9,18.5,17.5565
13071,Colquitt County,GA,111.1,20.8,23.108800000000002
13073,Columbia County,GA,72.8,8.9,6.4792
13075,Cook County,GA,98.2,17.7,17.3814
13077,Coweta County,GA,74.7,8.3,6.200100000000001
13079,Crawford County,GA,99.5,11.8,11.741000000000001
13081,Crisp County,GA,101,16.1,16.261000000000003
13083,Dade County,GA,84.8,10.3,8.7344
13085,Dawson County,GA,70.8,13.1,9.274799999999999
13087,Decatur County,GA,101.7,15.0,15.255
13089,DeKalb County,GA,72.7,13.0,9.451
13091,Dodge County,GA,84.8,16.1,13.6528
13093,Dooly County,GA,83.7,16.2,13.5594
13095,Dougherty County,GA,109.5,14.0,15.33
13097,Douglas County,GA,120.3,12.0,14.436
13099,Early County,GA,89.1,17.4,15.503399999999997
13101,Echols County,GA,104.6,21.2,22.1752
13103,Effingham County,GA,87.7,9.6,8.4192
13105,Elbert County,GA,84.3,11.3,9.5259
13107,Emanuel County,GA,113,16.7,18.871
13109,Evans County,GA,98.3,17.1,16.8093
13111,Fannin County,GA,84.5,15.2,12.844
13113,Fayette County,GA,75.4,7.9,5.956600000000001
13115,Floyd County,GA,90.1,13.8,12.433799999999998
13117,Forsyth County,GA,69.7,7.9,5.5062999999999995
13119,Franklin County,GA,92.7,18.5,17.1495
13121,Fulton County,GA,83.7,9.7,8.1189
13123,Gilmer County,GA,62.4,15.2,9.4848
13125,Glascock County,GA,114,11.6,13.223999999999998
13127,Glynn County,GA,71,14.1,10.011000000000001
13129,Gordon County,GA,77.9,15.1,11.7629
13131,Grady County,GA,88.1,19.2,16.9152
13133,Greene County,GA,70.8,15.4,10.9032
13135,Gwinnett County,GA,78.1,15.4,12.0274
13137,Habersham County,GA,82.1,14.0,11.493999999999998
13139,Hall County,GA,74,16.7,12.357999999999999
13141,Hancock County,GA,83.2,8.0,6.656000000000001
13143,Haralson County,GA,108.5,12.0,13.02
13145,Harris County,GA,77.7,7.0,5.439
13147,Hart County,GA,90.1,13.3,11.9833
13149,Heard County,GA,111.9,14.5,16.2255
13151,Henry County,GA,107.4,9.2,9.880799999999999
13153,Houston County,GA,84.1,10.8,9.082799999999999
13155,Irwin County,GA,93.6,21.4,20.030399999999997
13157,Jackson County,GA,85.3,11.9,10.1507
13159,Jasper County,GA,94.1,11.2,10.5392
13161,Jeff Davis County,GA,90.6,21.8,19.750799999999998
13163,Jefferson County,GA,117.5,17.5,20.5625
13165,Jenkins County,GA,89.8,17.0,15.265999999999998
13167,Johnson County,GA,73.9,11.4,8.4246
13169,Jones County,GA,88.1,7.8,6.8717999999999995
13171,Lamar County,GA,110.8,10.2,11.301599999999999
13173,Lanier County,GA,92.7,15.5,14.368500000000001
13175,Laurens County,GA,80.1,12.9,10.3329
13177,Lee County,GA,109.4,8.3,9.080200000000001
13179,Liberty County,GA,80,10.6,8.48
13181,Lincoln County,GA,79.7,12.9,10.281300000000002
13183,Long County,GA,96.9,10.4,10.0776
13185,Lowndes County,GA,83.1,14.9,12.3819
13187,Lumpkin County,GA,83.4,12.4,10.341600000000001
13189,McDuffie County,GA,101.8,11.2,11.401599999999998
13191,McIntosh County,GA,93.7,11.5,10.7755
13193,Macon County,GA,83.4,23.2,19.3488
13195,Madison County,GA,87.6,16.8,14.716800000000001
13197,Marion County,GA,103.7,17.6,18.2512
13199,Meriwether County,GA,136.8,14.2,19.425600000000003
13201,Miller County,GA,89,15.2,13.527999999999999
13205,Mitchell County,GA,105.2,18.4,19.3568
13207,Monroe County,GA,96.8,10.5,10.164
13209,Montgomery County,GA,111.4,14.5,16.153000000000002
13211,Morgan County,GA,82.7,9.1,7.5257000000000005
13213,Murray County,GA,78.7,13.6,10.703199999999999
13215,Muscogee County,GA,112.6,11.3,12.7238
13217,Newton County,GA,102.8,12.2,12.541599999999999
13219,Oconee County,GA,81,6.3,5.103
13221,Oglethorpe County,GA,80.1,12.1,9.6921
13223,Paulding County,GA,112.3,10.3,11.5669
13225,Peach County,GA,94.1,11.2,10.5392
13227,Pickens County,GA,78.8,12.4,9.7712
13229,Pierce County,GA,100.6,14.6,14.6876
13231,Pike County,GA,121,14.4,17.424
13233,Polk County,GA,108.8,14.0,15.232000000000001
13235,Pulaski County,GA,80.4,10.4,8.361600000000001
13237,Putnam County,GA,80.9,11.7,9.4653
13239,Quitman County,GA,81.7,21.0,17.157
13241,Rabun County,GA,85.4,13.6,11.6144
13243,Randolph County,GA,111.7,7.7,8.600900000000001
13245,Richmond County,GA,97.5,11.6,11.31
13247,Rockdale County,GA,77.7,14.1,10.9557
13249,Schley County,GA,97.6,9.9,9.6624
13251,Screven County,GA,91.9,11.5,10.568500000000002
13253,Seminole County,GA,92.6,16.7,15.464199999999998
13255,Spalding County,GA,113.5,13.3,15.095500000000001
13257,Stephens County,GA,93.8,13.5,12.663
13259,Stewart County,GA,123,18.0,22.14
13261,Sumter County,GA,100,13.3,13.3
13263,Talbot County,GA,104.1,12.6,13.116599999999998
13265,Taliaferro County,GA,82.5,13.6,11.22
13267,Tattnall County,GA,111,13.7,15.206999999999999
13269,Taylor County,GA,104,10.1,10.503999999999998
13271,Telfair County,GA,83.8,12.7,10.6426
13273,Terrell County,GA,112,15.6,17.472
13275,Thomas County,GA,85.5,10.8,9.234000000000002
13277,Tift County,GA,98.7,16.0,15.792
13279,Toombs County,GA,114.8,16.6,19.0568
13281,Towns County,GA,81.4,13.2,10.7448
13283,Treutlen County,GA,97.7,13.4,13.091800000000001
13285,Troup County,GA,166.3,11.2,18.6256
13287,Turner County,GA,99.1,13.1,12.982099999999997
13289,Twiggs County,GA,86.2,12.6,10.861200000000002
13291,Union County,GA,87.6,12.7,11.125199999999998
13293,Upson County,GA,112.7,11.5,12.9605
13295,Walker County,GA,87.1,13.2,11.497199999999998
13297,Walton County,GA,82.5,11.5,9.4875
13299,Ware County,GA,94.3,16.3,15.370899999999999
13301,Warren County,GA,107.6,7.4,7.9624
13303,Washington County,GA,86.1,13.5,11.6235
13305,Wayne County,GA,111.8,18.8,21.0184
13307,Webster County,GA,116.7,20.8,24.273600000000002
13309,Wheeler County,GA,81.1,23.5,19.0585
13311,White County,GA,78.9,12.4,9.783600000000002
13313,Whitfield County,GA,76.8,17.5,13.44
13315,Wilcox County,GA,92,14.6,13.432
13317,Wilkes County,GA,95,18.6,17.67
13319,Wilkinson County,GA,81.8,12.4,10.1432
13321,Worth County,GA,107.4,14.0,15.036000000000001
00013,Georgia,GA,87.3,,
66010,Guam County,GU,128.2,,
00066,Guam,GU,128.2,,
15001,Hawaii County,HI,88.4,4.2,3.7128
15003,Honolulu County,HI,75.9,3.4,2.5806
15005,Kalawao County,HI,100.7,2.4,2.4168000000000003
15007,Kauai County,HI,69.8,4.1,2.8617999999999997
15009,Maui County,HI,95.7,4.5,4.306500000000001
00015,Hawaii,HI,79.3,,
19001,Adair County,IA,61.3,4.6,2.8197999999999994
19003,Adams County,IA,74.2,4.1,3.0422
19005,Allamakee County,IA,58.6,6.6,3.8676
19007,Appanoose County,IA,78.8,10.7,8.4316
19009,Audubon County,IA,67.3,3.3,2.2209
19011,Benton County,IA,67.5,3.0,2.025
19013,Black Hawk County,IA,64.5,4.4,2.838
19015,Boone County,IA,67.1,3.7,2.4827
19017,Bremer County,IA,55.4,2.2,1.2188
19019,Buchanan County,IA,60,5.9,3.54
19021,Buena Vista County,IA,55.1,6.5,3.5815
19023,Butler County,IA,60.8,3.8,2.3104
19025,Calhoun County,IA,56.2,3.0,1.6860000000000002
19027,Carroll County,IA,57.8,2.5,1.445
19029,Cass County,IA,70.7,4.2,2.9694
19031,Cedar County,IA,56.1,3.8,2.1318
19033,Cerro Gordo County,IA,60.2,3.8,2.2876
19035,Cherokee County,IA,59.8,6.1,3.6477999999999997
19037,Chickasaw County,IA,64.6,7.7,4.9742
19039,Clarke County,IA,66.9,5.3,3.5457
19041,Clay County,IA,53,4.6,2.4379999999999997
19043,Clayton County,IA,59.3,7.6,4.506799999999999
19045,Clinton County,IA,78.7,5.0,3.935
19047,Crawford County,IA,64.7,8.6,5.5642
19049,Dallas County,IA,52.7,4.1,2.1607
19051,Davis County,IA,75.9,28.3,21.4797
19053,Decatur County,IA,73.8,7.9,5.8302
19055,Delaware County,IA,59.3,4.0,2.372
19057,Des Moines County,IA,66.2,4.0,2.648
19059,Dickinson County,IA,46.4,3.7,1.7168
19061,Dubuque County,IA,63.8,3.5,2.2329999999999997
19063,Emmet County,IA,47.5,5.4,2.565
19065,Fayette County,IA,56.8,4.7,2.6696
19067,Floyd County,IA,62.1,4.1,2.5461
19069,Franklin County,IA,53.9,10.7,5.767299999999999
19071,Fremont County,IA,79.6,3.9,3.1044
19073,Greene County,IA,52,3.4,1.7679999999999998
19075,Grundy County,IA,66.6,2.6,1.7316
19077,Guthrie County,IA,58,3.4,1.972
19079,Hamilton County,IA,49.8,4.3,2.1414
19081,Hancock County,IA,56.2,4.7,2.6414000000000004
19083,Hardin County,IA,57.6,4.9,2.8224
19085,Harrison County,IA,64.4,4.2,2.7048
19087,Henry County,IA,59.5,4.5,2.6775
19089,Howard County,IA,63.9,9.6,6.134399999999999
19091,Humboldt County,IA,55,6.0,3.3
19093,Ida County,IA,67.7,5.5,3.7235
19095,Iowa County,IA,70.6,2.4,1.6943999999999997
19097,Jackson County,IA,67.1,5.4,3.6233999999999997
19099,Jasper County,IA,67.5,4.1,2.7675
19101,Jefferson County,IA,62.7,7.2,4.5144
19103,Johnson County,IA,37.9,5.1,1.9328999999999998
19105,Jones County,IA,63.1,2.7,1.7037
19107,Keokuk County,IA,83,3.3,2.739
19109,Kossuth County,IA,51.5,3.9,2.0084999999999997
19111,Lee County,IA,72,4.7,3.3840000000000003
19113,Linn County,IA,61.1,3.8,2.3218
19115,Louisa County,IA,50.8,5.1,2.5907999999999998
19117,Lucas County,IA,67.5,7.9,5.3325
19119,Lyon County,IA,58.7,4.4,2.5828
19121,Madison County,IA,60.9,4.9,2.9841
19123,Mahaska County,IA,79.7,4.7,3.7459000000000002
19125,Marion County,IA,65.4,2.5,1.635
19127,Marshall County,IA,68.3,5.4,3.6882
19129,Mills County,IA,67.9,2.6,1.7654000000000003
19131,Mitchell County,IA,61.8,7.3,4.5114
19133,Monona County,IA,58.7,3.3,1.9371
19135,Monroe County,IA,75.5,2.5,1.8875
19137,Montgomery County,IA,71.2,2.6,1.8512
19139,Muscatine County,IA,78.9,4.0,3.156
19141,O'Brien County,IA,50.3,3.6,1.8107999999999997
19143,Osceola County,IA,44.6,7.7,3.4342
19145,Page County,IA,65.6,4.8,3.1487999999999996
19147,Palo Alto County,IA,49.7,5.0,2.485
19149,Plymouth County,IA,58.7,5.6,3.2872
19151,Pocahontas County,IA,54.1,7.1,3.8411
19153,Polk County,IA,63.6,4.9,3.1164000000000005
19155,Pottawattamie County,IA,70.3,4.8,3.3744
19157,Poweshiek County,IA,78.7,3.6,2.8331999999999997
19159,Ringgold County,IA,72.7,7.9,5.7433000000000005
19161,Sac County,IA,58.8,5.2,3.0576
19163,Scott County,IA,78.1,5.4,4.2174000000000005
19165,Shelby County,IA,66.3,3.2,2.1216
19167,Sioux County,IA,46,5.7,2.622
19169,Story County,IA,58.2,4.6,2.6771999999999996
19171,Tama County,IA,71.9,7.0,5.033
19173,Taylor County,IA,65.7,5.2,3.4164000000000003
19175,Union County,IA,71,7.9,5.609
19177,Van Buren County,IA,71.8,12.2,8.759599999999999
19179,Wapello County,IA,80.2,7.2,5.774400000000001
19181,Warren County,IA,60.4,2.2,1.3288
19183,Washington County,IA,35.6,7.2,2.5632
19185,Wayne County,IA,77.8,12.5,9.725
19187,Webster County,IA,59.8,7.5,4.485
19189,Winnebago County,IA,65.1,4.5,2.9295
19191,Winneshiek County,IA,55.6,2.9,1.6124
19193,Woodbury County,IA,70.6,6.5,4.5889999999999995
19195,Worth County,IA,59.5,6.6,3.927
19197,Wright County,IA,53.5,5.4,2.8890000000000002
00019,Iowa,IA,63,,
16001,Ada County,ID,64,6.7,4.288
16003,Adams County,ID,62.1,11.9,7.3899
16005,Bannock County,ID,85.9,7.2,6.1848
16007,Bear Lake County,ID,61.7,7.7,4.750900000000001
16009,Benewah County,ID,75.7,14.0,10.597999999999999
16011,Bingham County,ID,62.5,8.9,5.5625
16013,Blaine County,ID,42.4,10.3,4.3672
16015,Boise County,ID,52.5,11.2,5.88
16017,Bonner County,ID,70.8,10.5,7.434
16019,Bonneville County,ID,56.9,8.0,4.552
16021,Boundary County,ID,66.4,13.6,9.0304
16023,Butte County,ID,56.3,7.6,4.2787999999999995
16025,Camas County,ID,49.1,14.4,7.070400000000001
16027,Canyon County,ID,78.4,11.7,9.1728
16029,Caribou County,ID,64.1,7.3,4.6793
16031,Cassia County,ID,83.2,11.5,9.568000000000001
16033,Clark County,ID,80.2,17.4,13.9548
16035,Clearwater County,ID,62.7,12.3,7.7121
16037,Custer County,ID,43.4,14.1,6.1194
16039,Elmore County,ID,62.6,12.2,7.6372
16041,Franklin County,ID,72.3,11.3,8.1699
16043,Fremont County,ID,98.9,12.2,12.0658
16045,Gem County,ID,88.3,11.9,10.5077
16047,Gooding County,ID,69.5,19.6,13.622
16049,Idaho County,ID,43.6,15.3,6.670800000000001
16051,Jefferson County,ID,74.9,8.6,6.4414
16053,Jerome County,ID,77.5,15.8,12.245
16055,Kootenai County,ID,74.6,9.6,7.1616
16057,Latah County,ID,58.7,7.4,4.343800000000001
16059,Lemhi County,ID,56.8,6.8,3.8623999999999996
16061,Lewis County,ID,66,12.5,8.25
16063,Lincoln County,ID,60.7,15.5,9.4085
16065,Madison County,ID,102.9,5.3,5.4537
16067,Minidoka County,ID,61.7,13.0,8.021
16069,Nez Perce County,ID,91.2,8.8,8.0256
16071,Oneida County,ID,74.8,7.0,5.236000000000001
16073,Owyhee County,ID,67.8,21.1,14.3058
16075,Payette County,ID,82.2,8.0,6.5760000000000005
16077,Power County,ID,72.2,16.9,12.201799999999999
16079,Shoshone County,ID,65.8,10.8,7.1064
16081,Teton County,ID,18.2,14.7,2.6754
16083,Twin Falls County,ID,68.9,10.1,6.9589
16085,Valley County,ID,23.4,10.0,2.34
16087,Washington County,ID,86.4,9.8,8.467200000000002
00016,Idaho,ID,69.5,,
17001,Adams County,IL,82.9,4.8,3.9792
17003,Alexander County,IL,90.9,11.1,10.0899
17005,Bond County,IL,107.7,3.6,3.8772
17007,Boone County,IL,82.5,4.8,3.96
17009,Brown County,IL,78.8,2.7,2.1276
17011,Bureau County,IL,83.3,5.9,4.9147
17013,Calhoun County,IL,72.8,1.3,0.9464
17015,Carroll County,IL,71.7,6.8,4.8756
17017,Cass County,IL,75.5,7.3,5.5115
17019,Champaign County,IL,63,5.0,3.15
17021,Christian County,IL,71.8,4.4,3.1592000000000002
17023,Clark County,IL,78.6,4.9,3.8514
17025,Clay County,IL,93.5,5.6,5.236000000000001
17027,Clinton County,IL,94.1,4.9,4.6109
17029,Coles County,IL,70.4,6.3,4.4352
17031,Cook County,IL,83,9.0,7.47
17033,Crawford County,IL,87.6,5.2,4.5552
17035,Cumberland County,IL,68.7,5.6,3.8471999999999995
17037,DeKalb County,IL,86.4,4.8,4.147200000000001
17039,De Witt County,IL,68.5,3.8,2.603
17041,Douglas County,IL,70.8,16.7,11.823599999999999
17043,DuPage County,IL,85.6,5.3,4.5367999999999995
17045,Edgar County,IL,73,4.6,3.3579999999999997
17047,Edwards County,IL,93.5,7.5,7.0125
17049,Effingham County,IL,67.6,5.0,3.38
17051,Fayette County,IL,71.4,9.0,6.426
17053,Ford County,IL,105.4,5.6,5.9024
17055,Franklin County,IL,92.1,7.5,6.9075
17057,Fulton County,IL,89,4.0,3.56
17059,Gallatin County,IL,71.7,3.9,2.7963
17061,Greene County,IL,87.5,4.7,4.1125
17063,Grundy County,IL,96.5,3.7,3.5705
17065,Hamilton County,IL,81.6,9.1,7.425599999999999
17067,Hancock County,IL,77.2,6.5,5.018
17069,Hardin County,IL,88.7,3.8,3.3706
17071,Henderson County,IL,74.3,2.8,2.0804
17073,Henry County,IL,77.4,4.1,3.1733999999999996
17075,Iroquois County,IL,97.2,6.3,6.1236
17077,Jackson County,IL,82.2,6.8,5.589600000000001
17079,Jasper County,IL,104,4.8,4.992
17081,Jefferson County,IL,94.1,7.5,7.0575
17083,Jersey County,IL,84.4,5.3,4.4732
17085,Jo Daviess County,IL,66.3,5.2,3.4476
17087,Johnson County,IL,74.6,7.9,5.893400000000001
17089,Kane County,IL,89.8,7.9,7.0942
17091,Kankakee County,IL,99.6,5.6,5.577599999999999
17093,Kendall County,IL,86,4.4,3.7840000000000003
17095,Knox County,IL,79.7,5.5,4.383500000000001
17097,Lake County,IL,62.7,6.9,4.326300000000001
17099,LaSalle County,IL,86.1,4.0,3.444
17101,Lawrence County,IL,109.1,7.5,8.1825
17103,Lee County,IL,87.3,3.6,3.1428
17105,Livingston County,IL,94.5,4.9,4.6305000000000005
17107,Logan County,IL,77.3,2.4,1.8551999999999997
17109,McDonough County,IL,82.5,6.5,5.3625
17111,McHenry County,IL,84,4.7,3.948
17113,McLean County,IL,67.3,4.4,2.9612
17115,Macon County,IL,69,4.1,2.8289999999999997
17117,Macoupin County,IL,100.1,4.3,4.3043
17119,Madison County,IL,125.5,4.8,6.024
17121,Marion County,IL,86.8,6.6,5.7288
17123,Marshall County,IL,83.2,3.6,2.9952000000000005
17125,Mason County,IL,92.2,4.6,4.2412
17127,Massac County,IL,93.8,9.0,8.442
17129,Menard County,IL,71.1,2.9,2.0618999999999996
17131,Mercer County,IL,74.8,5.2,3.8895999999999997
17133,Monroe County,IL,90.6,2.2,1.9931999999999999
17135,Montgomery County,IL,121.8,4.5,5.481
17137,Morgan County,IL,71.9,4.0,2.8760000000000003
17139,Moultrie County,IL,68.3,12.8,8.7424
17141,Ogle County,IL,70.9,4.3,3.0487
17143,Peoria County,IL,88.9,6.0,5.3340000000000005
17145,Perry County,IL,94.6,3.7,3.5002
17147,Piatt County,IL,66.3,3.0,1.9889999999999999
17149,Pike County,IL,79.8,5.9,4.7082
17151,Pope County,IL,80.9,2.9,2.3461000000000003
17153,Pulaski County,IL,95.6,7.4,7.0744
17155,Putnam County,IL,81.9,3.1,2.5389
17157,Randolph County,IL,106.4,5.3,5.6392
17159,Richland County,IL,102,5.8,5.916
17161,Rock Island County,IL,78.2,6.0,4.692
17163,St. Clair County,IL,116.6,5.4,6.2964
17165,Saline County,IL,76.4,5.9,4.5076
17167,Sangamon County,IL,68.1,3.8,2.5877999999999997
17169,Schuyler County,IL,81.3,8.1,6.5853
17171,Scott County,IL,80.9,5.1,4.1259
17173,Shelby County,IL,69.4,5.0,3.47
17175,Stark County,IL,81.6,5.3,4.3248
17177,Stephenson County,IL,73.9,5.2,3.8428000000000004
17179,Tazewell County,IL,93.5,5.1,4.7684999999999995
17181,Union County,IL,88.8,6.6,5.860799999999999
17183,Vermilion County,IL,82.5,4.6,3.7949999999999995
17185,Wabash County,IL,101.8,5.0,5.09
17187,Warren County,IL,80.5,6.0,4.83
17189,Washington County,IL,105.3,3.3,3.4748999999999994
17191,Wayne County,IL,92.2,11.4,10.510800000000001
17193,White County,IL,75.3,4.9,3.6897
17195,Whiteside County,IL,86.4,5.5,4.752000000000001
17197,Will County,IL,88.7,5.3,4.7011
17199,Williamson County,IL,78.1,5.2,4.0612
17201,Winnebago County,IL,85.7,6.1,5.2277
17203,Woodford County,IL,84.7,5.1,4.3197
00017,Illinois,IL,83.8,,
18001,Adams County,IN,85,23.3,19.805
18003,Allen County,IN,88.1,8.2,7.224199999999999
18005,Bartholomew County,IN,72,5.2,3.744
18007,Benton County,IN,77.8,6.4,4.9792000000000005
18009,Blackford County,IN,108,7.5,8.1
18011,Boone County,IN,71.4,4.1,2.9274
18013,Brown County,IN,72.9,6.1,4.4469
18015,Carroll County,IN,73,11.8,8.614
18017,Cass County,IN,75.9,6.9,5.237100000000001
18019,Clark County,IN,77,6.3,4.851
18021,Clay County,IN,72.9,5.7,4.1553
18023,Clinton County,IN,81,7.4,5.994
18025,Crawford County,IN,110.7,6.5,7.195500000000001
18027,Daviess County,IN,107.1,23.6,25.2756
18029,Dearborn County,IN,75.8,4.8,3.6384
18031,Decatur County,IN,78.9,4.0,3.156
18033,DeKalb County,IN,85.1,6.8,5.7867999999999995
18035,Delaware County,IN,111.2,7.2,8.0064
18037,Dubois County,IN,116.3,4.4,5.1172
18039,Elkhart County,IN,80.5,14.7,11.833499999999999
18041,Fayette County,IN,103.8,6.0,6.228
18043,Floyd County,IN,77.1,5.1,3.9320999999999993
18045,Fountain County,IN,83.4,6.9,5.7546
18047,Franklin County,IN,84.3,7.0,5.901
18049,Fulton County,IN,97,9.9,9.603000000000002
18051,Gibson County,IN,85.7,4.2,3.5994000000000006
18053,Grant County,IN,105.8,7.2,7.6175999999999995
18055,Greene County,IN,69.7,8.1,5.645700000000001
18057,Hamilton County,IN,63.8,4.2,2.6795999999999998
18059,Hancock County,IN,77.5,5.2,4.03
18061,Harrison County,IN,71.9,5.5,3.9545000000000003
18063,Hendricks County,IN,66.5,5.6,3.7239999999999998
18065,Henry County,IN,111.2,6.7,7.450400000000001
18067,Howard County,IN,92.4,6.7,6.1908
18069,Huntington County,IN,93.2,6.3,5.8716
18071,Jackson County,IN,74.4,9.2,6.8448
18073,Jasper County,IN,78.2,4.4,3.4408000000000003
18075,Jay County,IN,89.3,9.7,8.662099999999999
18077,Jefferson County,IN,83.3,8.8,7.330400000000001
18079,Jennings County,IN,80.9,9.0,7.281000000000001
18081,Johnson County,IN,78.3,4.8,3.7584
18083,Knox County,IN,112.4,6.9,7.7556
18085,Kosciusko County,IN,94,11.1,10.434
18087,LaGrange County,IN,71.8,44.3,31.807399999999998
18089,Lake County,IN,82.2,6.8,5.589600000000001
18091,LaPorte County,IN,79.9,6.4,5.113600000000001
18093,Lawrence County,IN,75.9,6.4,4.857600000000001
18095,Madison County,IN,106.4,8.0,8.512
18097,Marion County,IN,81,9.0,7.29
18099,Marshall County,IN,90.6,13.0,11.777999999999999
18101,Martin County,IN,82.7,7.1,5.8717
18103,Miami County,IN,94.9,7.5,7.1175
18105,Monroe County,IN,74.2,5.3,3.9326
18107,Montgomery County,IN,65.4,8.2,5.3628
18109,Morgan County,IN,79.6,5.1,4.0596
18111,Newton County,IN,84.6,5.8,4.9068
18113,Noble County,IN,86.5,11.7,10.1205
18115,Ohio County,IN,70.4,6.3,4.4352
18117,Orange County,IN,89,7.1,6.319
18119,Owen County,IN,77.1,9.4,7.2474
18121,Parke County,IN,77.4,15.7,12.151800000000001
18123,Perry County,IN,72.1,5.5,3.9654999999999996
18125,Pike County,IN,101.6,4.3,4.368799999999999
18127,Porter County,IN,78.8,4.8,3.7823999999999995
18129,Posey County,IN,80,3.9,3.12
18131,Pulaski County,IN,72.9,7.5,5.4675
18133,Putnam County,IN,78,3.9,3.042
18135,Randolph County,IN,108,7.5,8.1
18137,Ripley County,IN,80.6,6.7,5.4002
18139,Rush County,IN,80,7.9,6.32
18141,St. Joseph County,IN,89,7.3,6.496999999999999
18143,Scott County,IN,82.2,3.7,3.0414000000000003
18145,Shelby County,IN,78.6,6.2,4.8732
18147,Spencer County,IN,84.2,3.8,3.1995999999999998
18149,Starke County,IN,79.8,6.5,5.186999999999999
18151,Steuben County,IN,79.3,6.3,4.9959
18153,Sullivan County,IN,61.5,6.8,4.1819999999999995
18155,Switzerland County,IN,76.7,13.1,10.047699999999999
18157,Tippecanoe County,IN,72.5,5.5,3.9875
18159,Tipton County,IN,67.5,8.0,5.4
18161,Union County,IN,96.3,8.0,7.704
18163,Vanderburgh County,IN,86.4,7.3,6.3072
18165,Vermillion County,IN,93.7,4.0,3.748
18167,Vigo County,IN,70.6,7.7,5.4362
18169,Wabash County,IN,101.5,6.8,6.901999999999999
18171,Warren County,IN,80.9,4.9,3.9641000000000006
18173,Warrick County,IN,77.7,3.1,2.4087
18175,Washington County,IN,84.1,8.3,6.9803
18177,Wayne County,IN,87.4,10.7,9.351799999999999
18179,Wells County,IN,91.7,6.6,6.0522
18181,White County,IN,70.5,7.2,5.0760000000000005
18183,Whitley County,IN,92.4,7.8,7.2072
00018,Indiana,IN,82.5,,
20001,Allen County,KS,79.8,9.6,7.660799999999999
20003,Anderson County,KS,73,10.7,7.810999999999999
20005,Atchison County,KS,60.2,8.7,5.2374
20007,Barber County,KS,147.8,6.9,10.198200000000002
20009,Barton County,KS,66.2,11.3,7.480600000000001
20011,Bourbon County,KS,82.6,7.8,6.4428
20013,Brown County,KS,125.9,10.2,12.841800000000001
20015,Butler County,KS,73,6.3,4.599
20017,Chase County,KS,67.2,7.5,5.04
20019,Chautauqua County,KS,68.3,12.7,8.6741
20021,Cherokee County,KS,93.5,10.0,9.35
20023,Cheyenne County,KS,65.3,15.1,9.8603
20025,Clark County,KS,70.3,5.9,4.1476999999999995
20027,Clay County,KS,78.1,6.6,5.154599999999999
20029,Cloud County,KS,86.7,9.9,8.583300000000001
20031,Coffey County,KS,71.6,11.6,8.3056
20033,Comanche County,KS,94.7,9.1,8.6177
20035,Cowley County,KS,73,8.2,5.985999999999999
20037,Crawford County,KS,80.5,11.4,9.177
20039,Decatur County,KS,62.5,7.2,4.5
20041,Dickinson County,KS,69.5,8.2,5.699
20043,Doniphan County,KS,85.6,7.4,6.3344
20045,Douglas County,KS,66.1,7.8,5.155799999999999
20047,Edwards County,KS,68.2,9.6,6.5472
20049,Elk County,KS,80.1,8.9,7.1289
20051,Ellis County,KS,59.5,7.2,4.284000000000001
20053,Ellsworth County,KS,69.3,3.4,2.3562
20055,Finney County,KS,60.6,12.8,7.756800000000001
20057,Ford County,KS,73,13.8,10.074000000000002
20059,Franklin County,KS,66.4,7.5,4.98
20061,Geary County,KS,71,7.9,5.609
20063,Gove County,KS,71,8.0,5.68
20065,Graham County,KS,44.1,5.5,2.4255
20067,Grant County,KS,58.3,16.7,9.736099999999999
20069,Gray County,KS,94.5,11.5,10.8675
20071,Greeley County,KS,146.2,11.3,16.520599999999998
20073,Greenwood County,KS,70,10.0,7.0
20075,Hamilton County,KS,83.6,23.2,19.3952
20077,Harper County,KS,87.9,9.1,7.9989
20079,Harvey County,KS,74,8.9,6.586
20081,Haskell County,KS,59,17.6,10.384
20083,Hodgeman County,KS,74.4,6.8,5.059200000000001
20085,Jackson County,KS,62.9,8.1,5.094899999999999
20087,Jefferson County,KS,66.6,4.8,3.1967999999999996
20089,Jewell County,KS,98.9,5.5,5.439500000000001
20091,Johnson County,KS,66.7,5.1,3.4017
20093,Kearny County,KS,60.7,11.5,6.980500000000001
20095,Kingman County,KS,164.9,8.3,13.6867
20097,Kiowa County,KS,87,8.2,7.1339999999999995
20099,Labette County,KS,69.7,10.6,7.3882
20101,Lane County,KS,60,16.7,10.02
20103,Leavenworth County,KS,59.9,6.9,4.1331
20105,Lincoln County,KS,71.4,6.9,4.9266000000000005
20107,Linn County,KS,78.4,9.9,7.7616000000000005
20109,Logan County,KS,53.4,8.8,4.6992
20111,Lyon County,KS,64.9,11.0,7.139000000000001
20113,McPherson County,KS,73.1,5.6,4.0935999999999995
20115,Marion County,KS,68.1,7.2,4.9032
20117,Marshall County,KS,67.7,5.0,3.385
20119,Meade County,KS,82.1,8.7,7.142699999999999
20121,Miami County,KS,68.4,6.5,4.446000000000001
20123,Mitchell County,KS,96.7,8.5,8.2195
20125,Montgomery County,KS,94.3,11.6,10.938799999999999
20127,Morris County,KS,69.8,6.9,4.8162
20129,Morton County,KS,44.6,11.2,4.9952
20131,Nemaha County,KS,80.5,5.0,4.025
20133,Neosho County,KS,85,11.7,9.944999999999999
20135,Ness County,KS,59.1,9.2,5.437200000000001
20137,Norton County,KS,57.4,9.5,5.452999999999999
20139,Osage County,KS,69.7,8.3,5.785100000000001
20141,Osborne County,KS,68.2,5.4,3.6828000000000003
20143,Ottawa County,KS,75.1,6.2,4.6562
20145,Pawnee County,KS,66.7,11.1,7.4037
20147,Phillips County,KS,56,6.1,3.4159999999999995
20149,Pottawatomie County,KS,70.4,5.7,4.0128
20151,Pratt County,KS,76.6,8.6,6.587599999999998
20153,Rawlins County,KS,52.6,8.5,4.471
20155,Reno County,KS,77.2,9.1,7.0252
20157,Republic County,KS,81,6.6,5.346
20159,Rice County,KS,74.9,6.7,5.0183
20161,Riley County,KS,68.4,6.5,4.446000000000001
20163,Rooks County,KS,53.9,5.0,2.695
20165,Rush County,KS,60.4,5.9,3.5636
20167,Russell County,KS,62.1,8.9,5.5269
20169,Saline County,KS,70.7,10.0,7.07
20171,Scott County,KS,59.8,6.7,4.0066
20173,Sedgwick County,KS,74.6,10.9,8.1314
20175,Seward County,KS,69.4,13.9,9.646600000000001
20177,Shawnee County,KS,67.7,8.3,5.6191
20179,Sheridan County,KS,61.1,7.3,4.4603
20181,Sherman County,KS,58,9.9,5.742000000000001
20183,Smith County,KS,81.5,8.1,6.6015
20185,Stafford County,KS,71.5,7.6,5.434
20187,Stanton County,KS,61.2,23.6,14.443200000000001
20189,Stevens County,KS,52.3,17.7,9.2571
20191,Sumner County,KS,63.3,8.9,5.6337
20193,Thomas County,KS,63.8,12.4,7.9112
20195,Trego County,KS,51.4,5.2,2.6728000000000005
20197,Wabaunsee County,KS,71.3,10.0,7.13
20199,Wallace County,KS,41.9,5.8,2.4301999999999997
20201,Washington County,KS,71.9,5.2,3.7388000000000003
20203,Wichita County,KS,65.1,8.2,5.3382
20205,Wilson County,KS,92,6.9,6.348000000000001
20207,Woodson County,KS,79.7,5.4,4.303800000000001
20209,Wyandotte County,KS,77.8,17.8,13.8484
00020,Kansas,KS,71.6,,
21001,Adair County,KY,86.6,6.9,5.9754
21003,Allen County,KY,94.2,9.8,9.2316
21005,Anderson County,KY,79.3,3.6,2.8548
21007,Ballard County,KY,101.6,3.9,3.9623999999999997
21009,Barren County,KY,83,8.1,6.723
21011,Bath County,KY,113.1,7.7,8.7087
21013,Bell County,KY,117.9,6.7,7.8993
21015,Boone County,KY,76.7,5.3,4.0651
21017,Bourbon County,KY,95.4,2.8,2.6712000000000002
21019,Boyd County,KY,92.2,4.7,4.3334
21021,Boyle County,KY,78.5,6.1,4.7885
21023,Bracken County,KY,115.2,5.0,5.76
21025,Breathitt County,KY,92.4,2.7,2.4948
21027,Breckinridge County,KY,91.8,6.6,6.0588
21029,Bullitt County,KY,69.4,2.9,2.0126000000000004
21031,Butler County,KY,91.3,9.4,8.5822
21033,Caldwell County,KY,89.4,9.6,8.5824
21035,Calloway County,KY,83,7.1,5.893
21037,Campbell County,KY,92.6,4.6,4.259599999999999
21039,Carlisle County,KY,100.7,6.3,6.3441
21041,Carroll County,KY,80.7,9.8,7.908600000000002
21043,Carter County,KY,86.9,8.4,7.299600000000001
21045,Casey County,KY,79.8,11.5,9.177
21047,Christian County,KY,94.6,9.6,9.0816
21049,Clark County,KY,89.5,3.8,3.401
21051,Clay County,KY,111.3,4.6,5.1198
21053,Clinton County,KY,86.6,6.2,5.369199999999999
21055,Crittenden County,KY,93.3,10.3,9.6099
21057,Cumberland County,KY,90.4,10.7,9.6728
21059,Daviess County,KY,79.8,5.5,4.388999999999999
21061,Edmonson County,KY,85.8,7.1,6.091799999999999
21063,Elliott County,KY,70.1,7.6,5.327599999999999
21065,Estill County,KY,104.2,6.2,6.460400000000001
21067,Fayette County,KY,79.3,6.8,5.3924
21069,Fleming County,KY,120.3,7.7,9.2631
21071,Floyd County,KY,100,4.4,4.4
21073,Franklin County,KY,133.9,6.1,8.1679
21075,Fulton County,KY,83.3,7.6,6.330799999999999
21077,Gallatin County,KY,76.3,9.9,7.5537
21079,Garrard County,KY,81.5,7.2,5.868
21081,Grant County,KY,82.7,4.9,4.0523
21083,Graves County,KY,91.5,8.1,7.4115
21085,Grayson County,KY,95,7.9,7.505
21087,Green County,KY,92.4,8.7,8.0388
21089,Greenup County,KY,82.2,5.5,4.521
21091,Hancock County,KY,85.5,3.9,3.3345
21093,Hardin County,KY,75.8,5.5,4.169
21095,Harlan County,KY,131.6,4.7,6.1852
21097,Harrison County,KY,131,3.6,4.716
21099,Hart County,KY,85.2,10.1,8.6052
21101,Henderson County,KY,78.3,4.7,3.6801
21103,Henry County,KY,81.7,7.8,6.3726
21105,Hickman County,KY,89.7,7.9,7.086300000000001
21107,Hopkins County,KY,89.5,4.9,4.3855
21109,Jackson County,KY,78.7,5.2,4.0924000000000005
21111,Jefferson County,KY,68.2,5.6,3.8192000000000004
21113,Jessamine County,KY,77.6,6.5,5.044
21115,Johnson County,KY,88.3,6.3,5.5629
21117,Kenton County,KY,86.3,4.5,3.8834999999999997
21119,Knott County,KY,104.3,2.0,2.086
21121,Knox County,KY,106.1,6.5,6.8965
21123,Larue County,KY,86.3,4.3,3.7108999999999996
21125,Laurel County,KY,93.3,8.2,7.6506
21127,Lawrence County,KY,89.9,6.1,5.4839
21129,Lee County,KY,93.2,4.9,4.566800000000001
21131,Leslie County,KY,101.8,2.2,2.2396000000000003
21133,Letcher County,KY,115.6,3.8,4.392799999999999
21135,Lewis County,KY,84.3,5.5,4.6365
21137,Lincoln County,KY,78.2,5.6,4.3792
21139,Livingston County,KY,89.6,4.6,4.1216
21141,Logan County,KY,87.1,8.3,7.2293
21143,Lyon County,KY,78.4,4.8,3.7632
21145,McCracken County,KY,93.6,5.6,5.2416
21147,McCreary County,KY,86.1,8.3,7.1463
21149,McLean County,KY,85,4.2,3.57
21151,Madison County,KY,77.9,5.6,4.3624
21153,Magoffin County,KY,94.6,3.8,3.5947999999999998
21155,Marion County,KY,76.8,3.1,2.3808
21157,Marshall County,KY,81.8,7.1,5.807799999999999
21159,Martin County,KY,95.3,2.0,1.906
21161,Mason County,KY,114.8,6.1,7.0028
21163,Meade County,KY,70.2,3.5,2.4570000000000003
21165,Menifee County,KY,95.8,5.3,5.0774
21167,Mercer County,KY,79.8,4.9,3.9102000000000006
21169,Metcalfe County,KY,87.5,7.7,6.7375
21171,Monroe County,KY,93.9,5.5,5.1645
21173,Montgomery County,KY,85.6,8.0,6.848
21175,Morgan County,KY,85.6,8.7,7.447199999999999
21177,Muhlenberg County,KY,92.5,4.9,4.532500000000001
21179,Nelson County,KY,75.2,5.1,3.8352
21181,Nicholas County,KY,112,5.2,5.824
21183,Ohio County,KY,93,6.1,5.672999999999999
21185,Oldham County,KY,65.3,2.7,1.7631000000000001
21187,Owen County,KY,101.4,7.8,7.909200000000001
21189,Owsley County,KY,94.8,6.3,5.9724
21191,Pendleton County,KY,93.3,5.4,5.0382
21193,Perry County,KY,107.8,3.0,3.234
21195,Pike County,KY,106.8,5.0,5.34
21197,Powell County,KY,112.9,5.0,5.645
21199,Pulaski County,KY,81.9,6.7,5.4873
21201,Robertson County,KY,137.2,4.1,5.625199999999999
21203,Rockcastle County,KY,79.6,4.9,3.9004000000000003
21205,Rowan County,KY,77.6,5.7,4.4232
21207,Russell County,KY,77.3,6.5,5.0245
21209,Scott County,KY,103.3,4.9,5.0617
21211,Shelby County,KY,61.4,6.2,3.8068
21213,Simpson County,KY,97.6,8.4,8.1984
21215,Spencer County,KY,68,4.5,3.06
21217,Taylor County,KY,92.5,3.8,3.515
21219,Todd County,KY,95.4,18.2,17.3628
21221,Trigg County,KY,81.6,14.4,11.750399999999999
21223,Trimble County,KY,75.5,5.5,4.1525
21225,Union County,KY,77.4,5.4,4.179600000000001
21227,Warren County,KY,86.7,7.0,6.069
21229,Washington County,KY,78.1,9.4,7.3414
21231,Wayne County,KY,77.3,6.6,5.1018
21233,Webster County,KY,84.8,5.9,5.0032
21235,Whitley County,KY,96.8,7.7,7.4536
21237,Wolfe County,KY,105.2,2.3,2.4196
21239,Woodford County,KY,78.3,4.1,3.2102999999999997
00021,Kentucky,KY,83.6,,
22001,Acadia Parish,LA,132,5.9,7.788
22003,Allen Parish,LA,110,8.1,8.91
22005,Ascension Parish,LA,92,6.6,6.071999999999999
22007,Assumption Parish,LA,90.9,8.8,7.999200000000001
22009,Avoyelles Parish,LA,113.1,7.6,8.5956
22011,Beauregard Parish,LA,121.3,8.1,9.8253
22013,Bienville Parish,LA,107.5,8.8,9.46
22015,Bossier Parish,LA,106,9.8,10.388000000000002
22017,Caddo Parish,LA,105.6,7.7,8.1312
22019,Calcasieu Parish,LA,165.3,7.7,12.728100000000001
22021,Caldwell Parish,LA,73.9,4.9,3.6211000000000007
22023,Cameron Parish,LA,111.4,2.8,3.1192
22025,Catahoula Parish,LA,115.5,7.7,8.8935
22027,Claiborne Parish,LA,95.9,4.4,4.219600000000001
22029,Concordia Parish,LA,120.6,9.4,11.336400000000001
22031,De Soto Parish,LA,110.9,6.0,6.654000000000001
22033,East Baton Rouge Parish,LA,105,8.7,9.134999999999998
22035,East Carroll Parish,LA,110.4,6.2,6.8448
22037,East Feliciana Parish,LA,96.7,6.1,5.8987
22039,Evangeline Parish,LA,105.1,8.5,8.933499999999999
22041,Franklin Parish,LA,78.5,6.4,5.024
22043,Grant Parish,LA,93.4,9.5,8.873000000000001
22045,Iberia Parish,LA,107.7,7.4,7.9698
22047,Iberville Parish,LA,100.4,7.9,7.9316
22049,Jackson Parish,LA,82.6,8.2,6.773199999999999
22051,Jefferson Parish,LA,74.1,10.9,8.0769
22053,Jefferson Davis Parish,LA,152.5,6.1,9.3025
22055,Lafayette Parish,LA,87.4,8.4,7.341600000000001
22057,Lafourche Parish,LA,82.4,6.6,5.438400000000001
22059,La Salle Parish,LA,125.7,5.1,6.410699999999999
22061,Lincoln Parish,LA,82.3,5.7,4.6911000000000005
22063,Livingston Parish,LA,85.1,8.9,7.5739
22065,Madison Parish,LA,117.8,9.5,11.190999999999999
22067,Morehouse Parish,LA,108,6.2,6.696000000000001
22069,Natchitoches Parish,LA,136.6,7.3,9.9718
22071,Orleans Parish,LA,73.3,8.4,6.1572000000000005
22073,Ouachita Parish,LA,81.2,8.1,6.5772
22075,Plaquemines Parish,LA,73.3,5.7,4.1781
22077,Pointe Coupee Parish,LA,117.1,7.1,8.3141
22079,Rapides Parish,LA,123.5,8.9,10.9915
22081,Red River Parish,LA,109.8,8.4,9.2232
22083,Richland Parish,LA,96.3,8.1,7.8003
22085,Sabine Parish,LA,110.5,8.2,9.061
22087,St. Bernard Parish,LA,73.4,8.1,5.945399999999999
22089,St. Charles Parish,LA,86.1,6.6,5.682599999999999
22091,St. Helena Parish,LA,91.1,9.0,8.199
22093,St. James Parish,LA,88.5,6.7,5.929500000000001
22095,St. John the Baptist Parish,LA,87.7,7.0,6.138999999999999
22097,St. Landry Parish,LA,116.4,7.2,8.3808
22099,St. Martin Parish,LA,101.6,6.7,6.8072
22101,St. Mary Parish,LA,96.9,6.8,6.589200000000001
22103,St. Tammany Parish,LA,82.6,7.3,6.029799999999999
22105,Tangipahoa Parish,LA,86.8,7.2,6.2496
22107,Tensas Parish,LA,107.1,6.8,7.2828
22109,Terrebonne Parish,LA,87,7.7,6.699
22111,Union Parish,LA,83.7,8.1,6.7797
22113,Vermilion Parish,LA,80.2,7.4,5.9348
22115,Vernon Parish,LA,115,7.8,8.97
22117,Washington Parish,LA,104.7,7.8,8.166599999999999
22119,Webster Parish,LA,109.2,7.1,7.7532
22121,West Baton Rouge Parish,LA,95.8,5.8,5.5564
22123,West Carroll Parish,LA,99.9,6.6,6.5934
22125,West Feliciana Parish,LA,84.8,5.2,4.4096
22127,Winn Parish,LA,99.7,8.2,8.1754
00022,Louisiana,LA,96.4,,
25001,Barnstable County,MA,52.3,2.8,1.4643999999999997
25003,Berkshire County,MA,59.1,2.1,1.2411
25005,Bristol County,MA,53.7,3.0,1.6110000000000002
25007,Dukes County,MA,51,5.0,2.55
25009,Essex County,MA,51.5,2.8,1.442
25011,Franklin County,MA,49.9,2.3,1.1476999999999997
25013,Hampden County,MA,61.7,3.1,1.9127
25015,Hampshire County,MA,49.9,2.0,0.998
25017,Middlesex County,MA,42,2.4,1.008
25019,Nantucket County,MA,51,6.5,3.315
25021,Norfolk County,MA,51,1.9,0.9689999999999999
25023,Plymouth County,MA,52.7,2.5,1.3175
25025,Suffolk County,MA,50.1,3.3,1.6532999999999998
25027,Worcester County,MA,44.9,2.6,1.1674
00025,Massachusetts,MA,49.8,,
24001,Allegany County,MD,78.7,4.1,3.2266999999999997
24003,Anne Arundel County,MD,112,4.6,5.151999999999999
24005,Baltimore County County,MD,87.6,5.5,4.818
24009,Calvert County,MD,83.7,3.3,2.7620999999999998
24011,Caroline County,MD,95.9,7.1,6.8088999999999995
24013,Carroll County,MD,65.1,2.8,1.8227999999999998
24015,Cecil County,MD,120.3,3.8,4.5714
24017,Charles County,MD,95.7,4.4,4.210800000000001
24019,Dorchester County,MD,123.5,5.4,6.6690000000000005
24021,Frederick County,MD,76,4.6,3.4959999999999996
24023,Garrett County,MD,66.7,6.0,4.002000000000001
24025,Harford County,MD,82.8,3.7,3.0636
24027,Howard County,MD,76,4.0,3.04
24029,Kent County,MD,99.3,5.3,5.262899999999999
24031,Montgomery County,MD,59.7,6.8,4.0596000000000005
24033,Prince George's County,MD,95.3,11.2,10.673599999999999
24035,Queen Anne's County,MD,60.5,5.7,3.4485
24037,St. Mary's County,MD,77.6,3.7,2.8712
24039,Somerset County,MD,134.8,3.4,4.583200000000001
24041,Talbot County,MD,52.7,4.5,2.3715
24043,Washington County,MD,69.6,6.1,4.2456
24045,Wicomico County,MD,145.8,6.5,9.477
24047,Worcester County,MD,106.1,5.5,5.8355
24510,Baltimore City,MD,117.4,5.8,6.8092
00024,Maryland,MD,87,,
23001,Androscoggin County,ME,60.1,6.8,4.0868
23003,Aroostook County,ME,69,8.0,5.52
23005,Cumberland County,ME,56.3,4.7,2.6461
23007,Franklin County,ME,64.4,9.5,6.118
23009,Hancock County,ME,55.9,10.2,5.7017999999999995
23011,Kennebec County,ME,66,6.7,4.422
23013,Knox County,ME,54,6.3,3.4019999999999997
23015,Lincoln County,ME,55.8,7.5,4.185
23017,Oxford County,ME,57.5,8.5,4.8875
23019,Penobscot County,ME,61.2,7.2,4.4064000000000005
23021,Piscataquis County,ME,65.6,10.0,6.56
23023,Sagadahoc County,ME,55.9,5.4,3.0186
23025,Somerset County,ME,67,7.8,5.226
23027,Waldo County,ME,64,9.4,6.016
23029,Washington County,ME,69.7,9.8,6.8306000000000004
23031,York County,ME,56.7,5.3,3.0051
00023,Maine,ME,59.9,,
26001,Alcona County,MI,81,3.9,3.159
26003,Alger County,MI,58,5.1,2.9579999999999997
26005,Allegan County,MI,80.1,5.1,4.0851
26007,Alpena County,MI,77.9,5.1,3.9729
26009,Antrim County,MI,107.3,5.3,5.6869
26011,Arenac County,MI,75.5,6.3,4.7565
26013,Baraga County,MI,65.8,4.5,2.961
26015,Barry County,MI,86.8,5.3,4.6004
26017,Bay County,MI,72.8,4.7,3.4216
26019,Benzie County,MI,85.3,6.8,5.8004
26021,Berrien County,MI,119.3,6.2,7.396599999999999
26023,Branch County,MI,87.6,10.1,8.847599999999998
26025,Calhoun County,MI,95.2,5.9,5.6168000000000005
26027,Cass County,MI,92.8,6.3,5.8464
26029,Charlevoix County,MI,96,6.2,5.952000000000001
26031,Cheboygan County,MI,89.4,6.2,5.542800000000001
26033,Chippewa County,MI,66.5,6.6,4.388999999999999
26035,Clare County,MI,114.4,11.7,13.3848
26037,Clinton County,MI,87,3.4,2.958
26039,Crawford County,MI,90.5,5.6,5.068
26041,Delta County,MI,56.4,5.7,3.2148000000000003
26043,Dickinson County,MI,73.3,4.5,3.2984999999999998
26045,Eaton County,MI,92.6,4.2,3.8892
26047,Emmet County,MI,90.2,5.5,4.961
26049,Genesee County,MI,94.6,4.8,4.5408
26051,Gladwin County,MI,87,8.3,7.221
26053,Gogebic County,MI,69,6.1,4.209
26055,Grand Traverse County,MI,126.6,4.3,5.4437999999999995
26057,Gratiot County,MI,83.5,4.9,4.0915
26059,Hillsdale County,MI,83.6,7.0,5.851999999999999
26061,Houghton County,MI,80.5,6.0,4.83
26063,Huron County,MI,64.2,5.6,3.5951999999999997
26065,Ingham County,MI,95.6,4.9,4.6844
26067,Ionia County,MI,85.4,6.0,5.1240000000000006
26069,Iosco County,MI,81.8,5.6,4.580799999999999
26071,Iron County,MI,72.1,4.7,3.3887
26073,Isabella County,MI,103.1,7.6,7.8355999999999995
26075,Jackson County,MI,85.3,4.9,4.1797
26077,Kalamazoo County,MI,75.6,5.0,3.78
26079,Kalkaska County,MI,109.8,6.9,7.5762
26081,Kent County,MI,83.6,4.9,4.0964
26083,Keweenaw County,MI,80.3,7.6,6.102799999999999
26085,Lake County,MI,82.7,8.0,6.6160000000000005
26087,Lapeer County,MI,96.6,5.4,5.2164
26089,Leelanau County,MI,95.1,4.1,3.8991
26091,Lenawee County,MI,81.1,5.6,4.541599999999999
26093,Livingston County,MI,85.9,3.0,2.5770000000000004
26095,Luce County,MI,62.7,4.7,2.9469
26097,Mackinac County,MI,65.9,10.3,6.787700000000001
26099,Macomb County,MI,85.5,5.0,4.275
26101,Manistee County,MI,97.1,4.2,4.0782
26103,Marquette County,MI,60.3,3.7,2.2311
26105,Mason County,MI,79.9,6.1,4.8739
26107,Mecosta County,MI,102.6,7.8,8.0028
26109,Menominee County,MI,63.2,5.0,3.16
26111,Midland County,MI,74.1,3.8,2.8158
26113,Missaukee County,MI,120.4,9.2,11.0768
26115,Monroe County,MI,84.2,3.6,3.0312
26117,Montcalm County,MI,86.5,8.6,7.439
26119,Montmorency County,MI,86.6,5.5,4.763
26121,Muskegon County,MI,88.8,4.8,4.2623999999999995
26123,Newaygo County,MI,85.9,6.9,5.9271
26125,Oakland County,MI,86.6,3.9,3.3773999999999997
26127,Oceana County,MI,85.8,8.1,6.949799999999999
26129,Ogemaw County,MI,82.4,5.2,4.284800000000001
26131,Ontonagon County,MI,78.5,4.1,3.2184999999999997
26133,Osceola County,MI,105.2,9.0,9.468
26135,Oscoda County,MI,85.8,13.2,11.3256
26137,Otsego County,MI,94.3,6.2,5.8466
26139,Ottawa County,MI,68.9,3.2,2.2048
26141,Presque Isle County,MI,78,5.6,4.367999999999999
26143,Roscommon County,MI,85.7,4.6,3.9421999999999997
26145,Saginaw County,MI,88,4.1,3.6079999999999997
26147,St. Clair County,MI,81.4,4.8,3.9072000000000005
26149,St. Joseph County,MI,116.7,9.6,11.203199999999999
26151,Sanilac County,MI,78.3,8.1,6.342299999999999
26153,Schoolcraft County,MI,61.4,7.2,4.4208
26155,Shiawassee County,MI,92.4,4.5,4.158
26157,Tuscola County,MI,71.1,4.8,3.4128
26159,Van Buren County,MI,97.5,7.4,7.215
26161,Washtenaw County,MI,78.7,3.3,2.5970999999999997
26163,Wayne County,MI,94.7,5.7,5.397900000000001
26165,Wexford County,MI,132.3,6.5,8.5995
00026,Michigan,MI,87.5,,
27001,Aitkin County,MN,68.6,5.5,3.7729999999999997
27003,Anoka County,MN,61.5,4.4,2.7060000000000004
27005,Becker County,MN,58.2,6.5,3.783
27007,Beltrami County,MN,57.5,7.8,4.485
27009,Benton County,MN,71.3,3.9,2.7807
27011,Big Stone County,MN,63,3.4,2.142
27013,Blue Earth County,MN,83.3,4.6,3.8317999999999994
27015,Brown County,MN,69.2,3.9,2.6988
27017,Carlton County,MN,74.4,4.8,3.5712
27019,Carver County,MN,62.3,2.2,1.3706
27021,Cass County,MN,56.9,7.1,4.039899999999999
27023,Chippewa County,MN,68.7,7.3,5.0151
27025,Chisago County,MN,63.2,4.0,2.528
27027,Clay County,MN,57.6,3.6,2.0736000000000003
27029,Clearwater County,MN,56.4,12.4,6.9936
27031,Cook County,MN,65.5,5.8,3.799
27033,Cottonwood County,MN,51.8,5.4,2.7972
27035,Crow Wing County,MN,60,5.7,3.42
27037,Dakota County,MN,62.6,3.8,2.3788
27039,Dodge County,MN,51.9,5.4,2.8026
27041,Douglas County,MN,55.5,4.0,2.22
27043,Faribault County,MN,47.4,5.3,2.5121999999999995
27045,Fillmore County,MN,48.9,7.8,3.8141999999999996
27047,Freeborn County,MN,60.9,5.7,3.4713
27049,Goodhue County,MN,56.5,5.2,2.938
27051,Grant County,MN,57.9,4.3,2.4896999999999996
27053,Hennepin County,MN,62,4.5,2.79
27055,Houston County,MN,63.1,3.7,2.3347
27057,Hubbard County,MN,45.7,5.2,2.3764000000000003
27059,Isanti County,MN,63.4,5.4,3.4236
27061,Itasca County,MN,75.1,5.0,3.755
27063,Jackson County,MN,55.7,3.6,2.0052000000000003
27065,Kanabec County,MN,65.5,5.0,3.275
27067,Kandiyohi County,MN,50.7,6.9,3.4983000000000004
27069,Kittson County,MN,56.3,3.8,2.1393999999999997
27071,Koochiching County,MN,75.9,5.0,3.795
27073,Lac qui Parle County,MN,65.5,3.8,2.489
27075,Lake County,MN,77.6,4.9,3.8024
27077,Lake of the Woods County,MN,65.3,4.4,2.8731999999999998
27079,Le Sueur County,MN,58,5.7,3.306
27081,Lincoln County,MN,67.6,5.3,3.5827999999999998
27083,Lyon County,MN,57.8,6.4,3.6992000000000003
27085,McLeod County,MN,64.1,5.2,3.3331999999999997
27087,Mahnomen County,MN,59.3,12.3,7.2939
27089,Marshall County,MN,59.1,3.9,2.3049
27091,Martin County,MN,68.7,4.5,3.0915000000000004
27093,Meeker County,MN,60.9,5.7,3.4713
27095,Mille Lacs County,MN,68.6,5.1,3.4985999999999997
27097,Morrison County,MN,60.8,4.0,2.432
27099,Mower County,MN,51.9,6.1,3.1658999999999997
27101,Murray County,MN,53.2,4.5,2.394
27103,Nicollet County,MN,81.7,3.7,3.0229000000000004
27105,Nobles County,MN,47.3,13.6,6.432799999999999
27107,Norman County,MN,59,5.9,3.4810000000000003
27109,Olmsted County,MN,47.4,3.9,1.8485999999999998
27111,Otter Tail County,MN,59.6,5.6,3.3376
27113,Pennington County,MN,58.1,4.0,2.324
27115,Pine County,MN,63.6,5.6,3.5616
27117,Pipestone County,MN,76.9,6.4,4.921600000000001
27119,Polk County,MN,61.1,4.9,2.9939000000000004
27121,Pope County,MN,52.8,3.4,1.7952
27123,Ramsey County,MN,78.5,5.2,4.082
27125,Red Lake County,MN,66.2,2.5,1.655
27127,Redwood County,MN,52.6,6.9,3.6294000000000004
27129,Renville County,MN,69.1,4.2,2.9021999999999997
27131,Rice County,MN,60.9,6.4,3.8975999999999997
27133,Rock County,MN,68,4.9,3.3320000000000003
27135,Roseau County,MN,59.9,4.3,2.5757
27137,St. Louis County,MN,77.7,3.6,2.7972
27139,Scott County,MN,62,3.4,2.1079999999999997
27141,Sherburne County,MN,63.9,3.7,2.3643
27143,Sibley County,MN,63,4.2,2.6460000000000004
27145,Stearns County,MN,56.2,4.6,2.5852
27147,Steele County,MN,56.2,3.6,2.0232
27149,Stevens County,MN,57.7,4.9,2.8273
27151,Swift County,MN,54.2,6.4,3.4688000000000003
27153,Todd County,MN,57.3,9.4,5.3862
27155,Traverse County,MN,47.8,3.2,1.5296
27157,Wabasha County,MN,53.5,3.9,2.0865
27159,Wadena County,MN,68.9,5.7,3.9273000000000002
27161,Waseca County,MN,54.4,3.8,2.0672
27163,Washington County,MN,67.2,3.4,2.2847999999999997
27165,Watonwan County,MN,74.3,12.0,8.915999999999999
27167,Wilkin County,MN,54.3,3.7,2.0091
27169,Winona County,MN,70.4,5.1,3.5904000000000003
27171,Wright County,MN,61.7,4.5,2.7765000000000004
27173,Yellow Medicine County,MN,61.5,4.1,2.5214999999999996
00027,Minnesota,MN,63.5,,
29001,Adair County,MO,72.4,8.2,5.9368
29003,Andrew County,MO,57.8,6.0,3.4679999999999995
29005,Atchison County,MO,89.7,12.0,10.764000000000001
29007,Audrain County,MO,69,14.5,10.005
29009,Barry County,MO,69.4,12.9,8.9526
29011,Barton County,MO,83.4,10.9,9.0906
29013,Bates County,MO,77.2,10.8,8.337600000000002
29015,Benton County,MO,73.5,9.6,7.056
29017,Bollinger County,MO,73.2,8.8,6.441600000000001
29019,Boone County,MO,65.3,6.3,4.1139
29021,Buchanan County,MO,85.4,12.1,10.333400000000001
29023,Butler County,MO,91,13.3,12.103
29025,Caldwell County,MO,81.9,10.7,8.763300000000001
29027,Callaway County,MO,69.5,8.5,5.9075
29029,Camden County,MO,73.2,11.6,8.4912
29031,Cape Girardeau County,MO,69.2,7.1,4.9132
29033,Carroll County,MO,76.4,7.5,5.73
29035,Carter County,MO,96.8,14.2,13.7456
29037,Cass County,MO,71.4,7.8,5.5692
29039,Cedar County,MO,90.1,14.9,13.424900000000001
29041,Chariton County,MO,71.2,7.4,5.2688
29043,Christian County,MO,69.9,8.1,5.6619
29045,Clark County,MO,81.7,11.0,8.987
29047,Clay County,MO,72.5,7.3,5.2925
29049,Clinton County,MO,76.8,9.3,7.1424
29051,Cole County,MO,62.5,6.7,4.1875
29053,Cooper County,MO,67.7,8.7,5.8899
29055,Crawford County,MO,76.8,13.3,10.214400000000001
29057,Dade County,MO,73.3,10.7,7.8431
29059,Dallas County,MO,75.7,16.2,12.263399999999999
29061,Daviess County,MO,74.1,15.3,11.3373
29063,DeKalb County,MO,72.8,8.6,6.2608
29065,Dent County,MO,86.6,12.2,10.565199999999999
29067,Douglas County,MO,89.6,11.3,10.1248
29069,Dunklin County,MO,120.9,16.1,19.464900000000004
29071,Franklin County,MO,72.9,7.7,5.613300000000001
29073,Gasconade County,MO,74.9,7.2,5.392800000000001
29075,Gentry County,MO,56.6,13.2,7.4712
29077,Greene County,MO,68.6,11.5,7.888999999999999
29079,Grundy County,MO,72,17.0,12.24
29081,Harrison County,MO,78,7.7,6.006
29083,Henry County,MO,74.5,10.9,8.1205
29085,Hickory County,MO,79.6,10.3,8.1988
29087,Holt County,MO,87,9.5,8.265
29089,Howard County,MO,64.9,8.2,5.3218
29091,Howell County,MO,102.1,14.2,14.498199999999999
29093,Iron County,MO,83.9,11.0,9.229000000000001
29095,Jackson County,MO,74.3,11.3,8.395900000000001
29097,Jasper County,MO,83.5,12.8,10.687999999999999
29099,Jefferson County,MO,77.2,7.3,5.6356
29101,Johnson County,MO,74.2,9.5,7.0489999999999995
29103,Knox County,MO,81.2,24.4,19.8128
29105,Laclede County,MO,121,11.2,13.551999999999998
29107,Lafayette County,MO,74.9,9.0,6.7410000000000005
29109,Lawrence County,MO,70.9,15.3,10.847700000000001
29111,Lewis County,MO,81.6,10.6,8.6496
29113,Lincoln County,MO,80.6,9.0,7.254
29115,Linn County,MO,69.8,9.8,6.840400000000001
29117,Livingston County,MO,76.3,10.7,8.1641
29119,McDonald County,MO,87.5,20.4,17.849999999999998
29121,Macon County,MO,69.4,12.6,8.7444
29123,Madison County,MO,77.9,13.6,10.5944
29125,Maries County,MO,78.1,8.5,6.638499999999999
29127,Marion County,MO,86.6,7.9,6.8414
29129,Mercer County,MO,73.8,10.1,7.4538
29131,Miller County,MO,70.2,10.9,7.651800000000001
29133,Mississippi County,MO,108.8,11.1,12.076799999999999
29135,Moniteau County,MO,68.2,16.1,10.980200000000002
29137,Monroe County,MO,77.1,11.5,8.8665
29139,Montgomery County,MO,84.8,10.0,8.48
29141,Morgan County,MO,74,24.6,18.204
29143,New Madrid County,MO,122.4,12.7,15.5448
29145,Newton County,MO,86.9,13.2,11.470799999999999
29147,Nodaway County,MO,55.6,8.2,4.5592
29149,Oregon County,MO,96,18.2,17.471999999999998
29151,Osage County,MO,67.5,4.9,3.3075
29153,Ozark County,MO,75.6,16.3,12.322799999999999
29155,Pemiscot County,MO,89.1,13.0,11.583
29157,Perry County,MO,75.9,6.4,4.857600000000001
29159,Pettis County,MO,71.5,11.9,8.5085
29161,Phelps County,MO,83.1,8.8,7.312799999999999
29163,Pike County,MO,86.5,9.0,7.785
29165,Platte County,MO,65,5.9,3.835
29167,Polk County,MO,77,14.5,11.165
29169,Pulaski County,MO,87.6,10.4,9.1104
29171,Putnam County,MO,69.9,10.9,7.6191
29173,Ralls County,MO,82.5,5.7,4.7025
29175,Randolph County,MO,66.2,10.6,7.0172
29177,Ray County,MO,74.6,9.7,7.236199999999999
29179,Reynolds County,MO,96.6,13.4,12.9444
29181,Ripley County,MO,84.2,16.5,13.892999999999999
29183,St. Charles County,MO,67.6,4.3,2.9067999999999996
29185,St. Clair County,MO,87.3,12.7,11.087099999999998
29186,Ste. Genevieve County,MO,71,4.7,3.3369999999999997
29187,St. Francois County,MO,74.6,11.8,8.8028
29189,St. Louis County County,MO,81,5.8,4.698
29195,Saline County,MO,69.4,7.8,5.413200000000001
29197,Schuyler County,MO,71.3,14.7,10.4811
29199,Scotland County,MO,71,33.9,24.069000000000003
29201,Scott County,MO,98.2,11.8,11.5876
29203,Shannon County,MO,106.2,11.3,12.000600000000002
29205,Shelby County,MO,84.6,10.0,8.46
29207,Stoddard County,MO,109.4,11.8,12.9092
29209,Stone County,MO,64.6,9.4,6.0724
29211,Sullivan County,MO,69.8,8.6,6.0028
29213,Taney County,MO,63,14.8,9.324000000000002
29215,Texas County,MO,108.9,15.7,17.0973
29217,Vernon County,MO,85.2,15.6,13.291200000000002
29219,Warren County,MO,64.5,8.2,5.289
29221,Washington County,MO,74.9,11.4,8.5386
29223,Wayne County,MO,95.2,13.9,13.2328
29225,Webster County,MO,83.4,13.4,11.175600000000001
29227,Worth County,MO,65.5,10.6,6.943
29229,Wright County,MO,99.1,15.7,15.558699999999998
29510,St. Louis City,MO,87.2,9.3,8.1096
00029,Missouri,MO,77.1,,
69000,Mariana Islands County,MP,121.2,,
00069,Northern Mariana Islands,MP,121.2,,
28001,Adams County,MS,115.4,11.6,13.386400000000002
28003,Alcorn County,MS,101.5,11.2,11.368
28005,Amite County,MS,89.6,11.7,10.4832
28007,Attala County,MS,120.6,9.1,10.974599999999999
28009,Benton County,MS,84.9,13.3,11.2917
28011,Bolivar County,MS,149.5,13.6,20.332
28013,Calhoun County,MS,110.2,10.7,11.7914
28015,Carroll County,MS,116.9,8.5,9.9365
28017,Chickasaw County,MS,120.6,11.0,13.265999999999998
28019,Choctaw County,MS,108.8,11.0,11.968
28021,Claiborne County,MS,125.2,18.1,22.661200000000004
28023,Clarke County,MS,115.3,12.7,14.643099999999999
28025,Clay County,MS,112.5,10.5,11.8125
28027,Coahoma County,MS,155,13.2,20.46
28029,Copiah County,MS,97,14.0,13.58
28031,Covington County,MS,118.6,11.2,13.283199999999999
28033,DeSoto County,MS,93.3,8.3,7.7439
28035,Forrest County,MS,96.5,11.0,10.615
28037,Franklin County,MS,95.8,10.6,10.1548
28039,George County,MS,119,13.1,15.588999999999999
28041,Greene County,MS,104.4,15.6,16.2864
28043,Grenada County,MS,125.4,11.8,14.797200000000002
28045,Hancock County,MS,85.6,9.2,7.875199999999999
28047,Harrison County,MS,93.6,13.7,12.8232
28049,Hinds County,MS,130.2,12.8,16.665599999999998
28051,Holmes County,MS,139,10.6,14.733999999999998
28053,Humphreys County,MS,148,14.4,21.312
28055,Issaquena County,MS,123,12.2,15.005999999999998
28057,Itawamba County,MS,112.9,9.9,11.177100000000001
28059,Jackson County,MS,103.8,12.6,13.0788
28061,Jasper County,MS,121.5,9.9,12.028500000000001
28063,Jefferson County,MS,99.4,8.7,8.6478
28065,Jefferson Davis County,MS,116.9,11.1,12.9759
28067,Jones County,MS,134.9,12.6,16.9974
28069,Kemper County,MS,106.1,14.6,15.490599999999999
28071,Lafayette County,MS,96.5,10.3,9.9395
28073,Lamar County,MS,59.5,12.8,7.6160000000000005
28075,Lauderdale County,MS,115.4,10.2,11.7708
28077,Lawrence County,MS,100.4,12.9,12.951600000000001
28079,Leake County,MS,109.7,16.1,17.661700000000003
28081,Lee County,MS,113.5,11.0,12.485
28083,Leflore County,MS,157.2,14.1,22.1652
28085,Lincoln County,MS,103.3,13.7,14.152099999999997
28087,Lowndes County,MS,110.6,10.8,11.9448
28089,Madison County,MS,107.6,8.4,9.038400000000001
28091,Marion County,MS,93.8,14.1,13.2258
28093,Marshall County,MS,92.6,11.7,10.8342
28095,Monroe County,MS,116.2,9.0,10.458
28097,Montgomery County,MS,125,10.8,13.5
28099,Neshoba County,MS,124.4,13.0,16.172
28101,Newton County,MS,107,13.3,14.231000000000002
28103,Noxubee County,MS,104.1,20.0,20.82
28105,Oktibbeha County,MS,107.5,8.1,8.7075
28107,Panola County,MS,93.3,13.7,12.782099999999998
28109,Pearl River County,MS,89.3,13.1,11.6983
28111,Perry County,MS,83.5,14.8,12.357999999999999
28113,Pike County,MS,108.3,13.7,14.837099999999998
28115,Pontotoc County,MS,114.4,12.0,13.728000000000002
28117,Prentiss County,MS,110.8,8.5,9.418
28119,Quitman County,MS,108.1,12.8,13.8368
28121,Rankin County,MS,79.6,9.2,7.323199999999999
28123,Scott County,MS,81.5,11.9,9.698500000000001
28125,Sharkey County,MS,133.8,14.2,18.9996
28127,Simpson County,MS,85.1,11.7,9.956699999999998
28129,Smith County,MS,101.1,14.3,14.4573
28131,Stone County,MS,91.9,12.3,11.303700000000001
28133,Sunflower County,MS,149.7,11.4,17.0658
28135,Tallahatchie County,MS,121.4,16.4,19.909599999999998
28137,Tate County,MS,90.3,12.5,11.2875
28139,Tippah County,MS,102.2,12.4,12.6728
28141,Tishomingo County,MS,93.8,11.2,10.5056
28143,Tunica County,MS,92,13.1,12.052
28145,Union County,MS,104.6,11.4,11.9244
28147,Walthall County,MS,112.1,8.1,9.080099999999998
28149,Warren County,MS,129.6,10.6,13.7376
28151,Washington County,MS,134.8,12.2,16.4456
28153,Wayne County,MS,117.9,16.4,19.3356
28155,Webster County,MS,118.9,12.3,14.624700000000002
28157,Wilkinson County,MS,93.5,14.6,13.651
28159,Winston County,MS,103.8,11.7,12.144599999999999
28161,Yalobusha County,MS,103.3,12.5,12.9125
28163,Yazoo County,MS,126.2,13.4,16.910800000000002
00028,Mississippi,MS,105.3,,
30001,Beaverhead County,MT,64.5,5.6,3.612
30003,Big Horn County,MT,58.5,18.5,10.8225
30005,Blaine County,MT,64.6,17.2,11.111199999999998
30007,Broadwater County,MT,55.8,6.6,3.6828
30009,Carbon County,MT,54.3,7.5,4.0725
30011,Carter County,MT,45.9,8.9,4.0851
30013,Cascade County,MT,44,6.7,2.948
30015,Chouteau County,MT,47.9,5.9,2.8261000000000003
30017,Custer County,MT,52.8,7.6,4.0127999999999995
30019,Daniels County,MT,71.6,2.3,1.6467999999999998
30021,Dawson County,MT,82,5.4,4.428
30023,Deer Lodge County,MT,56.1,6.8,3.8148
30025,Fallon County,MT,39,8.4,3.2760000000000002
30027,Fergus County,MT,73.6,15.1,11.113599999999998
30029,Flathead County,MT,56.6,9.1,5.1506
30031,Gallatin County,MT,53.6,7.3,3.9128
30033,Garfield County,MT,53.6,10.9,5.8424000000000005
30035,Glacier County,MT,52.6,29.3,15.411800000000001
30037,Golden Valley County,MT,58.4,15.2,8.8768
30039,Granite County,MT,58.7,7.9,4.6373
30041,Hill County,MT,74.1,8.7,6.446699999999998
30043,Jefferson County,MT,57,5.1,2.907
30045,Judith Basin County,MT,44.4,6.4,2.8416
30047,Lake County,MT,54,14.1,7.614
30049,Lewis and Clark County,MT,59.5,6.2,3.6890000000000005
30051,Liberty County,MT,60.2,4.4,2.6488000000000005
30053,Lincoln County,MT,57.7,14.2,8.1934
30055,McCone County,MT,78.4,5.8,4.5472
30057,Madison County,MT,53.7,7.4,3.9738000000000007
30059,Meagher County,MT,49,3.3,1.617
30061,Mineral County,MT,57.5,8.3,4.772500000000001
30063,Missoula County,MT,55.4,6.4,3.5456
30065,Musselshell County,MT,54.5,9.0,4.905
30067,Park County,MT,52.3,8.5,4.445499999999999
30069,Petroleum County,MT,66.3,6.2,4.1106
30071,Phillips County,MT,62.2,7.5,4.665
30073,Pondera County,MT,51.7,7.6,3.9292000000000002
30075,Powder River County,MT,63.6,5.6,3.5616
30077,Powell County,MT,57.2,7.6,4.3472
30079,Prairie County,MT,58,5.7,3.306
30081,Ravalli County,MT,58.8,8.8,5.1744
30083,Richland County,MT,70,6.1,4.27
30085,Roosevelt County,MT,63.2,29.6,18.707200000000004
30087,Rosebud County,MT,55.2,15.0,8.28
30089,Sanders County,MT,56.4,13.4,7.5576
30091,Sheridan County,MT,63.2,9.6,6.067200000000001
30093,Silver Bow County,MT,54.7,6.6,3.6102
30095,Stillwater County,MT,54.2,4.6,2.4932
30097,Sweet Grass County,MT,51.5,9.2,4.7379999999999995
30099,Teton County,MT,51.9,5.5,2.8545
30101,Toole County,MT,47.4,7.6,3.6023999999999994
30103,Treasure County,MT,57.3,5.4,3.0942000000000003
30105,Valley County,MT,60.7,6.4,3.8848000000000003
30107,Wheatland County,MT,74.7,17.7,13.2219
30109,Wibaux County,MT,70.3,6.3,4.4289
30111,Yellowstone County,MT,56.4,6.9,3.8916000000000004
00030,Montana,MT,55,,
37001,Alamance County,NC,84.3,9.9,8.3457
37003,Alexander County,NC,96.9,8.8,8.5272
37005,Alleghany County,NC,89.7,14.7,13.185899999999998
37007,Anson County,NC,156.8,13.3,20.854400000000002
37009,Ashe County,NC,74.5,12.1,9.0145
37011,Avery County,NC,72.9,14.1,10.2789
37013,Beaufort County,NC,92.9,10.5,9.7545
37015,Bertie County,NC,89.3,11.2,10.001599999999998
37017,Bladen County,NC,97.1,8.9,8.6419
37019,Brunswick County,NC,79.4,8.0,6.352
37021,Buncombe County,NC,73.4,11.9,8.734600000000002
37023,Burke County,NC,103.2,11.5,11.868
37025,Cabarrus County,NC,87,7.8,6.7860000000000005
37027,Caldwell County,NC,96.2,11.3,10.870600000000001
37029,Camden County,NC,84.5,3.0,2.535
37031,Carteret County,NC,88.7,9.3,8.2491
37033,Caswell County,NC,78.3,9.1,7.125299999999999
37035,Catawba County,NC,98.9,11.8,11.670200000000001
37037,Chatham County,NC,71,8.6,6.106
37039,Cherokee County,NC,88.4,14.8,13.083200000000001
37041,Chowan County,NC,73.2,8.9,6.5148
37043,Clay County,NC,83.5,15.3,12.7755
37045,Cleveland County,NC,97.4,10.4,10.129600000000002
37047,Columbus County,NC,116,13.6,15.776
37049,Craven County,NC,88.3,8.8,7.7704
37051,Cumberland County,NC,85.9,10.4,8.933600000000002
37053,Currituck County,NC,95.9,9.5,9.1105
37055,Dare County,NC,82.8,8.9,7.369199999999999
37057,Davidson County,NC,91,10.4,9.464
37059,Davie County,NC,94.4,10.0,9.44
37061,Duplin County,NC,102.9,15.2,15.640799999999999
37063,Durham County,NC,71.5,11.6,8.294
37065,Edgecombe County,NC,138.1,10.8,14.9148
37067,Forsyth County,NC,91.7,10.5,9.6285
37069,Franklin County,NC,105,9.8,10.29
37071,Gaston County,NC,102.2,10.9,11.139800000000001
37073,Gates County,NC,82.8,6.6,5.464799999999999
37075,Graham County,NC,89.8,13.7,12.3026
37077,Granville County,NC,88.5,10.1,8.9385
37079,Greene County,NC,112.1,15.8,17.7118
37081,Guilford County,NC,89.2,9.0,8.028
37083,Halifax County,NC,117,10.0,11.7
37085,Harnett County,NC,93.3,10.7,9.9831
37087,Haywood County,NC,75,11.3,8.475
37089,Henderson County,NC,80,12.2,9.76
37091,Hertford County,NC,83.1,9.7,8.060699999999999
37093,Hoke County,NC,86.7,11.4,9.8838
37095,Hyde County,NC,87.7,11.5,10.085500000000001
37097,Iredell County,NC,91.1,9.5,8.654499999999999
37099,Jackson County,NC,61.1,15.2,9.2872
37101,Johnston County,NC,106.9,11.1,11.8659
37103,Jones County,NC,101.1,10.6,10.716599999999998
37105,Lee County,NC,87.2,12.4,10.8128
37107,Lenoir County,NC,113.1,10.2,11.5362
37109,Lincoln County,NC,95.4,9.2,8.7768
37111,McDowell County,NC,98.8,11.7,11.559599999999998
37113,Macon County,NC,83.5,14.4,12.024000000000001
37115,Madison County,NC,85,8.7,7.394999999999999
37117,Martin County,NC,103.4,7.7,7.9618
37119,Mecklenburg County,NC,80.4,11.6,9.3264
37121,Mitchell County,NC,76.4,10.0,7.64
37123,Montgomery County,NC,100.6,13.1,13.1786
37125,Moore County,NC,97.1,7.8,7.5737999999999985
37127,Nash County,NC,115.4,11.8,13.617200000000002
37129,New Hanover County,NC,88.2,10.6,9.3492
37131,Northampton County,NC,75.4,9.9,7.464600000000001
37133,Onslow County,NC,91.7,10.1,9.2617
37135,Orange County,NC,67.4,6.6,4.4484
37137,Pamlico County,NC,87.6,8.6,7.533599999999999
37139,Pasquotank County,NC,78.9,9.7,7.653300000000001
37141,Pender County,NC,101.3,9.7,9.826099999999999
37143,Perquimans County,NC,77.6,10.2,7.915199999999999
37145,Person County,NC,75.7,8.3,6.283100000000001
37147,Pitt County,NC,100.1,10.0,10.01
37149,Polk County,NC,74.7,9.7,7.245899999999999
37151,Randolph County,NC,88,12.4,10.912
37153,Richmond County,NC,195.6,9.5,18.582
37155,Robeson County,NC,108.8,14.3,15.5584
37157,Rockingham County,NC,90.1,10.1,9.1001
37159,Rowan County,NC,93.8,10.2,9.567599999999999
37161,Rutherford County,NC,120.7,11.8,14.242600000000003
37163,Sampson County,NC,98.8,16.0,15.808
37165,Scotland County,NC,127.9,11.8,15.092200000000002
37167,Stanly County,NC,98.8,10.5,10.373999999999999
37169,Stokes County,NC,89.4,8.6,7.688400000000001
37171,Surry County,NC,98.9,11.9,11.769100000000002
37173,Swain County,NC,98.7,23.2,22.898400000000002
37175,Transylvania County,NC,74.9,11.8,8.838200000000002
37177,Tyrrell County,NC,80.4,12.8,10.291200000000002
37179,Union County,NC,82.3,7.9,6.5017
37181,Vance County,NC,93.9,12.9,12.113100000000001
37183,Wake County,NC,112.6,8.2,9.233199999999998
37185,Warren County,NC,96.9,10.6,10.271400000000002
37187,Washington County,NC,94.1,8.4,7.904399999999999
37189,Watauga County,NC,55.4,10.7,5.9277999999999995
37191,Wayne County,NC,109.1,12.1,13.201099999999999
37193,Wilkes County,NC,86.4,11.4,9.849600000000002
37195,Wilson County,NC,110.4,12.8,14.131200000000002
37197,Yadkin County,NC,98.4,11.9,11.7096
37199,Yancey County,NC,67.9,9.4,6.382600000000001
00037,North Carolina,NC,91.7,,
38001,Adams County,ND,43,8.1,3.483
38003,Barnes County,ND,59.3,4.8,2.8464
38005,Benson County,ND,79.8,7.7,6.1446000000000005
38007,Billings County,ND,45.3,4.0,1.8119999999999998
38009,Bottineau County,ND,88.6,7.5,6.645
38011,Bowman County,ND,27.8,7.8,2.1684
38013,Burke County,ND,59,4.4,2.596
38015,Burleigh County,ND,54.6,4.7,2.5662000000000003
38017,Cass County,ND,57.2,5.7,3.2604
38019,Cavalier County,ND,66.5,3.5,2.3275
38021,Dickey County,ND,59.6,8.0,4.768
38023,Divide County,ND,57.8,8.3,4.7974
38025,Dunn County,ND,49.2,17.3,8.511600000000001
38027,Eddy County,ND,72.6,5.8,4.210799999999999
38029,Emmons County,ND,58.5,6.5,3.8025
38031,Foster County,ND,67.1,4.7,3.1537
38033,Golden Valley County,ND,,2.3,
38035,Grand Forks County,ND,57.9,4.9,2.8371000000000004
38037,Grant County,ND,50,5.0,2.5
38039,Griggs County,ND,59.8,5.7,3.4086000000000003
38041,Hettinger County,ND,46.1,5.3,2.4433000000000002
38043,Kidder County,ND,58.4,3.4,1.9856
38045,LaMoure County,ND,55,5.5,3.025
38047,Logan County,ND,62.9,3.0,1.8869999999999998
38049,McHenry County,ND,58.2,7.3,4.2486
38051,McIntosh County,ND,74.6,6.7,4.9982
38053,McKenzie County,ND,64.1,13.5,8.6535
38055,McLean County,ND,53.8,5.6,3.0128
38057,Mercer County,ND,48.1,8.0,3.8480000000000003
38059,Morton County,ND,53.7,4.8,2.5776
38061,Mountrail County,ND,54.4,16.4,8.921599999999998
38063,Nelson County,ND,63,4.7,2.9610000000000003
38065,Oliver County,ND,52.8,3.0,1.5839999999999999
38067,Pembina County,ND,55.4,6.4,3.5456
38069,Pierce County,ND,81.8,8.7,7.1166
38071,Ramsey County,ND,69.5,8.0,5.56
38073,Ransom County,ND,57,4.0,2.28
38075,Renville County,ND,64,5.9,3.7760000000000002
38077,Richland County,ND,57,6.5,3.705
38079,Rolette County,ND,87.6,24.2,21.199199999999998
38081,Sargent County,ND,57,4.1,2.3369999999999997
38083,Sheridan County,ND,56.7,6.6,3.7421999999999995
38085,Sioux County,ND,54.1,24.3,13.146300000000002
38087,Slope County,ND,37.4,2.9,1.0846
38089,Stark County,ND,51.8,7.5,3.885
38091,Steele County,ND,60.2,3.9,2.3478
38093,Stutsman County,ND,61.3,5.3,3.2489
38095,Towner County,ND,85.5,5.3,4.531499999999999
38097,Traill County,ND,60.1,5.1,3.0650999999999997
38099,Walsh County,ND,56.7,7.5,4.2525
38101,Ward County,ND,53.2,6.1,3.2451999999999996
38103,Wells County,ND,70.6,5.1,3.6005999999999996
38105,Williams County,ND,67,11.7,7.8389999999999995
00038,North Dakota,ND,57.5,,
31001,Adams County,NE,60.4,5.4,3.2616
31003,Antelope County,NE,65.8,6.0,3.9479999999999995
31005,Arthur County,NE,,8.3,
31007,Banner County,NE,59.9,6.4,3.8336
31009,Blaine County,NE,56.1,5.7,3.1977
31011,Boone County,NE,72,4.8,3.4559999999999995
31013,Box Butte County,NE,63.3,7.9,5.0007
31015,Boyd County,NE,75.4,9.1,6.8614
31017,Brown County,NE,61.2,6.5,3.978
31019,Buffalo County,NE,61.1,7.5,4.5825
31021,Burt County,NE,51.7,8.4,4.3428
31023,Butler County,NE,73.3,6.0,4.398
31025,Cass County,NE,72.2,5.1,3.6822
31027,Cedar County,NE,58.5,6.6,3.8609999999999998
31029,Chase County,NE,66.3,9.5,6.298500000000001
31031,Cherry County,NE,76.7,8.0,6.136
31033,Cheyenne County,NE,61.1,5.9,3.6049
31035,Clay County,NE,62.3,7.9,4.9217
31037,Colfax County,NE,68.2,11.3,7.706600000000001
31039,Cuming County,NE,60.7,8.6,5.2202
31041,Custer County,NE,66.5,7.2,4.788
31043,Dakota County,NE,77.9,7.8,6.0762
31045,Dawes County,NE,72.7,10.1,7.3427
31047,Dawson County,NE,63.8,11.5,7.337
31049,Deuel County,NE,63.3,10.6,6.709799999999999
31051,Dixon County,NE,86.2,8.9,7.671800000000001
31053,Dodge County,NE,70.1,6.2,4.3462
31055,Douglas County,NE,69.7,8.7,6.0639
31057,Dundy County,NE,69.2,5.2,3.5984000000000003
31059,Fillmore County,NE,67.5,4.2,2.835
31061,Franklin County,NE,66.8,6.7,4.4756
31063,Frontier County,NE,65.3,7.2,4.7016
31065,Furnas County,NE,51.5,6.4,3.2960000000000003
31067,Gage County,NE,73.3,5.2,3.8116000000000003
31069,Garden County,NE,67.3,9.2,6.191599999999999
31071,Garfield County,NE,72.7,5.5,3.9985000000000004
31073,Gosper County,NE,57.9,11.5,6.6585
31075,Grant County,NE,61.5,8.6,5.289
31077,Greeley County,NE,67.3,4.5,3.0284999999999997
31079,Hall County,NE,58.3,12.4,7.2292
31081,Hamilton County,NE,59.4,5.8,3.4452
31083,Harlan County,NE,56.2,8.4,4.7208000000000006
31085,Hayes County,NE,71.5,5.5,3.9325
31087,Hitchcock County,NE,47,7.2,3.3840000000000003
31089,Holt County,NE,69.3,7.0,4.851
31091,Hooker County,NE,,8.3,
31093,Howard County,NE,61.5,7.0,4.305
31095,Jefferson County,NE,67.3,7.7,5.1821
31097,Johnson County,NE,73.3,5.0,3.665
31099,Kearney County,NE,61.7,5.2,3.2084
31101,Keith County,NE,74.4,6.9,5.1336
31103,Keya Paha County,NE,79.4,6.3,5.0022
31105,Kimball County,NE,59.8,16.8,10.0464
31107,Knox County,NE,57.5,6.1,3.5075
31109,Lancaster County,NE,72.9,6.3,4.592700000000001
31111,Lincoln County,NE,66.3,7.8,5.1714
31113,Logan County,NE,74,6.9,5.106
31115,Loup County,NE,67.3,12.1,8.1433
31117,McPherson County,NE,75,3.7,2.775
31119,Madison County,NE,68,8.2,5.575999999999999
31121,Merrick County,NE,66.4,7.8,5.179200000000001
31123,Morrill County,NE,60.1,6.0,3.6060000000000003
31125,Nance County,NE,71.6,6.5,4.654
31127,Nemaha County,NE,79,10.3,8.137
31129,Nuckolls County,NE,72.1,11.1,8.0031
31131,Otoe County,NE,75,5.4,4.05
31133,Pawnee County,NE,66.5,9.2,6.117999999999999
31135,Perkins County,NE,73.7,5.7,4.200900000000001
31137,Phelps County,NE,59.5,5.8,3.4509999999999996
31139,Pierce County,NE,57.2,6.2,3.5464
31141,Platte County,NE,66.2,6.9,4.5678
31143,Polk County,NE,64.1,7.4,4.743399999999999
31145,Red Willow County,NE,51.4,10.7,5.499799999999999
31147,Richardson County,NE,88.4,7.9,6.983600000000001
31149,Rock County,NE,77.4,6.4,4.953600000000001
31151,Saline County,NE,73.4,9.7,7.119800000000001
31153,Sarpy County,NE,70.4,4.7,3.3088000000000006
31155,Saunders County,NE,71.3,4.2,2.9945999999999997
31157,Scotts Bluff County,NE,54.4,9.8,5.3312
31159,Seward County,NE,73.1,5.0,3.655
31161,Sheridan County,NE,71.7,11.9,8.5323
31163,Sherman County,NE,61.4,5.9,3.6226
31165,Sioux County,NE,55.6,9.0,5.0040000000000004
31167,Stanton County,NE,67.3,5.4,3.6342000000000003
31169,Thayer County,NE,69,6.4,4.416
31171,Thomas County,NE,,4.5,
31173,Thurston County,NE,91.3,15.4,14.0602
31175,Valley County,NE,70.2,6.0,4.212000000000001
31177,Washington County,NE,70.4,4.5,3.168
31179,Wayne County,NE,67.2,5.1,3.4271999999999996
31181,Webster County,NE,83.9,5.8,4.8662
31183,Wheeler County,NE,73,4.6,3.3579999999999997
31185,York County,NE,61.9,4.9,3.0331
00031,Nebraska,NE,68.4,,
33001,Belknap County,NH,62.5,6.1,3.8125
33003,Carroll County,NH,58.3,6.7,3.9061000000000003
33005,Cheshire County,NH,60,5.9,3.54
33007,Coos County,NH,62.5,7.0,4.375
33009,Grafton County,NH,65.2,6.0,3.9120000000000004
33011,Hillsborough County,NH,55.6,6.0,3.3360000000000003
33013,Merrimack County,NH,63.6,4.9,3.1164000000000005
33015,Rockingham County,NH,54.6,4.4,2.4024000000000005
33017,Strafford County,NH,57.5,5.8,3.335
33019,Sullivan County,NH,64.3,6.4,4.1152
00033,New Hampshire,NH,59.5,,
34001,Atlantic County,NJ,55.6,7.5,4.17
34003,Bergen County,NJ,49.7,6.2,3.0814000000000004
34005,Burlington County,NJ,70.4,3.8,2.6752
34007,Camden County,NJ,69.8,6.4,4.4672
34009,Cape May County,NJ,62.1,5.6,3.4776
34011,Cumberland County,NJ,81,10.2,8.261999999999999
34013,Essex County,NJ,59.2,11.6,6.8672
34015,Gloucester County,NJ,82.1,4.2,3.4482
34017,Hudson County,NJ,43,11.2,4.816
34019,Hunterdon County,NJ,47.8,2.9,1.3861999999999997
34021,Mercer County,NJ,58.1,7.6,4.4156
34023,Middlesex County,NJ,53.6,7.1,3.8056
34025,Monmouth County,NJ,65.8,5.2,3.4216
34027,Morris County,NJ,52.9,4.7,2.4863
34029,Ocean County,NJ,60.2,4.2,2.5284000000000004
34031,Passaic County,NJ,56.2,12.1,6.8002
34033,Salem County,NJ,86.2,5.1,4.3962
34035,Somerset County,NJ,57.7,5.7,3.2889000000000004
34037,Sussex County,NJ,51.4,3.5,1.7990000000000002
34039,Union County,NJ,61.9,12.4,7.6756
34041,Warren County,NJ,57.3,4.7,2.6931
00034,New Jersey,NJ,58.7,,
35001,Bernalillo County,NM,83.2,8.6,7.1552
35003,Catron County,NM,71.5,8.1,5.7915
35005,Chaves County,NM,55.2,9.4,5.1888
35006,Cibola County,NM,80.9,12.4,10.031600000000001
35007,Colfax County,NM,51.4,7.8,4.0092
35009,Curry County,NM,74.4,8.9,6.621600000000001
35011,De Baca County,NM,54.1,10.0,5.41
35013,Do+�+___a Ana County,NM,88,11.0,9.68
35015,Eddy County,NM,57.5,9.2,5.29
35017,Grant County,NM,71.1,5.1,3.6260999999999997
35019,Guadalupe County,NM,63.5,6.5,4.1275
35021,Harding County,NM,55.4,5.9,3.2686
35023,Hidalgo County,NM,69.3,9.1,6.3063
35025,Lea County,NM,74.7,14.3,10.6821
35027,Lincoln County,NM,62.8,11.4,7.159199999999999
35028,Los Alamos County,NM,52.8,3.4,1.7952
35029,Luna County,NM,79.2,8.9,7.048800000000001
35031,McKinley County,NM,78.6,19.4,15.248399999999997
35033,Mora County,NM,50.1,2.0,1.002
35035,Otero County,NM,66.7,9.0,6.003000000000001
35037,Quay County,NM,65.2,9.9,6.4548000000000005
35039,Rio Arriba County,NM,75.8,9.2,6.973599999999999
35041,Roosevelt County,NM,60,10.4,6.24
35043,Sandoval County,NM,81.1,5.8,4.703799999999999
35045,San Juan County,NM,75,12.5,9.375
35047,San Miguel County,NM,48.1,7.6,3.6556
35049,Santa Fe County,NM,46.2,9.4,4.3428
35051,Sierra County,NM,78.9,4.1,3.2349
35053,Socorro County,NM,71.4,8.2,5.8548
35055,Taos County,NM,43.1,8.1,3.4911000000000003
35057,Torrance County,NM,80.7,7.7,6.2139
35059,Union County,NM,61.7,11.8,7.280600000000001
35061,Valencia County,NM,79.8,8.0,6.3839999999999995
00035,New Mexico,NM,72.5,,
32001,Churchill County,NV,92.4,8.8,8.131200000000002
32003,Clark County,NV,71.1,12.1,8.6031
32005,Douglas County,NV,75.4,5.9,4.448600000000001
32007,Elko County,NV,60.3,8.9,5.3667
32009,Esmeralda County,NV,57.5,6.9,3.9675
32011,Eureka County,NV,59.4,10.4,6.1776
32013,Humboldt County,NV,68.7,8.0,5.496
32015,Lander County,NV,56.6,5.1,2.8865999999999996
32017,Lincoln County,NV,70.8,10.2,7.2216
32019,Lyon County,NV,75.9,9.0,6.831
32021,Mineral County,NV,65.2,9.0,5.868
32023,Nye County,NV,70.7,9.2,6.5043999999999995
32027,Pershing County,NV,99.3,8.8,8.7384
32029,Storey County,NV,96.7,4.6,4.4482
32031,Washoe County,NV,103.3,9.7,10.0201
32033,White Pine County,NV,63.7,4.5,2.8665000000000003
32510,Carson City,NV,99.7,10.8,10.7676
00032,Nevada,NV,76.3,,
36001,Albany County,NY,50.2,3.0,1.5060000000000002
36003,Allegany County,NY,52.1,4.9,2.5529
36005,Bronx County,NY,54.5,7.3,3.9784999999999995
36007,Broome County,NY,62.3,3.7,2.3051
36009,Cattaraugus County,NY,63.7,6.3,4.0131
36011,Cayuga County,NY,55.3,4.4,2.4332
36013,Chautauqua County,NY,64.1,5.4,3.4614
36015,Chemung County,NY,72.5,4.3,3.1175
36017,Chenango County,NY,58.9,3.4,2.0025999999999997
36019,Clinton County,NY,54.3,2.9,1.5747
36021,Columbia County,NY,50.6,3.8,1.9228
36023,Cortland County,NY,56.5,3.4,1.921
36025,Delaware County,NY,54.8,4.6,2.5207999999999995
36027,Dutchess County,NY,42.3,4.2,1.7766
36029,Erie County,NY,65.8,2.8,1.8423999999999998
36031,Essex County,NY,55.4,4.7,2.6038
36033,Franklin County,NY,60.1,6.6,3.9665999999999997
36035,Fulton County,NY,57.8,3.6,2.0808
36037,Genesee County,NY,58.6,3.8,2.2268
36039,Greene County,NY,47.8,3.5,1.6729999999999998
36041,Hamilton County,NY,57.2,3.8,2.1736
36043,Herkimer County,NY,63.5,4.5,2.8575
36045,Jefferson County,NY,61.9,5.8,3.5902
36047,Kings County,NY,39,5.9,2.301
36049,Lewis County,NY,64.1,4.9,3.1409
36051,Livingston County,NY,53.6,3.9,2.0904
36053,Madison County,NY,59.3,3.3,1.9568999999999996
36055,Monroe County,NY,53.8,3.1,1.6678
36057,Montgomery County,NY,58.4,6.5,3.796
36059,Nassau County,NY,49.5,3.9,1.9304999999999999
36061,New York County,NY,36.4,4.3,1.5652
36063,Niagara County,NY,65.8,2.5,1.645
36065,Oneida County,NY,64.3,3.3,2.1218999999999997
36067,Onondaga County,NY,57.5,3.3,1.8975
36069,Ontario County,NY,54.3,3.2,1.7375999999999998
36071,Orange County,NY,45.9,4.8,2.2032
36073,Orleans County,NY,57.6,5.7,3.2832
36075,Oswego County,NY,60.9,4.4,2.6796
36077,Otsego County,NY,58.4,4.6,2.6864
36079,Putnam County,NY,42.8,3.3,1.4123999999999999
36081,Queens County,NY,39.9,8.5,3.3914999999999997
36083,Rensselaer County,NY,52.9,3.3,1.7457
36085,Richmond County,NY,38.3,3.9,1.4936999999999998
36087,Rockland County,NY,41.2,4.5,1.854
36089,St. Lawrence County,NY,59.7,5.9,3.5223
36091,Saratoga County,NY,54.1,2.6,1.4066
36093,Schenectady County,NY,57,3.4,1.9379999999999997
36095,Schoharie County,NY,49.2,4.1,2.0172
36097,Schuyler County,NY,58.5,4.1,2.3985
36099,Seneca County,NY,50.7,8.7,4.4109
36101,Steuben County,NY,65.4,4.7,3.0738000000000003
36103,Suffolk County,NY,48.2,4.6,2.2172
36105,Sullivan County,NY,45.8,5.4,2.4732
36107,Tioga County,NY,59.1,2.6,1.5366
36109,Tompkins County,NY,46.1,4.2,1.9362000000000001
36111,Ulster County,NY,45,6.4,2.88
36113,Warren County,NY,56.5,3.3,1.8644999999999998
36115,Washington County,NY,55.8,4.8,2.6784
36117,Wayne County,NY,53.5,5.7,3.0495
36119,Westchester County,NY,39,5.0,1.95
36121,Wyoming County,NY,61.2,4.2,2.5704000000000002
36123,Yates County,NY,57.7,19.6,11.3092
00036,New York,NY,47.8,,
39001,Adams County,OH,106.8,7.8,8.3304
39003,Allen County,OH,73.1,6.3,4.6053
39005,Ashland County,OH,77.7,8.6,6.6822
39007,Ashtabula County,OH,109.3,9.5,10.3835
39009,Athens County,OH,86,5.8,4.988
39011,Auglaize County,OH,77.1,3.9,3.0069
39013,Belmont County,OH,68.3,6.0,4.098
39015,Brown County,OH,110.2,6.6,7.273199999999999
39017,Butler County,OH,110.3,6.3,6.9489
39019,Carroll County,OH,79.8,9.2,7.3416
39021,Champaign County,OH,140.3,5.1,7.1552999999999995
39023,Clark County,OH,151.4,6.8,10.2952
39025,Clermont County,OH,106.8,5.7,6.0876
39027,Clinton County,OH,116.6,6.2,7.2292
39029,Columbiana County,OH,76.6,6.9,5.285399999999999
39031,Coshocton County,OH,86.8,10.9,9.4612
39033,Crawford County,OH,78.2,6.3,4.9266000000000005
39035,Cuyahoga County,OH,79.6,5.5,4.377999999999999
39037,Darke County,OH,80.1,6.5,5.2065
39039,Defiance County,OH,82.3,8.8,7.2424
39041,Delaware County,OH,79.2,4.5,3.5640000000000005
39043,Erie County,OH,82.8,5.4,4.4712
39045,Fairfield County,OH,85.5,6.3,5.3865
39047,Fayette County,OH,128.8,7.8,10.0464
39049,Franklin County,OH,87.6,8.4,7.3584000000000005
39051,Fulton County,OH,91,5.7,5.187
39053,Gallia County,OH,115.8,10.4,12.043199999999999
39055,Geauga County,OH,76.5,8.6,6.579
39057,Greene County,OH,136.5,5.1,6.9615
39059,Guernsey County,OH,67.2,10.0,6.72
39061,Hamilton County,OH,101.7,5.8,5.8986
39063,Hancock County,OH,72,4.6,3.312
39065,Hardin County,OH,78.4,11.9,9.329600000000001
39067,Harrison County,OH,75.9,12.7,9.6393
39069,Henry County,OH,75.7,5.3,4.0121
39071,Highland County,OH,111.7,8.9,9.941300000000002
39073,Hocking County,OH,86.6,6.3,5.455799999999999
39075,Holmes County,OH,82.3,42.3,34.81289999999999
39077,Huron County,OH,80.4,6.9,5.547600000000001
39079,Jackson County,OH,104.4,6.5,6.7860000000000005
39081,Jefferson County,OH,73.9,5.3,3.9167
39083,Knox County,OH,82.2,11.2,9.2064
39085,Lake County,OH,85,4.9,4.165000000000001
39087,Lawrence County,OH,126,5.1,6.425999999999999
39089,Licking County,OH,86.8,5.4,4.687200000000001
39091,Logan County,OH,91.3,5.8,5.2954
39093,Lorain County,OH,79.8,5.3,4.2294
39095,Lucas County,OH,100.3,5.3,5.315899999999999
39097,Madison County,OH,106.7,7.6,8.1092
39099,Mahoning County,OH,76.7,4.8,3.6816000000000004
39101,Marion County,OH,80.4,5.3,4.2612
39103,Medina County,OH,75.1,4.1,3.0790999999999995
39105,Meigs County,OH,112.2,7.1,7.9662
39107,Mercer County,OH,76.8,3.7,2.8416
39109,Miami County,OH,161.7,5.0,8.085
39111,Monroe County,OH,66.2,7.8,5.1636
39113,Montgomery County,OH,148,6.5,9.62
39115,Morgan County,OH,81.9,6.6,5.405399999999999
39117,Morrow County,OH,77.4,8.9,6.888600000000001
39119,Muskingum County,OH,80.8,5.9,4.7672
39121,Noble County,OH,56.3,7.2,4.0536
39123,Ottawa County,OH,82.4,4.3,3.5432
39125,Paulding County,OH,85.3,5.6,4.7768
39127,Perry County,OH,83.4,8.2,6.8388
39129,Pickaway County,OH,84.2,5.6,4.715199999999999
39131,Pike County,OH,90,5.6,5.039999999999999
39133,Portage County,OH,78.9,5.2,4.1028
39135,Preble County,OH,134.5,5.2,6.994
39137,Putnam County,OH,72.7,3.6,2.6172000000000004
39139,Richland County,OH,78.8,6.9,5.437200000000001
39141,Ross County,OH,107,6.3,6.7410000000000005
39143,Sandusky County,OH,79.8,5.7,4.5486
39145,Scioto County,OH,73.2,5.2,3.8064000000000004
39147,Seneca County,OH,75.5,5.3,4.0015
39149,Shelby County,OH,94.7,4.7,4.450900000000001
39151,Stark County,OH,78.1,5.7,4.4517
39153,Summit County,OH,78.2,5.6,4.3792
39155,Trumbull County,OH,90.1,6.9,6.216899999999999
39157,Tuscarawas County,OH,82.1,8.7,7.142699999999999
39159,Union County,OH,75,4.3,3.225
39161,Van Wert County,OH,81.5,3.5,2.8525
39163,Vinton County,OH,103.8,7.1,7.369799999999999
39165,Warren County,OH,129.7,3.7,4.7989
39167,Washington County,OH,71.6,6.3,4.5108
39169,Wayne County,OH,76.8,14.0,10.752
39171,Williams County,OH,76.8,5.3,4.070399999999999
39173,Wood County,OH,75,4.1,3.075
39175,Wyandot County,OH,80.4,3.1,2.4924000000000004
00039,Ohio,OH,92,,
40001,Adair County,OK,88.9,20.8,18.491200000000003
40003,Alfalfa County,OK,62.5,10.9,6.8125
40005,Atoka County,OK,83,19.7,16.351
40007,Beaver County,OK,52.1,15.4,8.0234
40009,Beckham County,OK,75.4,11.5,8.671
40011,Blaine County,OK,67.9,11.2,7.6048
40013,Bryan County,OK,89.2,19.7,17.572400000000002
40015,Caddo County,OK,64.5,18.0,11.61
40017,Canadian County,OK,65.8,9.1,5.9878
40019,Carter County,OK,79.3,14.0,11.102
40021,Cherokee County,OK,80,19.1,15.28
40023,Choctaw County,OK,84,16.7,14.027999999999999
40025,Cimarron County,OK,52,17.2,8.943999999999999
40027,Cleveland County,OK,61.5,9.9,6.0885
40029,Coal County,OK,80.6,21.5,17.328999999999997
40031,Comanche County,OK,64,12.0,7.68
40033,Cotton County,OK,86.7,7.7,6.6759
40035,Craig County,OK,83.5,15.6,13.026
40037,Creek County,OK,88.7,11.3,10.023100000000001
40039,Custer County,OK,79.1,11.5,9.096499999999999
40041,Delaware County,OK,81,15.0,12.15
40043,Dewey County,OK,73.3,13.5,9.8955
40045,Ellis County,OK,57.3,13.4,7.6781999999999995
40047,Garfield County,OK,64.5,13.6,8.771999999999998
40049,Garvin County,OK,76.8,15.5,11.903999999999998
40051,Grady County,OK,61.8,12.4,7.6632
40053,Grant County,OK,63.5,11.4,7.239
40055,Greer County,OK,85.9,8.0,6.872000000000001
40057,Harmon County,OK,81.5,22.2,18.093
40059,Harper County,OK,57.8,14.1,8.149799999999999
40061,Haskell County,OK,86.7,16.9,14.6523
40063,Hughes County,OK,86.9,17.7,15.381300000000001
40065,Jackson County,OK,76.5,14.0,10.71
40067,Jefferson County,OK,90,14.3,12.87
40069,Johnston County,OK,77.9,13.9,10.828100000000001
40071,Kay County,OK,64.2,12.7,8.1534
40073,Kingfisher County,OK,73.6,13.7,10.083199999999998
40075,Kiowa County,OK,67.9,11.0,7.469000000000001
40077,Latimer County,OK,82.2,18.0,14.796000000000001
40079,Le Flore County,OK,99.7,18.2,18.1454
40081,Lincoln County,OK,78.3,12.8,10.0224
40083,Logan County,OK,73.9,12.4,9.1636
40085,Love County,OK,89.2,13.7,12.2204
40087,McClain County,OK,77.2,9.8,7.565600000000001
40089,McCurtain County,OK,104.4,18.0,18.792
40091,McIntosh County,OK,87.4,21.6,18.878400000000003
40093,Major County,OK,65.2,10.8,7.041600000000001
40095,Marshall County,OK,84.7,17.1,14.4837
40097,Mayes County,OK,77.3,15.5,11.981499999999999
40099,Murray County,OK,82.3,13.6,11.1928
40101,Muskogee County,OK,96,14.4,13.824000000000002
40103,Noble County,OK,67.1,7.5,5.0325
40105,Nowata County,OK,69.2,15.6,10.7952
40107,Okfuskee County,OK,93.5,15.2,14.212
40109,Oklahoma County,OK,77.7,13.9,10.8003
40111,Okmulgee County,OK,84.6,15.2,12.859199999999998
40113,Osage County,OK,67.4,11.5,7.751
40115,Ottawa County,OK,94.6,16.4,15.514399999999998
40117,Pawnee County,OK,87.2,13.8,12.033600000000002
40119,Payne County,OK,78.1,11.6,9.0596
40121,Pittsburg County,OK,76.3,15.0,11.445
40123,Pontotoc County,OK,87.2,17.1,14.911200000000001
40125,Pottawatomie County,OK,88.1,13.1,11.541099999999998
40127,Pushmataha County,OK,87.2,19.6,17.0912
40129,Roger Mills County,OK,74.4,12.5,9.3
40131,Rogers County,OK,77.7,11.3,8.780100000000001
40133,Seminole County,OK,89.7,19.0,17.043
40135,Sequoyah County,OK,97.1,17.0,16.506999999999998
40137,Stephens County,OK,75.7,13.4,10.1438
40139,Texas County,OK,55.9,14.6,8.1614
40141,Tillman County,OK,76.5,12.9,9.868500000000001
40143,Tulsa County,OK,87.6,13.8,12.088799999999999
40145,Wagoner County,OK,75.8,11.5,8.716999999999999
40147,Washington County,OK,72.7,11.5,8.3605
40149,Washita County,OK,76.9,12.4,9.5356
40151,Woods County,OK,53.8,8.4,4.5192000000000005
40153,Woodward County,OK,59.9,13.1,7.8469
00040,Oklahoma,OK,77.1,,
41001,Baker County,OR,90.7,5.5,4.9885
41003,Benton County,OR,82.8,5.2,4.3056
41005,Clackamas County,OR,88,5.1,4.4879999999999995
41007,Clatsop County,OR,77.3,6.5,5.0245
41009,Columbia County,OR,89.5,5.7,5.101500000000001
41011,Coos County,OR,85.7,6.4,5.4848
41013,Crook County,OR,79.1,6.9,5.4578999999999995
41015,Curry County,OR,84.9,5.7,4.839300000000001
41017,Deschutes County,OR,80,6.4,5.12
41019,Douglas County,OR,85.3,5.5,4.6915
41021,Gilliam County,OR,79,5.8,4.582
41023,Grant County,OR,81.8,8.2,6.7075999999999985
41025,Harney County,OR,88.3,7.0,6.181
41027,Hood River County,OR,89.8,8.7,7.812599999999999
41029,Jackson County,OR,86.4,5.9,5.097600000000001
41031,Jefferson County,OR,91.8,9.2,8.445599999999999
41033,Josephine County,OR,83.5,7.9,6.5965
41035,Klamath County,OR,84.2,7.3,6.146599999999999
41037,Lake County,OR,94.6,5.0,4.73
41039,Lane County,OR,85.3,5.9,5.0327
41041,Lincoln County,OR,110.7,8.1,8.9667
41043,Linn County,OR,122.5,6.6,8.085
41045,Malheur County,OR,80,9.7,7.76
41047,Marion County,OR,94.1,8.7,8.186699999999998
41049,Morrow County,OR,75.9,9.4,7.134600000000001
41051,Multnomah County,OR,92,5.9,5.428000000000001
41053,Polk County,OR,90.8,5.1,4.630799999999999
41055,Sherman County,OR,77.4,3.1,2.3994000000000004
41057,Tillamook County,OR,100.4,4.7,4.718800000000001
41059,Umatilla County,OR,78.5,7.1,5.5735
41061,Union County,OR,93.5,6.9,6.451499999999999
41063,Wallowa County,OR,82.8,6.9,5.7132000000000005
41065,Wasco County,OR,89.3,9.5,8.4835
41067,Washington County,OR,75.1,5.4,4.055400000000001
41069,Wheeler County,OR,83.3,3.8,3.1653999999999995
41071,Yamhill County,OR,96.6,6.1,5.892599999999999
00041,Oregon,OR,87.7,,
42001,Adams County,PA,59.5,5.9,3.5105
42003,Allegheny County,PA,68,3.9,2.6519999999999997
42005,Armstrong County,PA,68.9,4.0,2.7560000000000002
42007,Beaver County,PA,68.3,3.8,2.5953999999999997
42009,Bedford County,PA,66.5,7.6,5.053999999999999
42011,Berks County,PA,83.4,6.7,5.5878000000000005
42013,Blair County,PA,62.5,5.8,3.625
42015,Bradford County,PA,63,6.7,4.221
42017,Bucks County,PA,64.3,3.9,2.5077
42019,Butler County,PA,69.3,3.2,2.2176
42021,Cambria County,PA,63.8,3.6,2.2968
42023,Cameron County,PA,60.4,2.5,1.51
42025,Carbon County,PA,66.2,5.4,3.5748
42027,Centre County,PA,63.9,5.5,3.5145
42029,Chester County,PA,80.1,4.4,3.5244
42031,Clarion County,PA,69.3,6.3,4.3659
42033,Clearfield County,PA,62.6,6.2,3.8812
42035,Clinton County,PA,59.4,9.9,5.8806
42037,Columbia County,PA,59.9,4.3,2.5757
42039,Crawford County,PA,85.4,8.8,7.515200000000001
42041,Cumberland County,PA,62.9,5.4,3.3966000000000003
42043,Dauphin County,PA,67.3,6.3,4.2399
42045,Delaware County,PA,82.3,4.8,3.9503999999999997
42047,Elk County,PA,65.3,2.7,1.7631000000000001
42049,Erie County,PA,71.4,4.1,2.9274
42051,Fayette County,PA,73.9,4.4,3.2516000000000003
42053,Forest County,PA,71.1,5.6,3.9816
42055,Franklin County,PA,56.4,9.1,5.1324000000000005
42057,Fulton County,PA,69.1,5.0,3.455
42059,Greene County,PA,75.3,4.1,3.0872999999999995
42061,Huntingdon County,PA,64,5.0,3.2
42063,Indiana County,PA,72.8,7.6,5.5328
42065,Jefferson County,PA,68.2,8.5,5.797000000000001
42067,Juniata County,PA,56.9,15.3,8.7057
42069,Lackawanna County,PA,57.5,4.7,2.7025
42071,Lancaster County,PA,81,11.0,8.91
42073,Lawrence County,PA,73.7,5.3,3.9061000000000003
42075,Lebanon County,PA,81.6,8.7,7.099199999999999
42077,Lehigh County,PA,62.5,6.3,3.9375
42079,Luzerne County,PA,57,6.3,3.5909999999999997
42081,Lycoming County,PA,58.1,5.4,3.1374
42083,McKean County,PA,66.2,4.2,2.7804
42085,Mercer County,PA,74,6.0,4.44
42087,Mifflin County,PA,75.3,12.9,9.7137
42089,Monroe County,PA,57.5,6.5,3.7375
42091,Montgomery County,PA,81.7,4.0,3.2680000000000002
42093,Montour County,PA,60.4,4.4,2.6576
42095,Northampton County,PA,54.6,4.2,2.2932
42097,Northumberland County,PA,60.3,4.3,2.5928999999999998
42099,Perry County,PA,61.4,9.9,6.0786
42101,Philadelphia County,PA,79.8,7.2,5.7456
42103,Pike County,PA,48,5.5,2.64
42105,Potter County,PA,62.8,6.7,4.2076
42107,Schuylkill County,PA,68.6,6.3,4.3218
42109,Snyder County,PA,46,11.8,5.428000000000001
42111,Somerset County,PA,70.1,5.8,4.065799999999999
42113,Sullivan County,PA,57.5,4.6,2.645
42115,Susquehanna County,PA,60,6.8,4.08
42117,Tioga County,PA,65.1,6.4,4.166399999999999
42119,Union County,PA,51.3,9.9,5.0787
42121,Venango County,PA,72.8,4.4,3.2032
42123,Warren County,PA,70.6,4.4,3.1064
42125,Washington County,PA,69.5,4.0,2.78
42127,Wayne County,PA,60.1,6.5,3.9065000000000003
42129,Westmoreland County,PA,71.4,3.2,2.2848
42131,Wyoming County,PA,56.5,3.6,2.0340000000000003
42133,York County,PA,74.5,4.7,3.5015000000000005
00042,Pennsylvania,PA,70.5,,
72001,Adjuntas Municipio,PR,42.5,5.0,2.125
72003,Aguada Municipio,PR,38.2,5.6,2.1392
72005,Aguadilla Municipio,PR,40.8,5.3,2.1624
72007,Aguas Buenas Municipio,PR,42.4,3.9,1.6536
72009,Aibonito Municipio,PR,41.2,3.4,1.4008
72011,Anasco Municipio,PR,38.1,5.7,2.1717
72013,Arecibo Municipio,PR,42.3,6.7,2.8341
72015,Arroyo Municipio,PR,55.2,5.0,2.76
72017,Barceloneta Municipio,PR,45.6,5.2,2.3712
72019,Barranquitas Municipio,PR,43.5,2.9,1.2614999999999998
72021,Bayamon Municipio,PR,46,6.9,3.1740000000000004
72023,Cabo Rojo Municipio,PR,42.3,4.7,1.9881
72025,Caguas Municipio,PR,40.9,6.4,2.6176
72027,Camuy Municipio,PR,35.6,4.9,1.7444000000000002
72029,Canovanas Municipio,PR,49,10.6,5.194
72031,Carolina Municipio,PR,38.8,7.2,2.7936
72033,Catano Municipio,PR,47.2,6.5,3.068
72035,Cayey Municipio,PR,42.9,4.9,2.1021
72037,Ceiba Municipio,PR,40.7,6.9,2.8083000000000005
72039,Ciales Municipio,PR,44.1,4.9,2.1609000000000003
72041,Cidra Municipio,PR,44,5.8,2.552
72043,Coamo Municipio,PR,47.7,3.3,1.5741
72045,Comerio Municipio,PR,46.8,4.8,2.2464
72047,Corozal Municipio,PR,43.2,5.2,2.2464
72049,Culebra Municipio,PR,37.5,13.3,4.9875
72051,Dorado Municipio,PR,39.7,6.2,2.4614000000000003
72053,Fajardo Municipio,PR,39.4,5.9,2.3246
72054,Florida Municipio,PR,45.3,4.4,1.9931999999999999
72055,Guanica Municipio,PR,46.3,4.9,2.2687
72057,Guayama Municipio,PR,46.3,4.9,2.2687
72059,Guayanilla Municipio,PR,46.1,3.7,1.7057000000000002
72061,Guaynabo Municipio,PR,40.5,4.8,1.944
72063,Gurabo Municipio,PR,43.3,8.1,3.5072999999999994
72065,Hatillo Municipio,PR,39.6,6.7,2.6532
72067,Hormigueros Municipio,PR,40.1,4.5,1.8045000000000002
72069,Humacao Municipio,PR,39.3,4.5,1.7685
72071,Isabela Municipio,PR,39.7,5.6,2.2232
72073,Jayuya Municipio,PR,42,3.4,1.428
72075,Juana Diaz Municipio,PR,45.7,5.7,2.6049
72077,Juncos Municipio,PR,46,8.7,4.002
72079,Lajas Municipio,PR,40.7,5.6,2.2792
72081,Lares Municipio,PR,38.3,5.9,2.2597
72083,Las Marias Municipio,PR,41.3,2.0,0.826
72085,Las Piedras Municipio,PR,43.5,6.0,2.61
72087,Loiza Municipio,PR,41.6,7.3,3.0368
72089,Luquillo Municipio,PR,39.6,8.1,3.2076
72091,Manati Municipio,PR,49.3,10.9,5.3737
72093,Maricao Municipio,PR,42.2,0.8,0.33760000000000007
72095,Maunabo Municipio,PR,41,7.6,3.1159999999999997
72097,Mayaguez Municipio,PR,40.6,4.1,1.6645999999999999
72099,Moca Municipio,PR,40.5,3.8,1.5390000000000001
72101,Morovis Municipio,PR,45.4,8.0,3.6319999999999997
72103,Naguabo Municipio,PR,39.2,6.2,2.4304
72105,Naranjito Municipio,PR,47.2,6.6,3.1151999999999997
72107,Orocovis Municipio,PR,47.6,4.6,2.1896
72109,Patillas Municipio,PR,40.6,5.2,2.1112
72111,Penuelas Municipio,PR,43.1,4.5,1.9395000000000002
72113,Ponce Municipio,PR,41.5,4.7,1.9505000000000001
72115,Quebradillas Municipio,PR,35.4,4.5,1.5929999999999997
72117,Rincon Municipio,PR,31.7,5.6,1.7752
72119,Rio Grande Municipio,PR,43,7.7,3.3110000000000004
72121,Sabana Grande Municipio,PR,43.6,5.2,2.2672000000000003
72123,Salinas Municipio,PR,43.5,8.1,3.5235
72125,San German Municipio,PR,42.7,5.3,2.2631
72127,San Juan Municipio,PR,39.4,9.0,3.546
72129,San Lorenzo Municipio,PR,42.8,5.4,2.3112
72131,San Sebastian Municipio,PR,37.7,5.3,1.9981
72133,Santa Isabel Municipio,PR,48.5,5.6,2.7159999999999997
72135,Toa Alta Municipio,PR,44.5,6.1,2.7144999999999997
72137,Toa Baja Municipio,PR,47.3,6.4,3.0271999999999997
72139,Trujillo Alto Municipio,PR,40.1,4.9,1.9649
72141,Utuado Municipio,PR,41.8,5.1,2.1317999999999997
72143,Vega Alta Municipio,PR,40.3,4.3,1.7328999999999999
72145,Vega Baja Municipio,PR,48.2,10.0,4.82
72147,Vieques Municipio,PR,37.5,11.4,4.275
72149,Villalba Municipio,PR,48.5,2.1,1.0185000000000002
72151,Yabucoa Municipio,PR,39.5,4.9,1.9355000000000002
72153,Yauco Municipio,PR,44.9,4.9,2.2001000000000004
00072,Puerto Rico,PR,42.6,,
44001,Bristol County,RI,55.5,2.7,1.4985000000000002
44003,Kent County,RI,57.9,3.0,1.7369999999999999
44005,Newport County,RI,55.1,4.1,2.2591
44007,Providence County,RI,55.6,5.3,2.9468
44009,Washington County,RI,51,2.2,1.122
00044,Rhode Island,RI,54.4,,
45001,Abbeville County,SC,81,10.7,8.667
45003,Aiken County,SC,71.1,8.8,6.256799999999999
45005,Allendale County,SC,105.2,12.2,12.8344
45007,Anderson County,SC,85.1,10.4,8.8504
45009,Bamberg County,SC,89.3,14.3,12.7699
45011,Barnwell County,SC,96.9,11.8,11.4342
45013,Beaufort County,SC,62.3,8.4,5.2332
45015,Berkeley County,SC,88.7,9.9,8.781300000000002
45017,Calhoun County,SC,85.9,7.9,6.786100000000001
45019,Charleston County,SC,72.8,8.9,6.4792
45021,Cherokee County,SC,97.4,10.2,9.934800000000001
45023,Chester County,SC,93.3,11.7,10.916099999999998
45025,Chesterfield County,SC,133.8,12.1,16.1898
45027,Clarendon County,SC,102.8,9.8,10.0744
45029,Colleton County,SC,104.7,15.5,16.2285
45031,Darlington County,SC,208.5,9.0,18.765
45033,Dillon County,SC,134.4,14.6,19.6224
45035,Dorchester County,SC,82.2,11.3,9.2886
45037,Edgefield County,SC,77,10.8,8.316
45039,Fairfield County,SC,86.2,8.0,6.896
45041,Florence County,SC,153.3,10.0,15.33
45043,Georgetown County,SC,84.6,10.1,8.544599999999999
45045,Greenville County,SC,77.3,10.1,7.807299999999999
45047,Greenwood County,SC,90.1,7.9,7.1179
45049,Hampton County,SC,90,12.7,11.43
45051,Horry County,SC,99.5,12.4,12.338
45053,Jasper County,SC,82,12.9,10.578
45055,Kershaw County,SC,81.5,8.9,7.2535
45057,Lancaster County,SC,77.5,8.3,6.4325
45059,Laurens County,SC,93.3,12.7,11.849099999999998
45061,Lee County,SC,134.2,10.3,13.8226
45063,Lexington County,SC,76.2,9.0,6.8580000000000005
45065,McCormick County,SC,77.5,4.1,3.1775
45067,Marion County,SC,119,13.8,16.422
45069,Marlboro County,SC,162.2,14.1,22.8702
45071,Newberry County,SC,76.8,8.5,6.528
45073,Oconee County,SC,94.8,10.4,9.8592
45075,Orangeburg County,SC,105.6,9.9,10.4544
45077,Pickens County,SC,82.4,8.9,7.3336000000000015
45079,Richland County,SC,77.4,8.8,6.811200000000001
45081,Saluda County,SC,78.1,16.1,12.574100000000001
45083,Spartanburg County,SC,94.4,10.9,10.2896
45085,Sumter County,SC,105.2,10.5,11.046000000000001
45087,Union County,SC,97.9,11.7,11.4543
45089,Williamsburg County,SC,122.7,10.8,13.251600000000002
45091,York County,SC,81.2,8.2,6.658399999999999
00045,South Carolina,SC,88.6,,
46003,Aurora County,SD,74.1,5.5,4.0755
46005,Beadle County,SD,59.5,5.9,3.5105
46007,Bennett County,SD,103.8,29.1,30.2058
46009,Bon Homme County,SD,53.7,5.7,3.0609
46011,Brookings County,SD,81.7,4.3,3.5131
46013,Brown County,SD,67.2,7.5,5.04
46015,Brule County,SD,53.8,7.6,4.088799999999999
46017,Buffalo County,SD,,42.9,
46019,Butte County,SD,61.2,15.8,9.6696
46021,Campbell County,SD,82.4,4.1,3.3783999999999996
46023,Charles Mix County,SD,61.7,18.1,11.167700000000002
46025,Clark County,SD,57.5,6.9,3.9675
46027,Clay County,SD,53.6,9.3,4.984800000000001
46029,Codington County,SD,64.4,6.7,4.314800000000001
46031,Corson County,SD,59.8,18.8,11.2424
46033,Custer County,SD,44.8,10.1,4.5248
46035,Davison County,SD,80.3,7.7,6.1831
46037,Day County,SD,66.2,7.5,4.965
46039,Deuel County,SD,65.3,7.7,5.0281
46041,Dewey County,SD,60.3,23.5,14.170499999999999
46043,Douglas County,SD,72.5,18.8,13.63
46045,Edmunds County,SD,70.4,4.1,2.8864
46047,Fall River County,SD,61.4,15.0,9.21
46049,Faulk County,SD,66.3,4.3,2.8508999999999998
46051,Grant County,SD,64.2,9.9,6.3558
46053,Gregory County,SD,58.1,7.9,4.5899
46055,Haakon County,SD,59,10.6,6.254
46057,Hamlin County,SD,66.8,9.9,6.613200000000001
46059,Hand County,SD,57.9,4.1,2.3739
46061,Hanson County,SD,74.7,8.7,6.4989
46063,Harding County,SD,45.8,3.4,1.5572
46065,Hughes County,SD,52.5,7.1,3.7275
46067,Hutchinson County,SD,63.3,4.2,2.6586000000000003
46069,Hyde County,SD,56.9,6.7,3.8123
46071,Jackson County,SD,84.8,29.2,24.761599999999998
46073,Jerauld County,SD,58.1,6.3,3.6603
46075,Jones County,SD,79.1,11.1,8.7801
46077,Kingsbury County,SD,69.8,6.0,4.188
46079,Lake County,SD,89.9,3.6,3.2364000000000006
46081,Lawrence County,SD,54.2,10.9,5.907800000000001
46083,Lincoln County,SD,42.8,3.7,1.5836
46085,Lyman County,SD,53.9,21.6,11.6424
46087,McCook County,SD,80.8,8.9,7.1912
46089,McPherson County,SD,71.1,5.3,3.7683
46091,Marshall County,SD,57.8,3.4,1.9651999999999998
46093,Meade County,SD,58.4,9.3,5.4312000000000005
46095,Mellette County,SD,89.4,28.2,25.2108
46097,Miner County,SD,76.4,9.2,7.0288
46099,Minnehaha County,SD,81.6,8.1,6.6095999999999995
46101,Moody County,SD,81.5,9.2,7.497999999999999
46102,Oglala Lakota County,SD,25.5,43.5,11.0925
46103,Pennington County,SD,48.7,10.5,5.1135
46105,Perkins County,SD,56.8,8.3,4.7144
46107,Potter County,SD,72.9,7.6,5.5404
46109,Roberts County,SD,62.1,19.9,12.357899999999999
46111,Sanborn County,SD,69.9,6.4,4.473600000000001
46115,Spink County,SD,62.2,7.8,4.8516
46117,Stanley County,SD,54.3,3.7,2.0091
46119,Sully County,SD,57.3,7.9,4.5267
46121,Todd County,SD,100,23.9,23.9
46123,Tripp County,SD,63.1,12.9,8.1399
46125,Turner County,SD,68.2,6.7,4.569400000000001
46127,Union County,SD,54.6,5.2,2.8392
46129,Walworth County,SD,84.6,10.7,9.0522
46135,Yankton County,SD,54.7,6.3,3.4461
46137,Ziebach County,SD,52.1,25.9,13.493899999999998
00046,South Dakota,SD,65.1,,
47001,Anderson County,TN,83.2,8.5,7.072
47003,Bedford County,TN,83.7,13.3,11.132100000000001
47005,Benton County,TN,95.4,9.1,8.6814
47007,Bledsoe County,TN,75.1,17.5,13.1425
47009,Blount County,TN,80.7,9.8,7.908600000000002
47011,Bradley County,TN,86.5,10.3,8.909500000000001
47013,Campbell County,TN,89.1,9.7,8.642699999999998
47015,Cannon County,TN,106.1,10.4,11.0344
47017,Carroll County,TN,91.3,11.0,10.043
47019,Carter County,TN,74.8,12.9,9.6492
47021,Cheatham County,TN,104.2,9.5,9.899
47023,Chester County,TN,94.7,9.3,8.807100000000002
47025,Claiborne County,TN,92.8,9.9,9.1872
47027,Clay County,TN,97.2,9.2,8.9424
47029,Cocke County,TN,96.5,12.9,12.448500000000001
47031,Coffee County,TN,88.2,10.1,8.9082
47033,Crockett County,TN,91.1,11.1,10.1121
47035,Cumberland County,TN,71.7,9.5,6.8115
47037,Davidson County,TN,93.3,12.3,11.4759
47039,Decatur County,TN,86.6,10.4,9.0064
47041,DeKalb County,TN,126.2,8.4,10.600800000000001
47043,Dickson County,TN,81.5,8.6,7.0089999999999995
47045,Dyer County,TN,82.7,9.8,8.1046
47047,Fayette County,TN,89.2,7.9,7.046800000000001
47049,Fentress County,TN,92.4,10.9,10.0716
47051,Franklin County,TN,95.8,8.4,8.0472
47053,Gibson County,TN,86.8,9.8,8.5064
47055,Giles County,TN,84.9,8.7,7.3863
47057,Grainger County,TN,85.1,8.8,7.4888
47059,Greene County,TN,75.5,10.0,7.55
47061,Grundy County,TN,113.5,13.2,14.981999999999998
47063,Hamblen County,TN,80.1,13.6,10.8936
47065,Hamilton County,TN,79.7,9.6,7.6512
47067,Hancock County,TN,99.1,10.5,10.4055
47069,Hardeman County,TN,94.7,8.3,7.860100000000001
47071,Hardin County,TN,88.2,13.2,11.6424
47073,Hawkins County,TN,78.3,10.0,7.83
47075,Haywood County,TN,89.1,11.2,9.979199999999999
47077,Henderson County,TN,93.3,11.7,10.916099999999998
47079,Henry County,TN,91.8,11.3,10.373400000000002
47081,Hickman County,TN,78.9,9.7,7.653300000000001
47083,Houston County,TN,98.1,12.7,12.458699999999999
47085,Humphreys County,TN,86.6,11.0,9.526
47087,Jackson County,TN,106.6,9.0,9.594
47089,Jefferson County,TN,88.8,9.6,8.524799999999999
47091,Johnson County,TN,72,12.5,9.0
47093,Knox County,TN,83.2,8.4,6.988800000000001
47095,Lake County,TN,78.8,15.1,11.8988
47097,Lauderdale County,TN,86.8,10.0,8.68
47099,Lawrence County,TN,86.1,14.9,12.828899999999999
47101,Lewis County,TN,88.6,11.1,9.8346
47103,Lincoln County,TN,91.7,10.5,9.6285
47105,Loudon County,TN,82.6,8.2,6.773199999999999
47107,McMinn County,TN,88.1,10.4,9.1624
47109,McNairy County,TN,99.4,9.7,9.6418
47111,Macon County,TN,102.4,10.9,11.1616
47113,Madison County,TN,93.6,10.2,9.547199999999998
47115,Marion County,TN,87,9.8,8.526
47117,Marshall County,TN,73.7,8.2,6.043399999999999
47119,Maury County,TN,81.2,8.7,7.064399999999999
47121,Meigs County,TN,84.7,11.8,9.994600000000002
47123,Monroe County,TN,92.8,11.9,11.043199999999999
47125,Montgomery County,TN,102.5,8.9,9.1225
47127,Moore County,TN,85.6,6.1,5.2216
47129,Morgan County,TN,81,10.3,8.343
47131,Obion County,TN,76.6,8.5,6.510999999999999
47133,Overton County,TN,100.3,8.0,8.024
47135,Perry County,TN,90.4,16.1,14.554400000000003
47137,Pickett County,TN,91.8,6.8,6.2424
47139,Polk County,TN,92,15.7,14.443999999999999
47141,Putnam County,TN,102.1,9.5,9.699499999999999
47143,Rhea County,TN,85.3,11.4,9.7242
47145,Roane County,TN,81.5,7.6,6.194
47147,Robertson County,TN,103.2,9.6,9.9072
47149,Rutherford County,TN,85,9.8,8.330000000000002
47151,Scott County,TN,90,11.1,9.99
47153,Sequatchie County,TN,78.9,12.4,9.783600000000002
47155,Sevier County,TN,87.4,13.3,11.6242
47157,Shelby County,TN,99.9,12.1,12.0879
47159,Smith County,TN,117.8,8.5,10.013
47161,Stewart County,TN,96.1,9.4,9.0334
47163,Sullivan County,TN,76.7,9.1,6.9797
47165,Sumner County,TN,98.4,7.6,7.478400000000001
47167,Tipton County,TN,93.3,8.8,8.2104
47169,Trousdale County,TN,93.5,7.2,6.732
47171,Unicoi County,TN,74.8,9.0,6.731999999999999
47173,Union County,TN,84.9,8.2,6.961799999999999
47175,Van Buren County,TN,101.9,14.5,14.775500000000001
47177,Warren County,TN,150.7,11.2,16.878399999999996
47179,Washington County,TN,75.7,10.5,7.9485
47181,Wayne County,TN,85.8,13.0,11.153999999999998
47183,Weakley County,TN,83.9,9.3,7.802700000000001
47185,White County,TN,105.2,11.4,11.992799999999999
47187,Williamson County,TN,65.5,4.2,2.7510000000000003
47189,Wilson County,TN,89.1,7.0,6.236999999999999
00047,Tennessee,TN,88.1,,
48001,Anderson County,TX,126.8,18.3,23.2044
48003,Andrews County,TX,89.9,22.4,20.1376
48005,Angelina County,TX,98,18.0,17.64
48007,Aransas County,TX,89.2,13.7,12.2204
48009,Archer County,TX,97.4,17.0,16.558000000000003
48011,Armstrong County,TX,76.6,7.4,5.6684
48013,Atascosa County,TX,95.4,21.4,20.415599999999998
48015,Austin County,TX,74.7,15.1,11.2797
48017,Bailey County,TX,93.4,33.7,31.475800000000003
48019,Bandera County,TX,86.4,12.1,10.4544
48021,Bastrop County,TX,70.9,20.9,14.8181
48023,Baylor County,TX,95.4,21.5,20.511
48025,Bee County,TX,104.3,18.1,18.878300000000003
48027,Bell County,TX,89,14.4,12.816
48029,Bexar County,TX,92.4,15.9,14.691600000000001
48031,Blanco County,TX,67,16.1,10.787
48033,Borden County,TX,97.1,1.4,1.3593999999999997
48035,Bosque County,TX,88.1,17.8,15.6818
48037,Bowie County,TX,117.5,15.4,18.095
48039,Brazoria County,TX,77.8,12.8,9.958400000000001
48041,Brazos County,TX,59.4,11.9,7.0686
48043,Brewster County,TX,63.3,10.6,6.709799999999999
48045,Briscoe County,TX,90.1,18.1,16.3081
48047,Brooks County,TX,93.2,23.1,21.5292
48049,Brown County,TX,82.8,17.8,14.738399999999999
48051,Burleson County,TX,71.4,12.4,8.853600000000002
48053,Burnet County,TX,82.2,16.2,13.316400000000002
48055,Caldwell County,TX,76.2,25.1,19.1262
48057,Calhoun County,TX,90.5,10.4,9.412
48059,Callahan County,TX,66.4,16.2,10.7568
48061,Cameron County,TX,72.3,26.7,19.3041
48063,Camp County,TX,96,22.4,21.503999999999998
48065,Carson County,TX,75.9,13.1,9.942900000000002
48067,Cass County,TX,115.4,12.3,14.1942
48069,Castro County,TX,73.4,21.4,15.7076
48071,Chambers County,TX,83.4,16.3,13.5942
48073,Cherokee County,TX,93.7,20.4,19.1148
48075,Childress County,TX,85.5,13.4,11.457
48077,Clay County,TX,98.4,18.0,17.712
48079,Cochran County,TX,84.7,21.1,17.8717
48081,Coke County,TX,82.3,12.5,10.2875
48083,Coleman County,TX,102.6,27.3,28.0098
48085,Collin County,TX,69.2,9.9,6.8508000000000004
48087,Collingsworth County,TX,81.5,23.0,18.745
48089,Colorado County,TX,98.3,14.0,13.762
48091,Comal County,TX,60.3,10.9,6.5727
48093,Comanche County,TX,80.6,17.9,14.427399999999999
48095,Concho County,TX,82.9,10.0,8.29
48097,Cooke County,TX,98.1,16.0,15.696
48099,Coryell County,TX,88.2,11.9,10.495800000000001
48101,Cottle County,TX,112.8,8.9,10.0392
48103,Crane County,TX,97.4,23.0,22.402
48105,Crockett County,TX,102.7,13.4,13.761800000000001
48107,Crosby County,TX,102.8,21.7,22.307599999999997
48109,Culberson County,TX,59.8,28.1,16.803800000000003
48111,Dallam County,TX,56.7,36.3,20.5821
48113,Dallas County,TX,85.9,21.6,18.5544
48115,Dawson County,TX,94.2,22.4,21.1008
48117,Deaf Smith County,TX,70.2,20.4,14.320799999999998
48119,Delta County,TX,94.4,7.7,7.2688000000000015
48121,Denton County,TX,68.4,10.8,7.387200000000002
48123,DeWitt County,TX,89.2,17.5,15.61
48125,Dickens County,TX,120.5,12.1,14.580499999999999
48127,Dimmit County,TX,98.6,17.5,17.255
48129,Donley County,TX,84.9,13.2,11.206800000000001
48131,Duval County,TX,100.8,22.0,22.176
48133,Eastland County,TX,83.3,15.9,13.2447
48135,Ector County,TX,96.6,21.6,20.8656
48137,Edwards County,TX,86.4,24.0,20.736000000000004
48139,Ellis County,TX,88.1,15.6,13.743599999999999
48141,El Paso County,TX,57,21.9,12.482999999999999
48143,Erath County,TX,81.8,16.1,13.1698
48145,Falls County,TX,93.1,16.2,15.082199999999998
48147,Fannin County,TX,86.9,14.8,12.861200000000002
48149,Fayette County,TX,80.2,10.3,8.2606
48151,Fisher County,TX,78.2,12.0,9.384
48153,Floyd County,TX,96,24.2,23.232
48155,Foard County,TX,108,13.8,14.904000000000002
48157,Fort Bend County,TX,66.8,11.9,7.949199999999999
48159,Franklin County,TX,93.6,16.6,15.5376
48161,Freestone County,TX,84.7,12.4,10.5028
48163,Frio County,TX,106.6,15.5,16.523
48165,Gaines County,TX,86.1,32.4,27.8964
48167,Galveston County,TX,82.2,13.8,11.343600000000002
48169,Garza County,TX,100.1,17.2,17.2172
48171,Gillespie County,TX,65.3,15.5,10.1215
48173,Glasscock County,TX,88.2,22.9,20.1978
48175,Goliad County,TX,95,12.9,12.255
48177,Gonzales County,TX,71.6,16.4,11.742399999999998
48179,Gray County,TX,82,18.2,14.924
48181,Grayson County,TX,91.7,15.7,14.3969
48183,Gregg County,TX,96,17.0,16.32
48185,Grimes County,TX,73.9,20.4,15.0756
48187,Guadalupe County,TX,69.3,10.9,7.5537
48189,Hale County,TX,96.8,23.5,22.747999999999998
48191,Hall County,TX,100.4,18.5,18.574
48193,Hamilton County,TX,76.8,14.8,11.3664
48195,Hansford County,TX,65.3,19.0,12.407
48197,Hardeman County,TX,89.9,16.7,15.0133
48199,Hardin County,TX,85.6,15.9,13.6104
48201,Harris County,TX,82.4,21.2,17.4688
48203,Harrison County,TX,82.4,14.6,12.0304
48205,Hartley County,TX,76.3,14.1,10.758299999999998
48207,Haskell County,TX,68,17.3,11.764000000000001
48209,Hays County,TX,77.4,11.9,9.210600000000001
48211,Hemphill County,TX,67.5,17.9,12.0825
48213,Henderson County,TX,91.5,17.8,16.287
48215,Hidalgo County,TX,63,29.7,18.711
48217,Hill County,TX,90.4,17.7,16.000799999999998
48219,Hockley County,TX,99.4,18.6,18.488400000000002
48221,Hood County,TX,83,15.2,12.616
48223,Hopkins County,TX,95.1,18.8,17.8788
48225,Houston County,TX,107.1,13.8,14.7798
48227,Howard County,TX,89.9,14.2,12.765799999999999
48229,Hudspeth County,TX,57.6,33.6,19.3536
48231,Hunt County,TX,90.2,16.3,14.702600000000002
48233,Hutchinson County,TX,78.2,14.5,11.339
48235,Irion County,TX,87.7,14.6,12.804200000000002
48237,Jack County,TX,94.8,19.3,18.296400000000002
48239,Jackson County,TX,88.8,17.0,15.095999999999998
48241,Jasper County,TX,97.2,18.7,18.176399999999997
48243,Jeff Davis County,TX,57.6,19.3,11.116800000000001
48245,Jefferson County,TX,93.1,21.3,19.8303
48247,Jim Hogg County,TX,101.8,31.3,31.863400000000002
48249,Jim Wells County,TX,100.6,21.3,21.427799999999998
48251,Johnson County,TX,89.7,16.4,14.710799999999999
48253,Jones County,TX,75,18.2,13.65
48255,Karnes County,TX,109.5,16.4,17.958
48257,Kaufman County,TX,85.5,14.1,12.0555
48259,Kendall County,TX,66.2,11.3,7.480600000000001
48261,Kenedy County,TX,66.6,0.0,0.0
48263,Kent County,TX,102.3,3.9,3.9896999999999996
48265,Kerr County,TX,67.4,17.8,11.997200000000003
48267,Kimble County,TX,79.3,14.7,11.657099999999998
48269,King County,TX,99.3,3.7,3.6741
48271,Kinney County,TX,96.6,17.2,16.615199999999998
48273,Kleberg County,TX,99.2,17.0,16.864
48275,Knox County,TX,73.1,18.0,13.158
48277,Lamar County,TX,89.2,19.0,16.948
48279,Lamb County,TX,97.6,25.5,24.887999999999998
48281,Lampasas County,TX,87.8,13.0,11.413999999999998
48283,La Salle County,TX,92.3,18.9,17.444699999999997
48285,Lavaca County,TX,87.5,11.1,9.7125
48287,Lee County,TX,74.5,17.6,13.112
48289,Leon County,TX,76.8,16.4,12.595199999999998
48291,Liberty County,TX,96,25.6,24.576000000000004
48293,Limestone County,TX,90,18.0,16.2
48295,Lipscomb County,TX,52.3,18.2,9.5186
48297,Live Oak County,TX,108.4,18.1,19.620400000000004
48299,Llano County,TX,70.1,15.3,10.725299999999999
48301,Loving County,TX,,0.0,
48303,Lubbock County,TX,99.1,13.7,13.576699999999999
48305,Lynn County,TX,98,14.5,14.21
48307,McCulloch County,TX,89.4,19.7,17.611800000000002
48309,McLennan County,TX,95.6,13.8,13.1928
48311,McMullen County,TX,83.4,18.0,15.012
48313,Madison County,TX,67.5,14.9,10.0575
48315,Marion County,TX,99,14.3,14.157
48317,Martin County,TX,86.9,15.5,13.4695
48319,Mason County,TX,67.3,14.2,9.5566
48321,Matagorda County,TX,90.1,17.9,16.127899999999997
48323,Maverick County,TX,94.5,24.6,23.247000000000003
48325,Medina County,TX,89.6,12.7,11.379199999999999
48327,Menard County,TX,79.6,21.8,17.3528
48329,Midland County,TX,86.3,15.3,13.2039
48331,Milam County,TX,82.2,16.6,13.645200000000003
48333,Mills County,TX,82.8,12.4,10.2672
48335,Mitchell County,TX,88,20.4,17.951999999999998
48337,Montague County,TX,108.3,16.1,17.436300000000003
48339,Montgomery County,TX,73.9,14.7,10.863299999999999
48341,Moore County,TX,79,19.9,15.720999999999998
48343,Morris County,TX,107.6,13.1,14.0956
48345,Motley County,TX,112,19.9,22.287999999999997
48347,Nacogdoches County,TX,97.9,15.3,14.978700000000002
48349,Navarro County,TX,82.3,18.7,15.3901
48351,Newton County,TX,108.6,21.1,22.9146
48353,Nolan County,TX,78.8,15.5,12.213999999999999
48355,Nueces County,TX,99.4,17.6,17.494400000000002
48357,Ochiltree County,TX,57.7,21.9,12.636299999999999
48359,Oldham County,TX,74.7,15.1,11.2797
48361,Orange County,TX,107.8,16.1,17.355800000000002
48363,Palo Pinto County,TX,85.3,20.1,17.1453
48365,Panola County,TX,103.5,17.9,18.5265
48367,Parker County,TX,89.2,13.0,11.596000000000002
48369,Parmer County,TX,70.5,22.7,16.0035
48371,Pecos County,TX,68,14.7,9.995999999999999
48373,Polk County,TX,173.9,15.8,27.476200000000002
48375,Potter County,TX,80.2,20.5,16.441000000000003
48377,Presidio County,TX,61.8,26.7,16.5006
48379,Rains County,TX,91.2,14.5,13.224
48381,Randall County,TX,72.5,10.4,7.54
48383,Reagan County,TX,101.8,17.0,17.305999999999997
48385,Real County,TX,83.6,16.8,14.0448
48387,Red River County,TX,101.7,15.4,15.661800000000001
48389,Reeves County,TX,55.7,20.2,11.2514
48391,Refugio County,TX,94.9,16.7,15.8483
48393,Roberts County,TX,76.4,12.7,9.7028
48395,Robertson County,TX,74.5,11.9,8.8655
48397,Rockwall County,TX,69.5,9.1,6.3245
48399,Runnels County,TX,82.1,15.0,12.315
48401,Rusk County,TX,97.7,14.0,13.677999999999999
48403,Sabine County,TX,102.6,14.1,14.466599999999998
48405,San Augustine County,TX,99.8,20.0,19.96
48407,San Jacinto County,TX,93.7,19.6,18.3652
48409,San Patricio County,TX,97.6,18.1,17.665599999999998
48411,San Saba County,TX,83.2,25.7,21.382400000000004
48413,Schleicher County,TX,82.4,25.3,20.8472
48415,Scurry County,TX,91.4,19.0,17.366
48417,Shackelford County,TX,71.1,13.6,9.669599999999999
48419,Shelby County,TX,104.2,19.2,20.0064
48421,Sherman County,TX,59.2,15.3,9.0576
48423,Smith County,TX,92.9,16.7,15.5143
48425,Somervell County,TX,80.3,11.1,8.9133
48427,Starr County,TX,83.6,31.3,26.1668
48429,Stephens County,TX,94.3,14.4,13.5792
48431,Sterling County,TX,87.4,25.8,22.5492
48433,Stonewall County,TX,73.8,14.2,10.479599999999998
48435,Sutton County,TX,85.9,17.9,15.3761
48437,Swisher County,TX,76.2,22.2,16.9164
48439,Tarrant County,TX,90.7,16.6,15.0562
48441,Taylor County,TX,78.9,14.5,11.440500000000002
48443,Terrell County,TX,77.1,10.5,8.0955
48445,Terry County,TX,95.5,23.2,22.156
48447,Throckmorton County,TX,82.2,24.4,20.0568
48449,Titus County,TX,104.6,21.2,22.1752
48451,Tom Green County,TX,80.1,14.5,11.614499999999998
48453,Travis County,TX,69.3,12.2,8.4546
48455,Trinity County,TX,139.2,15.7,21.854399999999995
48457,Tyler County,TX,93.9,17.1,16.056900000000002
48459,Upshur County,TX,90.6,13.2,11.9592
48461,Upton County,TX,99.7,14.8,14.755600000000001
48463,Uvalde County,TX,98.5,20.1,19.7985
48465,Val Verde County,TX,87.1,19.4,16.897399999999998
48467,Van Zandt County,TX,90.9,18.2,16.5438
48469,Victoria County,TX,90.1,16.8,15.136800000000001
48471,Walker County,TX,92.4,14.8,13.675200000000002
48473,Waller County,TX,84,20.6,17.304000000000002
48475,Ward County,TX,83.6,16.0,13.376
48477,Washington County,TX,77.6,15.1,11.7176
48479,Webb County,TX,72.8,28.4,20.6752
48481,Wharton County,TX,104.9,16.5,17.308500000000002
48483,Wheeler County,TX,75.9,19.6,14.876400000000004
48485,Wichita County,TX,95.3,15.2,14.4856
48487,Wilbarger County,TX,94.6,10.6,10.0276
48489,Willacy County,TX,71,26.5,18.815
48491,Williamson County,TX,73,9.5,6.935
48493,Wilson County,TX,86.4,11.3,9.763200000000001
48495,Winkler County,TX,88.3,18.0,15.893999999999998
48497,Wise County,TX,103.5,15.0,15.525
48499,Wood County,TX,91.5,15.2,13.908
48501,Yoakum County,TX,81.9,21.2,17.3628
48503,Young County,TX,87.6,20.2,17.695199999999996
48505,Zapata County,TX,78.1,27.7,21.633699999999997
48507,Zavala County,TX,101.7,13.1,13.3227
00048,Texas,TX,82,,
00000,United States,US,77.5,,
49001,Beaver County,UT,65.4,19.9,13.0146
49003,Box Elder County,UT,67.1,7.9,5.3009
49005,Cache County,UT,67.7,6.8,4.6036
49007,Carbon County,UT,67,7.7,5.159
49009,Daggett County,UT,52.9,6.3,3.3327
49011,Davis County,UT,67.9,5.9,4.006100000000001
49013,Duchesne County,UT,64.7,11.9,7.699300000000001
49015,Emery County,UT,61.8,7.2,4.4496
49017,Garfield County,UT,64.7,12.3,7.958100000000001
49019,Grand County,UT,66.5,12.6,8.379
49021,Iron County,UT,59.9,9.3,5.5707
49023,Juab County,UT,67.4,7.0,4.718000000000001
49025,Kane County,UT,72.6,7.8,5.6628
49027,Millard County,UT,65.5,11.5,7.5325
49029,Morgan County,UT,67.3,5.0,3.365
49031,Piute County,UT,63.8,9.7,6.188599999999999
49033,Rich County,UT,67.9,7.3,4.9567000000000005
49035,Salt Lake County,UT,67.3,9.6,6.460799999999999
49037,San Juan County,UT,65.8,18.3,12.041400000000001
49039,Sanpete County,UT,67,11.0,7.37
49041,Sevier County,UT,65,8.5,5.525
49043,Summit County,UT,55.9,7.0,3.9130000000000003
49045,Tooele County,UT,67.3,6.3,4.2399
49047,Uintah County,UT,59.8,13.4,8.0132
49049,Utah County,UT,67.5,7.7,5.1975
49051,Wasatch County,UT,67,7.6,5.092
49053,Washington County,UT,47.7,11.9,5.6763
49055,Wayne County,UT,59.4,11.2,6.6528
49057,Weber County,UT,67.3,8.7,5.855099999999998
00049,Utah,UT,63.7,,
51001,Accomack County,VA,101.3,9.3,9.4209
51003,Albemarle County,VA,67.9,5.4,3.6666000000000007
51005,Alleghany County,VA,78.7,6.8,5.3515999999999995
51007,Amelia County,VA,83.8,6.8,5.6983999999999995
51009,Amherst County,VA,95.5,6.3,6.0165
51011,Appomattox County,VA,84.3,8.8,7.4184
51013,Arlington County,VA,51.3,5.3,2.7188999999999997
51015,Augusta County,VA,63.6,7.1,4.5156
51017,Bath County,VA,63.7,2.9,1.8473
51019,Bedford County County,VA,87.4,6.0,5.244000000000001
51021,Bland County,VA,86.6,2.7,2.3382
51023,Botetourt County,VA,93.2,4.5,4.194
51025,Brunswick County,VA,86.7,6.3,5.4621
51027,Buchanan County,VA,79.8,5.7,4.5486
51029,Buckingham County,VA,67.2,9.6,6.4512
51031,Campbell County,VA,85.3,5.0,4.265
51033,Caroline County,VA,68.8,6.6,4.5408
51035,Carroll County,VA,93.9,8.8,8.263200000000001
51036,Charles City County,VA,77.9,5.1,3.9729
51037,Charlotte County,VA,111,5.9,6.549000000000001
51041,Chesterfield County,VA,77.8,6.9,5.368200000000001
51043,Clarke County,VA,120.2,5.9,7.091800000000001
51045,Craig County,VA,92.4,2.8,2.5872
51047,Culpeper County,VA,82.4,11.1,9.1464
51049,Cumberland County,VA,76,5.5,4.18
51051,Dickenson County,VA,94.1,4.6,4.3286
51053,Dinwiddie County,VA,72.2,6.5,4.6930000000000005
51057,Essex County,VA,68.8,10.1,6.9488
51059,Fairfax County County,VA,53.8,7.4,3.9812
51061,Fauquier County,VA,107.9,7.5,8.0925
51063,Floyd County,VA,90.4,7.2,6.508800000000001
51065,Fluvanna County,VA,61.3,7.4,4.5362
51067,Franklin County County,VA,92.4,6.6,6.098400000000001
51069,Frederick County,VA,98,7.3,7.154
51071,Giles County,VA,84,7.8,6.552
51073,Gloucester County,VA,82.1,4.0,3.284
51075,Goochland County,VA,69.2,2.4,1.6608
51077,Grayson County,VA,88.5,8.6,7.611000000000001
51079,Greene County,VA,72.2,7.3,5.270600000000001
51081,Greensville County,VA,157.9,6.2,9.7898
51083,Halifax County,VA,102.5,8.8,9.020000000000001
51085,Hanover County,VA,68,4.2,2.8560000000000003
51087,Henrico County,VA,78.1,6.6,5.154599999999999
51089,Henry County,VA,116.2,6.1,7.0882
51091,Highland County,VA,62.1,7.2,4.4712
51093,Isle of Wight County,VA,102.5,4.2,4.305
51095,James City County,VA,85.3,4.2,3.5826
51097,King and Queen County,VA,81.1,5.0,4.055
51099,King George County,VA,68.1,3.8,2.5877999999999997
51101,King William County,VA,75,4.6,3.45
51103,Lancaster County,VA,78.7,6.1,4.8007
51105,Lee County,VA,68.4,9.4,6.429600000000001
51107,Loudoun County,VA,47.2,5.1,2.4072
51109,Louisa County,VA,65.2,6.4,4.1728000000000005
51111,Lunenburg County,VA,107.6,9.3,10.0068
51113,Madison County,VA,82,5.3,4.346
51115,Mathews County,VA,92.3,7.4,6.8302
51117,Mecklenburg County,VA,103.4,6.7,6.927800000000001
51119,Middlesex County,VA,83.7,6.5,5.440500000000001
51121,Montgomery County,VA,83.4,5.0,4.17
51125,Nelson County,VA,73.2,7.7,5.6364
51127,New Kent County,VA,77.5,3.8,2.945
51131,Northampton County,VA,89.9,8.2,7.3717999999999995
51133,Northumberland County,VA,78.2,6.6,5.1612
51135,Nottoway County,VA,91.6,10.8,9.8928
51137,Orange County,VA,70.8,6.5,4.602
51139,Page County,VA,91.6,8.6,7.877599999999998
51141,Patrick County,VA,101.9,5.6,5.7063999999999995
51143,Pittsylvania County,VA,87.9,5.5,4.8345
51145,Powhatan County,VA,72.7,4.8,3.4896
51147,Prince Edward County,VA,99,6.1,6.039
51149,Prince George County,VA,74.3,3.9,2.8977
51153,Prince William County,VA,63.2,10.1,6.3832
51155,Pulaski County,VA,88.1,5.8,5.1098
51157,Rappahannock County,VA,106.9,10.6,11.3314
51159,Richmond County County,VA,74.6,6.8,5.0728
51161,Roanoke County County,VA,100.5,4.4,4.422000000000001
51163,Rockbridge County,VA,70.5,5.3,3.7365
51165,Rockingham County,VA,72.9,9.7,7.0713
51167,Russell County,VA,76.2,4.7,3.5814000000000004
51169,Scott County,VA,64.6,6.1,3.9405999999999994
51171,Shenandoah County,VA,95.2,6.9,6.568800000000001
51173,Smyth County,VA,80.5,5.3,4.2665
51175,Southampton County,VA,107.9,5.2,5.6108
51177,Spotsylvania County,VA,70.5,6.7,4.7235000000000005
51179,Stafford County,VA,69.9,6.7,4.6833
51181,Surry County,VA,90.1,3.7,3.3337
51183,Sussex County,VA,99.1,5.1,5.054099999999999
51185,Tazewell County,VA,79.3,4.7,3.7270999999999996
51187,Warren County,VA,106.4,9.7,10.320799999999998
51191,Washington County,VA,76.3,7.2,5.4936
51193,Westmoreland County,VA,66,7.5,4.95
51195,Wise County,VA,92.6,6.6,6.111599999999999
51197,Wythe County,VA,83.9,6.0,5.034000000000001
51199,York County,VA,83.8,3.7,3.1006
51510,Alexandria City,VA,62.8,8.7,5.463599999999999
51520,Bristol City,VA,79.7,11.2,8.9264
51530,Buena Vista City,VA,59.4,5.1,3.0294
51540,Charlottesville City,VA,64.6,5.8,3.7467999999999995
51550,Chesapeake City,VA,103,6.6,6.797999999999999
51570,Colonial Heights City,VA,81.5,7.4,6.031000000000001
51580,Covington City,VA,84.7,6.4,5.420800000000001
51590,Danville City,VA,89.9,9.0,8.091000000000001
51595,Emporia City,VA,175.2,3.9,6.8328
51600,Fairfax City,VA,61.7,7.4,4.5658
51610,Falls Church City,VA,62.7,1.4,0.8778
51620,Franklin City,VA,150.4,3.5,5.263999999999999
51630,Fredericksburg City,VA,69.9,7.9,5.5221
51640,Galax City,VA,92.9,7.4,6.8746
51650,Hampton City,VA,97.1,6.9,6.6999
51660,Harrisonburg City,VA,87.3,10.2,8.904599999999999
51670,Hopewell City,VA,100.2,6.6,6.613199999999999
51678,Lexington City,VA,79.9,2.1,1.6779000000000002
51680,Lynchburg City,VA,104.9,6.5,6.8185
51683,Manassas City,VA,86.8,20.1,17.4468
51685,Manassas Park City,VA,54.7,21.5,11.7605
51690,Martinsville City,VA,182.5,8.7,15.877499999999998
51700,Newport News City,VA,94.5,8.7,8.221499999999999
51710,Norfolk City,VA,104.8,9.1,9.5368
51720,Norton City,VA,96.5,8.5,8.2025
51730,Petersburg City,VA,97.6,8.2,8.0032
51735,Poquoson City,VA,91.7,2.8,2.5676
51740,Portsmouth City,VA,106.3,6.6,7.0158
51750,Radford City,VA,88.7,6.2,5.4994000000000005
51760,Richmond City,VA,92.3,9.8,9.0454
51770,Roanoke City,VA,106.7,9.6,10.2432
51775,Salem City,VA,106.8,5.5,5.874
51790,Staunton City,VA,86.9,7.2,6.256800000000001
51800,Suffolk City,VA,99.7,6.2,6.1814
51810,Virginia Beach City,VA,102.5,6.5,6.6625
51820,Waynesboro City,VA,65.3,9.2,6.007599999999999
51830,Williamsburg City,VA,75.9,5.1,3.8709
51840,Winchester City,VA,116.6,11.4,13.2924
00051,Virginia,VA,80.7,,
78010,Saint Croix (County Equivalent) County,VI,,,
78020,Saint John (County Equivalent) County,VI,,,
78030,Saint Thomas (County Equivalent) County,VI,,,
00078,Virgin Islands of the U.S.,VI,76,,
50001,Addison County,VT,47.8,4.6,2.1988
50003,Bennington County,VT,60.7,5.0,3.035
50005,Caledonia County,VT,56.4,4.1,2.3124
50007,Chittenden County,VT,52.2,3.3,1.7226
50009,Essex County,VT,60.2,5.8,3.4916
50011,Franklin County,VT,50.4,3.9,1.9656
50013,Grand Isle County,VT,53.8,3.9,2.0982
50015,Lamoille County,VT,50.5,6.1,3.0804999999999993
50017,Orange County,VT,58,5.2,3.016
50019,Orleans County,VT,53.4,3.8,2.0292
50021,Rutland County,VT,48,4.0,1.92
50023,Washington County,VT,49.6,2.9,1.4384000000000001
50025,Windham County,VT,65.6,3.8,2.4928
50027,Windsor County,VT,72.3,4.2,3.0366000000000004
00050,Vermont,VT,54.6,,
53001,Adams County,WA,73.8,15.9,11.734200000000001
53003,Asotin County,WA,73.1,5.8,4.2398
53005,Benton County,WA,72.8,7.5,5.46
53007,Chelan County,WA,58.5,11.3,6.610500000000001
53009,Clallam County,WA,63.5,6.5,4.1275
53011,Clark County,WA,103.5,6.8,7.037999999999999
53013,Columbia County,WA,69.3,8.8,6.098400000000001
53015,Cowlitz County,WA,117.7,6.1,7.1797
53017,Douglas County,WA,65,12.4,8.06
53019,Ferry County,WA,85.8,5.5,4.718999999999999
53021,Franklin County,WA,75.1,13.2,9.913199999999998
53023,Garfield County,WA,65.3,4.2,2.7426
53025,Grant County,WA,71.8,13.3,9.5494
53027,Grays Harbor County,WA,79.9,7.2,5.752800000000001
53029,Island County,WA,61.3,4.1,2.5132999999999996
53031,Jefferson County,WA,67,4.1,2.747
53033,King County,WA,57.1,5.2,2.9692000000000003
53035,Kitsap County,WA,73.6,5.3,3.9008
53037,Kittitas County,WA,60,5.4,3.24
53039,Klickitat County,WA,70.7,6.5,4.5955
53041,Lewis County,WA,89.5,7.1,6.354499999999999
53043,Lincoln County,WA,72.2,3.1,2.2382000000000004
53045,Mason County,WA,71.5,7.2,5.148000000000001
53047,Okanogan County,WA,66.2,13.9,9.2018
53049,Pacific County,WA,79.6,5.4,4.2984
53051,Pend Oreille County,WA,70.6,6.4,4.5184
53053,Pierce County,WA,94,6.1,5.734
53055,San Juan County,WA,54.5,6.8,3.7059999999999995
53057,Skagit County,WA,63.2,6.6,4.1712
53059,Skamania County,WA,83.6,6.1,5.099599999999999
53061,Snohomish County,WA,59.7,6.1,3.6417
53063,Spokane County,WA,71.6,5.0,3.58
53065,Stevens County,WA,72.1,6.7,4.8307
53067,Thurston County,WA,71.8,5.0,3.59
53069,Wahkiakum County,WA,95.7,4.8,4.5936
53071,Walla Walla County,WA,74.1,8.0,5.928
53073,Whatcom County,WA,64.5,5.6,3.612
53075,Whitman County,WA,68.2,5.4,3.6828000000000003
53077,Yakima County,WA,63.9,13.0,8.306999999999999
00053,Washington,WA,70.7,,
55001,Adams County,WI,71,5.2,3.6919999999999997
55003,Ashland County,WI,48.6,6.4,3.1104000000000003
55005,Barron County,WI,56,6.7,3.752
55007,Bayfield County,WI,48.3,5.9,2.8497000000000003
55009,Brown County,WI,60.1,5.5,3.3055000000000003
55011,Buffalo County,WI,65,4.8,3.12
55013,Burnett County,WI,57.2,6.3,3.6036
55015,Calumet County,WI,58.8,2.7,1.5876
55017,Chippewa County,WI,59.7,4.7,2.8059000000000003
55019,Clark County,WI,69.9,21.3,14.888700000000002
55021,Columbia County,WI,74.7,4.6,3.4362
55023,Crawford County,WI,66.4,6.8,4.5152
55025,Dane County,WI,53.3,3.6,1.9188
55027,Dodge County,WI,78.8,4.0,3.1519999999999997
55029,Door County,WI,49.6,3.8,1.8847999999999998
55031,Douglas County,WI,63.9,4.7,3.0033
55033,Dunn County,WI,60.1,4.9,2.9449
55035,Eau Claire County,WI,60.4,6.4,3.8656
55037,Florence County,WI,76.5,6.7,5.125500000000001
55039,Fond du Lac County,WI,64.5,3.7,2.3865
55041,Forest County,WI,73.5,8.0,5.88
55043,Grant County,WI,62.5,7.5,4.6875
55045,Green County,WI,69.9,4.2,2.9358000000000004
55047,Green Lake County,WI,69.8,9.0,6.281999999999999
55049,Iowa County,WI,56.1,3.4,1.9074
55051,Iron County,WI,60.1,5.9,3.5459000000000005
55053,Jackson County,WI,71.9,7.8,5.6082
55055,Jefferson County,WI,77.6,4.6,3.5695999999999994
55057,Juneau County,WI,72.1,6.7,4.8307
55059,Kenosha County,WI,79.1,6.2,4.9041999999999994
55061,Kewaunee County,WI,56.8,4.1,2.3287999999999998
55063,La Crosse County,WI,74,4.6,3.404
55065,Lafayette County,WI,67.1,10.7,7.1796999999999995
55067,Langlade County,WI,75.2,5.0,3.76
55069,Lincoln County,WI,73,4.9,3.5770000000000004
55071,Manitowoc County,WI,57.2,4.4,2.5168000000000004
55073,Marathon County,WI,73.2,6.0,4.392
55075,Marinette County,WI,71.3,4.3,3.0658999999999996
55077,Marquette County,WI,72.6,5.5,3.9929999999999994
55078,Menominee County,WI,77.3,22.5,17.3925
55079,Milwaukee County,WI,80.3,7.1,5.7013
55081,Monroe County,WI,75.8,8.9,6.7462
55083,Oconto County,WI,70.7,3.6,2.5452
55085,Oneida County,WI,66.9,4.8,3.2112
55087,Outagamie County,WI,60.1,4.4,2.6444000000000005
55089,Ozaukee County,WI,62.9,2.4,1.5095999999999998
55091,Pepin County,WI,59.9,7.6,4.5524
55093,Pierce County,WI,67.8,3.2,2.1696
55095,Polk County,WI,64.5,6.1,3.9345
55097,Portage County,WI,72.1,5.0,3.605
55099,Price County,WI,62.7,5.9,3.6993000000000005
55101,Racine County,WI,86.7,5.7,4.9419
55103,Richland County,WI,65.4,8.2,5.3628
55105,Rock County,WI,77.6,5.2,4.0352
55107,Rusk County,WI,55.1,6.4,3.5264000000000006
55109,St. Croix County,WI,68.2,3.7,2.5234000000000005
55111,Sauk County,WI,59.1,6.4,3.7824
55113,Sawyer County,WI,52.5,6.4,3.36
55115,Shawano County,WI,67.4,6.2,4.178800000000001
55117,Sheboygan County,WI,59.3,4.2,2.4906
55119,Taylor County,WI,70.4,7.3,5.139200000000001
55121,Trempealeau County,WI,69.4,8.3,5.760200000000001
55123,Vernon County,WI,70.9,14.7,10.4223
55125,Vilas County,WI,66.7,6.2,4.135400000000001
55127,Walworth County,WI,72.7,5.7,4.1439
55129,Washburn County,WI,73.9,5.7,4.2123
55131,Washington County,WI,70,3.1,2.17
55133,Waukesha County,WI,70.8,3.0,2.1239999999999997
55135,Waupaca County,WI,65.2,5.9,3.8468000000000004
55137,Waushara County,WI,65.1,8.5,5.533499999999999
55139,Winnebago County,WI,61.2,4.8,2.9375999999999998
55141,Wood County,WI,73.4,4.5,3.303
00055,Wisconsin,WI,68.5,,
54001,Barbour County,WV,66,5.9,3.894
54003,Berkeley County,WV,90.4,6.2,5.6048
54005,Boone County,WV,84.9,5.5,4.6695
54007,Braxton County,WV,102.7,9.6,9.8592
54009,Brooke County,WV,71.4,6.4,4.5696
54011,Cabell County,WV,109,7.2,7.848000000000001
54013,Calhoun County,WV,82.9,11.4,9.450600000000001
54015,Clay County,WV,90,5.4,4.86
54017,Doddridge County,WV,62.8,8.3,5.2124
54019,Fayette County,WV,80.6,8.4,6.7703999999999995
54021,Gilmer County,WV,75.7,8.1,6.1316999999999995
54023,Grant County,WV,63.4,5.0,3.17
54025,Greenbrier County,WV,77.7,6.3,4.8951
54027,Hampshire County,WV,81.9,8.8,7.207200000000001
54029,Hancock County,WV,72.3,8.2,5.928599999999999
54031,Hardy County,WV,74,6.7,4.958
54033,Harrison County,WV,62.3,7.0,4.361
54035,Jackson County,WV,95.6,6.2,5.9272
54037,Jefferson County,WV,87,6.1,5.3069999999999995
54039,Kanawha County,WV,86.8,4.7,4.0796
54041,Lewis County,WV,76.3,6.6,5.035799999999999
54043,Lincoln County,WV,101.5,5.1,5.1765
54045,Logan County,WV,74.8,6.8,5.0864
54047,McDowell County,WV,78.7,7.7,6.0599
54049,Marion County,WV,62.2,6.4,3.9808000000000003
54051,Marshall County,WV,72.8,5.7,4.1495999999999995
54053,Mason County,WV,105.2,5.3,5.5756
54055,Mercer County,WV,87.4,5.7,4.981800000000001
54057,Mineral County,WV,75.3,4.9,3.6897
54059,Mingo County,WV,79.7,7.4,5.897800000000001
54061,Monongalia County,WV,66.2,5.3,3.5086
54063,Monroe County,WV,84.3,8.0,6.744
54065,Morgan County,WV,89.1,6.5,5.7915
54067,Nicholas County,WV,100.8,6.2,6.2496
54069,Ohio County,WV,71.4,5.2,3.7128
54071,Pendleton County,WV,71,7.2,5.112
54073,Pleasants County,WV,67.8,9.0,6.101999999999999
54075,Pocahontas County,WV,79.4,5.7,4.5258
54077,Preston County,WV,66.9,6.9,4.6161
54079,Putnam County,WV,89.1,6.2,5.5241999999999996
54081,Raleigh County,WV,84,4.6,3.864
54083,Randolph County,WV,80.7,7.4,5.971800000000001
54085,Ritchie County,WV,64.7,7.0,4.529
54087,Roane County,WV,88.7,6.9,6.120300000000001
54089,Summers County,WV,82.4,4.4,3.6256000000000004
54091,Taylor County,WV,61.9,7.0,4.333
54093,Tucker County,WV,65.1,4.7,3.0597
54095,Tyler County,WV,67.9,6.7,4.549300000000001
54097,Upshur County,WV,63.3,7.3,4.6209
54099,Wayne County,WV,100.9,6.0,6.054000000000001
54101,Webster County,WV,94.8,4.8,4.5504
54103,Wetzel County,WV,70.6,4.0,2.824
54105,Wirt County,WV,74.5,5.1,3.7995
54107,Wood County,WV,70.2,6.6,4.6331999999999995
54109,Wyoming County,WV,79.4,7.1,5.6374
00054,West Virginia,WV,80.3,,
56001,Albany County,WY,63.4,7.8,4.9452
56003,Big Horn County,WY,62.2,14.6,9.0812
56005,Campbell County,WY,65.6,13.0,8.527999999999999
56007,Carbon County,WY,61.6,13.5,8.316
56009,Converse County,WY,64.5,10.6,6.837
56011,Crook County,WY,62.1,6.2,3.8502000000000005
56013,Fremont County,WY,63.9,18.6,11.885399999999999
56015,Goshen County,WY,59.1,9.5,5.6145000000000005
56017,Hot Springs County,WY,57.4,13.7,7.8638
56019,Johnson County,WY,61,10.1,6.1610000000000005
56021,Laramie County,WY,63.1,9.6,6.0576
56023,Lincoln County,WY,61.4,13.1,8.043399999999998
56025,Natrona County,WY,57.2,11.7,6.6924
56027,Niobrara County,WY,57.7,8.5,4.9045000000000005
56029,Park County,WY,56.2,10.3,5.7886
56031,Platte County,WY,64.1,22.5,14.422499999999998
56033,Sheridan County,WY,63.2,9.1,5.7512
56035,Sublette County,WY,51.3,9.7,4.9761
56037,Sweetwater County,WY,64.9,12.9,8.372100000000001
56039,Teton County,WY,37.1,10.0,3.71
56041,Uinta County,WY,42.1,10.9,4.588900000000001
56043,Washakie County,WY,64.5,12.4,7.998000000000001
56045,Weston County,WY,54.1,14.9,8.0609
00056,Wyoming,WY,58.6,,
