county_fips,county_name,state,stroke_mortality_rate,uninsured_rate,burden_index,population,state_norm,county_norm,hospitals_reporting,mean_stroke_score,mean_performance_weight,burden_scaled,supply_score,care_gap_index_raw,care_gap_index,SCAI,data_status,national_rank,category
02013,Aleutians East,AK,18.7,35.0,6.545,3423.0,AK,ALEUTIANS EAST,0.0,,-1.0,2.020885092219812,0.0,2.020885092219812,0.5647599367551023,0.4352400632448977,INSUFFICIENT DATA,,
02016,Aleutians West,AK,21.0,18.1,3.801,5178.0,AK,ALEUTIANS WEST,0.0,,-1.0,1.5688242295488033,0.0,1.5688242295488033,0.4384262499985243,0.5615737500014757,INSUFFICIENT DATA,,
02020,Anchorage,AK,71.4,10.0,7.14,289069.0,AK,ANCHORAGE,3.0,13.666666666666666,0.0,2.096790180014449,0.0,2.096790180014449,0.5859724998777298,0.4140275001222702,VALID,1630.0,Moderate Access
02050,Bethel,AK,164.9,12.9,21.2721,18487.0,AK,BETHEL,0.0,,-1.0,3.103334774084458,0.0,3.103334774084458,0.8672631400416176,0.13273685995838236,VALID,2410.0,Lowest Access
02068,Denali,AK,82.4,5.1,4.2024,2029.0,AK,DENALI,0.0,,-1.0,1.649120057572805,0.0,1.649120057572805,0.46086585674861524,0.5391341432513848,INSUFFICIENT DATA,,
02070,Dillingham,AK,165.3,16.8,27.77040000000001,4780.0,AK,DILLINGHAM,0.0,,-1.0,3.3593470808383734,0.0,3.3593470808383734,0.9388087686018497,0.0611912313981503,INSUFFICIENT DATA,,
02090,Fairbanks North Star,AK,76.8,9.0,6.911999999999999,95555.0,AK,FAIRBANKS NORTH STAR,1.0,14.5,0.0,2.068380594320411,0.0,2.068380594320411,0.5780331094187801,0.42196689058121994,VALID,1586.0,Moderate Access
02100,Haines,AK,46.7,8.6,4.0162,2077.0,AK,HAINES,0.0,,-1.0,1.6126726749440299,0.0,1.6126726749440299,0.4506802100794591,0.5493197899205409,INSUFFICIENT DATA,,
02105,Hoonah-Angoon,AK,59.9,20.8,12.4592,2313.0,AK,HOONAH-ANGOON,0.0,,-1.0,2.599662887086189,0.0,2.599662887086189,0.7265061498784552,0.2734938501215448,INSUFFICIENT DATA,,
02110,Juneau,AK,45.6,8.0,3.648,31969.0,AK,JUNEAU,1.0,12.3,1.0,1.5364370195496102,0.6931471805599453,1.1212331149927117,0.31334168654559696,0.6866583134544031,VALID,277.0,Good Access
02122,Kenai Peninsula,AK,57.7,11.7,6.750900000000001,59843.0,AK,KENAI PENINSULA,1.0,14.4,-0.3333333333333333,2.0478089656550598,0.0,2.0478089656550598,0.5722841275747745,0.42771587242522546,VALID,1554.0,Moderate Access
02130,Ketchikan Gateway,AK,28.1,9.5,2.6695,13870.0,AK,KETCHIKAN GATEWAY,0.0,,-1.0,1.3000554130029804,0.0,1.3000554130029804,0.3633156658200685,0.6366843341799315,VALID,489.0,Good Access
02150,Kodiak Island,AK,54.0,10.2,5.507999999999999,12878.0,AK,KODIAK ISLAND,0.0,,-1.0,1.8730321893567912,0.0,1.8730321893567912,0.5234407165819963,0.4765592834180037,VALID,1309.0,Moderate Access
02158,Kusilvak,AK,34.2,11.2,3.8304,8277.0,AK,KUSILVAK,0.0,,-1.0,1.5749292799704373,0.0,1.5749292799704373,0.4401323776270979,0.5598676223729021,INSUFFICIENT DATA,,
02164,Lake and Peninsula,AK,44.4,31.4,13.9416,1007.0,AK,LAKE AND PENINSULA,0.0,,-1.0,2.70414926901726,0.0,2.70414926901726,0.7557060893892875,0.24429391061071248,INSUFFICIENT DATA,,
02170,Matanuska-Susitna,AK,82.5,12.2,10.065,110677.0,AK,MATANUSKA-SUSITNA,1.0,12.6,1.0,2.403786973503013,0.6931471805599453,1.7541920181471262,0.4902294430490647,0.5097705569509353,VALID,1138.0,Moderate Access
02180,Nome,AK,84.6,15.0,12.69,9925.0,AK,NOME,0.0,,-1.0,2.6166656393003573,0.0,2.6166656393003573,0.7312577675246563,0.2687422324753437,INSUFFICIENT DATA,,
02185,North Slope,AK,77.6,14.3,11.0968,10891.0,AK,NORTH SLOPE,0.0,,-1.0,2.4929409548163224,0.0,2.4929409548163224,0.6966814597210812,0.3033185402789188,VALID,2078.0,Low Access
02188,Northwest Arctic,AK,81.3,18.8,15.2844,7611.0,AK,NORTHWEST ARCTIC,0.0,,-1.0,2.7902075943282343,0.0,2.7902075943282343,0.7797560932945018,0.2202439067054982,INSUFFICIENT DATA,,
02195,Petersburg,AK,45.2,10.9,4.926800000000001,3394.0,AK,PETERSBURG,0.0,,-1.0,1.7794844383524426,0.0,1.7794844383524426,0.4972977052132671,0.5027022947867329,INSUFFICIENT DATA,,
02198,Prince of Wales-Hyder,AK,81.6,18.2,14.8512,5730.0,AK,PRINCE OF WALES-HYDER,0.0,,-1.0,2.7632452072366287,0.0,2.7632452072366287,0.7722211393838391,0.22777886061616093,INSUFFICIENT DATA,,
02220,Sitka,AK,97.9,11.6,11.3564,8393.0,AK,SITKA,0.0,,-1.0,2.5141741474685686,0.0,2.5141741474685686,0.7026153233462611,0.2973846766537389,INSUFFICIENT DATA,,
02240,Southeast Fairbanks,AK,80.3,16.6,13.3298,6936.0,AK,SOUTHEAST FAIRBANKS,0.0,,-1.0,2.6623412850085604,0.0,2.6623412850085604,0.744022360069143,0.255977639930857,INSUFFICIENT DATA,,
02290,Yukon-Koyukuk,AK,94.3,22.9,21.5947,5271.0,AK,YUKON-KOYUKUK,0.0,,-1.0,3.117715365501366,0.0,3.117715365501366,0.8712819642342355,0.12871803576576446,INSUFFICIENT DATA,,
00002,Alaska,AK,69.6,,,,AK,ALASKA,0.0,,-1.0,,0.0,,,,VALID,,
01001,Autauga County,AL,114.9,7.4,8.502600000000001,59285.0,AL,AUTAUGA,1.0,13.2,1.0,2.25156544537233,0.6931471805599453,1.6431065548425852,0.4591853131914033,0.5408146868085967,VALID,985.0,Moderate Access
01003,Baldwin County,AL,78.3,8.2,6.420599999999999,239945.0,AL,BALDWIN,2.0,13.55,0.0,2.0042599164437833,0.0,2.0042599164437833,0.560113837253473,0.43988616274652703,VALID,1490.0,Moderate Access
01005,Barbour County,AL,75.9,10.8,8.197200000000002,24757.0,AL,BARBOUR,0.0,,-1.0,2.218899089905709,0.0,2.218899089905709,0.6200972606040668,0.3799027393959332,VALID,1786.0,Low Access
01007,Bibb County,AL,95.9,8.3,7.9597000000000016,22152.0,AL,BIBB,0.0,,-1.0,2.192736744283443,0.0,2.192736744283443,0.6127858876240393,0.3872141123759607,VALID,1750.0,Low Access
01009,Blount County,AL,103.7,10.2,10.5774,59292.0,AL,BLOUNT,0.0,,-1.0,2.4490549218921505,0.0,2.4490549218921505,0.6844169953662758,0.31558300463372424,VALID,2049.0,Low Access
01011,Bullock County,AL,109.9,12.9,14.1771,10157.0,AL,BULLOCK,0.0,,-1.0,2.719787712873643,0.0,2.719787712873643,0.7600764351339719,0.23992356486602806,VALID,2257.0,Lowest Access
01013,Butler County,AL,129.1,12.3,15.8793,18807.0,AL,BUTLER,0.0,,-1.0,2.8260880191136275,0.0,2.8260880191136275,0.7897832969739976,0.21021670302600237,VALID,2319.0,Lowest Access
01015,Calhoun County,AL,77.0,11.1,8.546999999999999,116141.0,AL,CALHOUN,1.0,12.9,1.0,2.256226969015896,0.6931471805599453,1.6465083569398944,0.46013598651010224,0.5398640134898978,VALID,994.0,Moderate Access
01017,Chambers County,AL,117.6,12.2,14.347199999999996,34450.0,AL,CHAMBERS,0.0,,-1.0,2.7309330469709483,0.0,2.7309330469709483,0.7631911288907528,0.2368088711092472,VALID,2263.0,Lowest Access
01019,Cherokee County,AL,87.6,9.0,7.883999999999999,25224.0,AL,CHEROKEE,0.0,,-1.0,2.184251906032181,0.0,2.184251906032181,0.6104147004978597,0.38958529950214027,VALID,1739.0,Low Access
01021,Chilton County,AL,117.8,10.1,11.8978,45500.0,AL,CHILTON,0.0,,-1.0,2.5570567541879186,0.0,2.5570567541879186,0.7145993685311913,0.2854006314688087,VALID,2145.0,Low Access
01023,Choctaw County,AL,111.5,8.2,9.143,12525.0,AL,CHOCTAW,0.0,,-1.0,2.316783812393859,0.0,2.316783812393859,0.6474522892964577,0.3525477107035423,VALID,1897.0,Low Access
01025,Clarke County,AL,83.6,8.2,6.855199999999999,22802.0,AL,CLARKE,0.0,,-1.0,2.061175732872943,0.0,2.061175732872943,0.5760196267566207,0.42398037324337934,VALID,1576.0,Moderate Access
01027,Clay County,AL,97.7,8.4,8.206800000000001,14188.0,AL,CLAY,0.0,,-1.0,2.219942341467402,0.0,2.219942341467402,0.6203888094349576,0.37961119056504244,VALID,1789.0,Low Access
01029,Cleburne County,AL,91.1,9.3,8.4723,15254.0,AL,CLEBURNE,0.0,,-1.0,2.2483717499373905,0.0,2.2483717499373905,0.6283337396001157,0.37166626039988426,VALID,1813.0,Low Access
01031,Coffee County,AL,94.3,10.5,9.9015,54231.0,AL,COFFEE,1.0,16.1,1.0,2.3889003944459657,0.6931471805599453,1.7433283607401917,0.487193467132527,0.512806532867473,VALID,1127.0,Moderate Access
01033,Colbert County,AL,83.8,7.4,6.2012,57648.0,AL,COLBERT,1.0,13.3,0.0,1.9742476788013303,0.0,1.9742476788013303,0.5517265669934838,0.44827343300651623,VALID,1460.0,Moderate Access
01035,Conecuh County,AL,128.0,8.2,10.496,11411.0,AL,CONECUH,0.0,,-1.0,2.441999148776724,0.0,2.441999148776724,0.6824451771793992,0.31755482282060077,VALID,2039.0,Low Access
01037,Coosa County,AL,86.7,7.4,6.415800000000001,10323.0,AL,COOSA,0.0,,-1.0,2.003612859183603,0.0,2.003612859183603,0.5599330095464731,0.44006699045352693,VALID,1489.0,Moderate Access
01039,Covington County,AL,114.6,10.3,11.8038,37647.0,AL,COVINGTON,1.0,12.5,0.0,2.5497420018669086,0.0,2.5497420018669086,0.7125551755812324,0.2874448244187676,VALID,2139.0,Low Access
01041,Crenshaw County,AL,114.9,9.2,10.570799999999998,13144.0,AL,CRENSHAW,0.0,,-1.0,2.4484846831540326,0.0,2.4484846831540326,0.6842576354922707,0.3157423645077293,VALID,2048.0,Low Access
01043,Cullman County,AL,87.8,10.7,9.3946,89463.0,AL,CULLMAN,1.0,14.3,0.0,2.3412864405311207,0.0,2.3412864405311207,0.6542998348448954,0.3457001651551046,VALID,1930.0,Low Access
01045,Dale County,AL,89.3,10.9,9.7337,49516.0,AL,DALE,0.0,,-1.0,2.373388324789446,0.0,2.373388324789446,0.6632710812523479,0.3367289187476521,VALID,1968.0,Low Access
01047,Dallas County,AL,113.8,9.3,10.5834,37536.0,AL,DALLAS,1.0,16.9,1.0,2.4495730387218124,0.6931471805599453,1.7876049416027082,0.4995670746691039,0.5004329253308961,VALID,1178.0,Moderate Access
01049,DeKalb County,AL,103.5,15.0,15.525,71946.0,AL,DEKALB,0.0,,-1.0,2.80487438573775,0.0,2.80487438573775,0.7838548994169914,0.21614510058300862,VALID,2307.0,Lowest Access
01051,Elmore County,AL,111.5,7.7,8.585500000000001,88669.0,AL,ELMORE,0.0,,-1.0,2.260251539977967,0.0,2.260251539977967,0.6316536856464346,0.36834631435356535,VALID,1826.0,Low Access
01053,Escambia County,AL,107.6,11.3,12.1588,36695.0,AL,ESCAMBIA,0.0,,-1.0,2.5770907363291946,0.0,2.5770907363291946,0.7201980987759831,0.27980190122401694,VALID,2164.0,Low Access
01055,Etowah County,AL,107.5,12.2,13.115,103208.0,AL,ETOWAH,2.0,13.65,0.3333333333333333,2.6472380617054525,0.5108256237659907,2.120024130485355,0.5924654986380437,0.40753450136195635,VALID,1662.0,Moderate Access
01057,Fayette County,AL,110.2,7.9,8.7058,16173.0,AL,FAYETTE,0.0,,-1.0,2.2727236449598833,0.0,2.2727236449598833,0.6351391610195312,0.36486083898046884,VALID,1845.0,Low Access
01059,Franklin County,AL,98.6,11.8,11.6348,31978.0,AL,FRANKLIN,0.0,,-1.0,2.536454911668577,0.0,2.536454911668577,0.7088419430728831,0.29115805692711694,VALID,2126.0,Low Access
01061,Geneva County,AL,96.9,12.8,12.403200000000002,26726.0,AL,GENEVA,0.0,,-1.0,2.5954934844174082,0.0,2.5954934844174082,0.7253409616168403,0.27465903838315975,VALID,2176.0,Low Access
01063,Greene County,AL,99.1,13.8,13.6758,7589.0,AL,GREENE,0.0,,-1.0,2.6861998787087087,0.0,2.6861998787087087,0.7506899226737841,0.2493100773262159,INSUFFICIENT DATA,,
01065,Hale County,AL,95.6,6.3,6.0228,14749.0,AL,HALE,0.0,,-1.0,1.9491619989129165,0.0,1.9491619989129165,0.5447160808249321,0.45528391917506794,VALID,1425.0,Moderate Access
01067,Henry County,AL,84.9,8.0,6.792000000000001,17450.0,AL,HENRY,0.0,,-1.0,2.053097566340234,0.0,2.053097566340234,0.5737620887908679,0.4262379112091321,VALID,1563.0,Moderate Access
01069,Houston County,AL,89.7,11.7,10.4949,107628.0,AL,HOUSTON,2.0,13.65,1.0,2.4419034587427677,1.0986122886681096,1.3959938622386996,0.39012678572557075,0.6098732142744292,VALID,623.0,Good Access
01071,Jackson County,AL,99.0,10.5,10.395,52839.0,AL,JACKSON,1.0,13.6,1.0,2.4331746626976476,0.6931471805599453,1.775638032450919,0.4962227821698728,0.5037772178301272,VALID,1166.0,Moderate Access
01073,Jefferson County,AL,115.8,9.2,10.6536,669744.0,AL,JEFFERSON,6.0,13.9,0.09090909090909091,2.455615145152601,0.4353180712578455,2.038853057577773,0.5697812944850628,0.43021870551493724,VALID,1534.0,Moderate Access
01075,Lamar County,AL,115.5,9.0,10.395,13809.0,AL,LAMAR,0.0,,-1.0,2.4331746626976476,0.0,2.4331746626976476,0.6799790715016929,0.3200209284983071,VALID,2031.0,Low Access
01077,Lauderdale County,AL,83.6,9.8,8.1928,95037.0,AL,LAUDERDALE,1.0,12.4,1.0,2.218420568961287,0.6931471805599453,1.618918688661584,0.45242573154709614,0.5475742684529039,VALID,948.0,Good Access
01079,Lawrence County,AL,89.7,9.2,8.2524,33182.0,AL,LAWRENCE,0.0,,-1.0,2.224882977330009,0.0,2.224882977330009,0.6217695278182235,0.3782304721817765,VALID,1792.0,Low Access
01081,Lee County,AL,87.3,8.7,7.595099999999999,177663.0,AL,LEE,1.0,14.5,1.0,2.1511922734384505,0.6931471805599453,1.5698580436461333,0.4387151614197983,0.5612848385802016,VALID,873.0,Good Access
01083,Limestone County,AL,93.1,8.1,7.541099999999999,107577.0,AL,LIMESTONE,1.0,19.0,1.0,2.1448898051263554,0.6931471805599453,1.5652587427390354,0.43742983307559385,0.5625701669244061,VALID,864.0,Good Access
01085,Lowndes County,AL,117.0,8.5,9.945,10008.0,AL,LOWNDES,0.0,,-1.0,2.392882730974826,0.0,2.392882730974826,0.6687190206956738,0.3312809793043262,VALID,1986.0,Low Access
01087,Macon County,AL,105.8,9.1,9.6278,18951.0,AL,MACON,0.0,,-1.0,2.3634732095044693,0.0,2.3634732095044693,0.6605001865078516,0.3394998134921484,VALID,1956.0,Low Access
01089,Madison County,AL,97.1,7.7,7.476699999999999,397135.0,AL,MADISON,2.0,13.100000000000001,0.3333333333333333,2.1373212231215373,0.5108256237659907,1.711660403030386,0.47834348656598824,0.5216565134340118,VALID,1082.0,Moderate Access
01091,Marengo County,AL,100.6,8.6,8.6516,19027.0,AL,MARENGO,0.0,,-1.0,2.2671237047158868,0.0,2.2671237047158868,0.6335741923282346,0.36642580767176536,VALID,1834.0,Low Access
01093,Marion County,AL,110.7,10.2,11.2914,29190.0,AL,MARION,0.0,,-1.0,2.508899830841282,0.0,2.508899830841282,0.7011413539769384,0.29885864602306156,VALID,2095.0,Low Access
01095,Marshall County,AL,100.9,11.5,11.603500000000002,98712.0,AL,MARSHALL,1.0,12.9,1.0,2.5339745531621065,0.6931471805599453,1.8491979465497865,0.5167799591187879,0.48322004088121207,VALID,1271.0,Moderate Access
01097,Mobile County,AL,111.7,10.9,12.1753,413162.0,AL,MOBILE,4.0,13.975,0.3333333333333333,2.5783438645666665,0.8472978603872036,1.7266213019224368,0.4825244844587448,0.5174755155412551,VALID,1106.0,Moderate Access
01099,Monroe County,AL,117.5,11.2,13.16,19580.0,AL,MONROE,0.0,,-1.0,2.6504210882655737,0.0,2.6504210882655737,0.7406911218980093,0.25930887810199066,VALID,2209.0,Lowest Access
01101,Montgomery County,AL,112.0,10.6,11.872,227197.0,AL,MONTGOMERY,3.0,14.866666666666667,0.25,2.555054409690082,0.5596157879354227,1.9975974826996499,0.5582519423469008,0.4417480576530992,VALID,1484.0,Moderate Access
01103,Morgan County,AL,95.2,11.2,10.6624,123742.0,AL,MORGAN,1.0,13.5,1.0,2.4563699916458113,0.6931471805599453,1.7925650985127963,0.5009532484370344,0.49904675156296563,VALID,1186.0,Moderate Access
01105,Perry County,AL,106.4,7.5,7.98,8231.0,AL,PERRY,0.0,,-1.0,2.194999882314108,0.0,2.194999882314108,0.6134183479732136,0.3865816520267864,INSUFFICIENT DATA,,
01107,Pickens County,AL,104.4,8.9,9.2916,18843.0,AL,PICKENS,0.0,,-1.0,2.3313280285262574,0.0,2.3313280285262574,0.651516840326454,0.34848315967354604,VALID,1920.0,Low Access
01109,Pike County,AL,105.4,8.2,8.6428,32953.0,AL,PIKE,0.0,,-1.0,2.2662115228796864,0.0,2.2662115228796864,0.6333192724626248,0.36668072753737524,VALID,1833.0,Low Access
01111,Randolph County,AL,96.5,9.0,8.685,22310.0,AL,RANDOLPH,0.0,,-1.0,2.270578296858959,0.0,2.270578296858959,0.6345396184416477,0.36546038155835225,VALID,1843.0,Low Access
01113,Russell County,AL,134.6,11.5,15.479,58858.0,AL,RUSSELL,0.0,,-1.0,2.802086843028593,0.0,2.802086843028593,0.7830758880569756,0.2169241119430244,VALID,2302.0,Lowest Access
01115,St. Clair County,AL,108.0,7.3,7.883999999999999,92903.0,AL,ST. CLAIR,0.0,,-1.0,2.184251906032181,0.0,2.184251906032181,0.6104147004978597,0.38958529950214027,VALID,1739.0,Low Access
01117,Shelby County,AL,81.6,6.7,5.4672,226955.0,AL,SHELBY,1.0,16.0,1.0,1.8667432482271649,0.6931471805599453,1.3622779980365958,0.38070449377649807,0.6192955062235019,VALID,582.0,Good Access
01119,Sumter County,AL,103.3,9.2,9.5036,12020.0,AL,SUMTER,0.0,,-1.0,2.3517180555442554,0.0,2.3517180555442554,0.6572150714695568,0.3427849285304432,VALID,1944.0,Low Access
01121,Talladega County,AL,98.7,8.4,8.2908,81170.0,AL,TALLADEGA,0.0,,-1.0,2.229024663219325,0.0,2.229024663219325,0.6229269703021701,0.37707302969782985,VALID,1795.0,Low Access
01123,Tallapoosa County,AL,98.4,8.9,8.757600000000002,41070.0,AL,TALLAPOOSA,0.0,,-1.0,2.2780464685468917,0.0,2.2780464685468917,0.6366266862251604,0.3633733137748396,VALID,1853.0,Low Access
01125,Tuscaloosa County,AL,105.1,6.7,7.0417,234036.0,AL,TUSCALOOSA,1.0,15.8,-0.5,2.084640503626069,0.0,2.084640503626069,0.5825771309400732,0.41742286905992676,VALID,1608.0,Moderate Access
01127,Walker County,AL,116.1,11.6,13.4676,64886.0,AL,WALKER,1.0,15.1,1.0,2.671911666486206,0.6931471805599453,1.9498591889421493,0.5449109187196405,0.4550890812803595,VALID,1426.0,Moderate Access
01129,Washington County,AL,120.8,7.7,9.3016,15270.0,AL,WASHINGTON,0.0,,-1.0,2.3322992229774373,0.0,2.3322992229774373,0.651788251956406,0.348211748043594,VALID,1921.0,Low Access
01131,Wilcox County,AL,108.5,9.1,9.8735,10347.0,AL,WILCOX,0.0,,-1.0,2.386328636426905,0.0,2.386328636426905,0.6668874024425524,0.3331125975574476,VALID,1980.0,Low Access
01133,Winston County,AL,92.7,9.4,8.7138,23637.0,AL,WINSTON,0.0,,-1.0,2.2735475548707518,0.0,2.2735475548707518,0.6353694122648619,0.3646305877351381,VALID,1847.0,Low Access
00001,Alabama,AL,100.8,,,,AL,ALABAMA,0.0,,-1.0,,0.0,,,,VALID,,
05001,Arkansas County,AR,117.0,6.7,7.838999999999999,16773.0,AR,ARKANSAS,0.0,,-1.0,2.179173748078811,0.0,2.179173748078811,0.6089955499604942,0.3910044500395058,VALID,1731.0,Low Access
05003,Ashley County,AR,107.1,8.6,9.2106,18722.0,AR,ASHLEY,0.0,,-1.0,2.323426396365694,0.0,2.323426396365694,0.6493086369523768,0.35069136304762316,VALID,1910.0,Low Access
05005,Baxter County,AR,111.4,7.2,8.020800000000001,42150.0,AR,BAXTER,1.0,16.8,0.0,2.1995330219376563,0.0,2.1995330219376563,0.6146851867741694,0.3853148132258306,VALID,1758.0,Low Access
05007,Benton County,AR,71.0,9.8,6.958000000000001,294541.0,AR,BENTON,1.0,12.0,-0.3333333333333333,2.074177712004737,0.0,2.074177712004737,0.5796531816482039,0.4203468183517961,VALID,1591.0,Moderate Access
05009,Boone County,AR,74.7,7.9,5.9013,37896.0,AR,BOONE,1.0,13.6,1.0,1.9317097996541719,0.6931471805599453,1.4096881085064608,0.3939538027518552,0.6060461972481448,VALID,641.0,Good Access
05011,Bradley County,AR,111.2,12.0,13.344,10354.0,AR,BRADLEY,0.0,,-1.0,2.6633317363028315,0.0,2.6633317363028315,0.7442991532487577,0.2557008467512423,VALID,2229.0,Lowest Access
05013,Calhoun County,AR,121.8,9.5,11.571,4717.0,AR,CALHOUN,0.0,,-1.0,2.531392573932694,0.0,2.531392573932694,0.7074272136800259,0.2925727863199741,INSUFFICIENT DATA,,
05015,Carroll County,AR,68.4,13.4,9.1656,28526.0,AR,CARROLL,0.0,,-1.0,2.3190094714081875,0.0,2.3190094714081875,0.6480742756968769,0.3519257243031231,VALID,1903.0,Low Access
05017,Chicot County,AR,103.8,10.5,10.899,9997.0,AR,CHICOT,0.0,,-1.0,2.4764543629730165,0.0,2.4764543629730165,0.6920740891176863,0.3079259108823137,INSUFFICIENT DATA,,
05019,Clark County,AR,105.3,8.7,9.1611,21378.0,AR,CLARK,0.0,,-1.0,2.318566704006345,0.0,2.318566704006345,0.647950539176268,0.352049460823732,VALID,1899.0,Low Access
05021,Clay County,AR,77.6,8.9,6.9064,14399.0,AR,CLAY,0.0,,-1.0,2.067672558079837,0.0,2.067672558079837,0.5778352404236619,0.42216475957633814,VALID,1584.0,Moderate Access
05023,Cleburne County,AR,87.4,7.2,6.292800000000001,25048.0,AR,CLEBURNE,0.0,,-1.0,1.9868875600692282,0.0,1.9868875600692282,0.5552589294088098,0.44474107059119017,VALID,1473.0,Moderate Access
05025,Cleveland County,AR,104.9,4.9,5.140100000000001,7491.0,AR,CLEVELAND,0.0,,-1.0,1.8148410286713765,0.0,1.8148410286713765,0.5071785172343324,0.4928214827656676,INSUFFICIENT DATA,,
05027,Columbia County,AR,113.4,6.6,7.484399999999999,22527.0,AR,COLUMBIA,0.0,,-1.0,2.1382291831629243,0.0,2.1382291831629243,0.5975531131879208,0.4024468868120792,VALID,1685.0,Moderate Access
05029,Conway County,AR,97.6,6.4,6.2464,20872.0,AR,CONWAY,0.0,,-1.0,1.9805047938198124,0.0,1.9805047938198124,0.5534751908492942,0.4465248091507058,VALID,1464.0,Moderate Access
05031,Craighead County,AR,86.3,8.4,7.249199999999999,112097.0,AR,CRAIGHEAD,2.0,14.9,1.0,2.110116225947755,1.0986122886681096,1.2063168547826109,0.33711933114677967,0.6628806688532203,VALID,370.0,Good Access
05033,Crawford County,AR,101.1,8.4,8.4924,60792.0,AR,CRAWFORD,0.0,,-1.0,2.250491478435726,0.0,2.250491478435726,0.6289261224808974,0.3710738775191026,VALID,1816.0,Low Access
05035,Crittenden County,AR,94.5,8.0,7.56,47609.0,AR,CRITTENDEN,0.0,,-1.0,2.1471001901536506,0.0,2.1471001901536506,0.6000322196776092,0.3999677803223908,VALID,1699.0,Moderate Access
05037,Cross County,AR,80.8,7.5,6.06,16681.0,AR,CROSS,0.0,,-1.0,1.9544450515051506,0.0,1.9544450515051506,0.5461924915616685,0.4538075084383315,VALID,1435.0,Moderate Access
05039,Dallas County,AR,113.9,4.7,5.353300000000001,6351.0,AR,DALLAS,0.0,,-1.0,1.8489743629544664,0.0,1.8489743629544664,0.5167174760723057,0.48328252392769433,INSUFFICIENT DATA,,
05041,Desha County,AR,132.6,8.5,11.271,11041.0,AR,DESHA,0.0,,-1.0,2.507238754994411,0.0,2.507238754994411,0.7006771469352636,0.2993228530647364,VALID,2092.0,Low Access
05043,Drew County,AR,105.2,7.1,7.4692,17143.0,AR,DREW,0.0,,-1.0,2.136436053199644,0.0,2.136436053199644,0.5970520020814286,0.4029479979185714,VALID,1683.0,Moderate Access
05045,Faulkner County,AR,115.3,7.5,8.6475,126001.0,AR,FAULKNER,2.0,14.45,0.3333333333333333,2.266698814429637,0.5108256237659907,1.8152716420364237,0.5072988571674371,0.49270114283256294,VALID,1227.0,Moderate Access
05047,Franklin County,AR,110.4,8.3,9.163200000000002,17220.0,AR,FRANKLIN,0.0,,-1.0,2.3187733531905703,0.0,2.3187733531905703,0.6480082897038278,0.35199171029617216,VALID,1901.0,Low Access
05049,Fulton County,AR,93.5,11.4,10.659,12239.0,AR,FULTON,0.0,,-1.0,2.4560784139511544,0.0,2.4560784139511544,0.6863797922349913,0.31362020776500865,VALID,2054.0,Low Access
05051,Garland County,AR,84.8,9.5,8.056000000000001,100062.0,AR,GARLAND,2.0,13.6,0.3333333333333333,2.2034275214608274,0.5108256237659907,1.7646012207391155,0.4931384162609288,0.5068615837390712,VALID,1155.0,Moderate Access
05053,Grant County,AR,78.1,6.7,5.2327,18111.0,AR,GRANT,0.0,,-1.0,1.8298096257522922,0.0,1.8298096257522922,0.5113616664758585,0.48863833352414154,VALID,1248.0,Moderate Access
05055,Greene County,AR,85.5,9.0,7.695,46182.0,AR,GREENE,1.0,12.3,1.0,2.1627481478062465,0.6931471805599453,1.5782910798519822,0.4410718718594984,0.5589281281405016,VALID,884.0,Good Access
05057,Hempstead County,AR,130.9,10.1,13.2209,19778.0,AR,HEMPSTEAD,0.0,,-1.0,2.6547127135115356,0.0,2.6547127135115356,0.7418904666860021,0.2581095333139979,VALID,2216.0,Lowest Access
05059,Hot Spring County,AR,88.9,8.0,7.112,33142.0,AR,HOT SPRING,0.0,,-1.0,2.0933444468488274,0.0,2.0933444468488274,0.585009549509011,0.41499045049098904,VALID,1625.0,Moderate Access
05061,Howard County,AR,104.3,11.7,12.2031,12701.0,AR,HOWARD,0.0,,-1.0,2.580451650504585,0.0,2.580451650504585,0.7211373454874563,0.27886265451254366,VALID,2166.0,Low Access
05063,Independence County,AR,66.8,10.3,6.8804,38120.0,AR,INDEPENDENCE,1.0,12.1,1.0,2.06437866400279,0.6931471805599453,1.50650478380354,0.4210103531851889,0.578989646814811,VALID,778.0,Good Access
05065,Izard County,AR,72.8,6.6,4.804799999999999,13866.0,AR,IZARD,0.0,,-1.0,1.7586851614986256,0.0,1.7586851614986256,0.49148510442476273,0.5085148955752372,VALID,1146.0,Moderate Access
05067,Jackson County,AR,85.9,8.9,7.645100000000001,16775.0,AR,JACKSON,0.0,,-1.0,2.1569926864483406,0.0,2.1569926864483406,0.6027967932811495,0.39720320671885045,VALID,1708.0,Low Access
05069,Jefferson County,AR,109.3,5.5,6.0115,65780.0,AR,JEFFERSON,1.0,18.5,0.0,1.9475516581845684,0.0,1.9475516581845684,0.5442660523045588,0.4557339476954412,VALID,1420.0,Moderate Access
05071,Johnson County,AR,77.2,7.8,6.021599999999999,25932.0,AR,JOHNSON,0.0,,-1.0,1.9489911122957708,0.0,1.9489911122957708,0.5446683245643396,0.45533167543566044,VALID,1424.0,Moderate Access
05073,Lafayette County,AR,111.8,8.6,9.6148,6211.0,AR,LAFAYETTE,0.0,,-1.0,2.362249253715356,0.0,2.362249253715356,0.6601581377705374,0.33984186222946255,INSUFFICIENT DATA,,
05075,Lawrence County,AR,87.6,9.3,8.1468,16265.0,AR,LAWRENCE,0.0,,-1.0,2.213404091342803,0.0,2.213404091342803,0.6185616190909476,0.38143838090905235,VALID,1777.0,Low Access
05077,Lee County,AR,81.3,6.5,5.2845,8511.0,AR,LEE,0.0,,-1.0,1.8380862843827552,0.0,1.8380862843827552,0.5136746753761069,0.4863253246238931,INSUFFICIENT DATA,,
05079,Lincoln County,AR,118.4,7.9,9.353600000000002,12966.0,AR,LINCOLN,0.0,,-1.0,2.337334285320865,0.0,2.337334285320865,0.6531953589223487,0.3468046410776513,VALID,1927.0,Low Access
05081,Little River County,AR,119.9,5.6,6.7144,11959.0,AR,LITTLE RIVER,0.0,,-1.0,2.0430887122140375,0.0,2.0430887122140375,0.5709649976326107,0.42903500236738934,VALID,1542.0,Moderate Access
05083,Logan County,AR,127.7,7.7,9.8329,21240.0,AR,LOGAN,0.0,,-1.0,2.3825877998675606,0.0,2.3825877998675606,0.6658419819845559,0.3341580180154441,VALID,1977.0,Low Access
05085,Lonoke County,AR,108.0,6.7,7.236000000000001,74747.0,AR,LONOKE,0.0,,-1.0,2.108514789165543,0.0,2.108514789165543,0.5892490788124464,0.41075092118755363,VALID,1648.0,Moderate Access
05087,Madison County,AR,92.8,12.5,11.6,17032.0,AR,MADISON,0.0,,-1.0,2.533696813957432,0.0,2.533696813957432,0.708071160461389,0.29192883953861104,VALID,2121.0,Low Access
05089,Marion County,AR,82.1,7.2,5.9112,17076.0,AR,MARION,0.0,,-1.0,1.9331432840625373,0.0,1.9331432840625373,0.5402394639105775,0.45976053608942247,VALID,1399.0,Moderate Access
05091,Miller County,AR,129.0,11.3,14.577,42588.0,AR,MILLER,0.0,,-1.0,2.7457954673444687,0.0,2.7457954673444687,0.7673446058115793,0.23265539418842074,VALID,2271.0,Lowest Access
05093,Mississippi County,AR,97.3,9.5,9.2435,39749.0,AR,MISSISSIPPI,0.0,,-1.0,2.3266433580871166,0.0,2.3266433580871166,0.650207654469666,0.349792345530334,VALID,1915.0,Low Access
05095,Monroe County,AR,101.0,7.0,7.07,6681.0,AR,MONROE,0.0,,-1.0,2.0881534822818573,0.0,2.0881534822818573,0.58355887384624,0.41644112615376006,INSUFFICIENT DATA,,
05097,Montgomery County,AR,88.6,11.2,9.923199999999998,8571.0,AR,MONTGOMERY,0.0,,-1.0,2.3908889676818785,0.0,2.3908889676818785,0.6681618402624246,0.33183815973757536,INSUFFICIENT DATA,,
05099,Nevada County,AR,111.6,6.2,6.9192,8228.0,AR,NEVADA,0.0,,-1.0,2.0692901906234606,0.0,2.0692901906234606,0.5782873067269599,0.42171269327304006,INSUFFICIENT DATA,,
05101,Newton County,AR,78.4,6.1,4.7824,7175.0,AR,NEWTON,0.0,,-1.0,1.7548188214157723,0.0,1.7548188214157723,0.4904046105416259,0.5095953894583741,INSUFFICIENT DATA,,
05103,Ouachita County,AR,117.5,5.8,6.815,22317.0,AR,OUACHITA,0.0,,-1.0,2.05604496387344,0.0,2.05604496387344,0.5745857734480777,0.4254142265519223,VALID,1566.0,Moderate Access
05105,Perry County,AR,98.6,5.3,5.2258,10073.0,AR,PERRY,0.0,,-1.0,1.8287019481497722,0.0,1.8287019481497722,0.5110521130355601,0.4889478869644399,VALID,1245.0,Moderate Access
05107,Phillips County,AR,103.2,8.4,8.668800000000001,15910.0,AR,PHILLIPS,0.0,,-1.0,2.268904206625157,0.0,2.268904206625157,0.6340717743775768,0.3659282256224232,VALID,1839.0,Low Access
05109,Pike County,AR,102.8,11.5,11.822,10182.0,AR,PIKE,0.0,,-1.0,2.5511624455650654,0.0,2.5511624455650654,0.7129521351591043,0.28704786484089573,VALID,2141.0,Low Access
05111,Poinsett County,AR,83.0,9.9,8.217,22740.0,AR,POINSETT,0.0,,-1.0,2.2210496050115274,0.0,2.2210496050115274,0.6206982471618026,0.37930175283819745,VALID,1791.0,Low Access
05113,Polk County,AR,94.6,9.7,9.1762,19348.0,AR,POLK,0.0,,-1.0,2.3200516604926777,0.0,2.3200516604926777,0.648365527606107,0.351634472393893,VALID,1904.0,Low Access
05115,Pope County,AR,77.1,7.5,5.7825,63830.0,AR,POPE,1.0,14.3,1.0,1.9143457655509497,0.6931471805599453,1.3970164989327065,0.39041257349096836,0.6095874265090316,VALID,626.0,Good Access
05117,Prairie County,AR,110.7,6.0,6.642,8162.0,AR,PRAIRIE,0.0,,-1.0,2.0336593490247084,0.0,2.0336593490247084,0.5683298519833363,0.4316701480166637,INSUFFICIENT DATA,,
05119,Pulaski County,AR,90.2,9.6,8.6592,398949.0,AR,PULASKI,5.0,15.34,-0.38461538461538464,2.2679108290600247,0.0,2.2679108290600247,0.6337941634174,0.3662058365826,VALID,1836.0,Low Access
05121,Randolph County,AR,86.8,7.1,6.1628,18733.0,AR,RANDOLPH,0.0,,-1.0,1.9689009659804675,0.0,1.9689009659804675,0.550232365662501,0.449767634337499,VALID,1455.0,Moderate Access
05123,St. Francis County,AR,85.2,7.9,6.7308,22740.0,AR,ST. FRANCIS,0.0,,-1.0,2.0452123501291757,0.0,2.0452123501291757,0.5715584730455678,0.42844152695443216,VALID,1545.0,Moderate Access
05125,Saline County,AR,78.9,6.0,4.734,125724.0,AR,SALINE,1.0,15.9,-0.3333333333333333,1.7464133674611781,0.0,1.7464133674611781,0.488055608284115,0.511944391715885,VALID,1132.0,Moderate Access
05127,Scott County,AR,96.5,9.8,9.457,9839.0,AR,SCOTT,0.0,,-1.0,2.3472716106164517,0.0,2.3472716106164517,0.6559724605136548,0.34402753948634524,INSUFFICIENT DATA,,
05129,Searcy County,AR,99.4,5.8,5.7652,7861.0,AR,SEARCY,0.0,,-1.0,1.91179182511775,0.0,1.91179182511775,0.5342725493889597,0.46572745061104026,INSUFFICIENT DATA,,
05131,Sebastian County,AR,108.1,10.5,11.3505,128448.0,AR,SEBASTIAN,2.0,13.0,0.3333333333333333,2.5136965480844164,0.5108256237659907,2.0130782402031095,0.5625782207989682,0.43742177920103176,VALID,1507.0,Moderate Access
05133,Sevier County,AR,108.0,18.9,20.412,15797.0,AR,SEVIER,0.0,,-1.0,3.0639515125311347,0.0,3.0639515125311347,0.8562570277249429,0.14374297227505706,VALID,2401.0,Lowest Access
05135,Sharp County,AR,95.3,6.0,5.718,17597.0,AR,SHARP,0.0,,-1.0,1.904790491190101,0.0,1.904790491190101,0.5323159448687903,0.4676840551312097,VALID,1356.0,Moderate Access
05137,Stone County,AR,86.6,9.1,7.880599999999999,12474.0,AR,STONE,0.0,,-1.0,2.1838691222890607,0.0,2.1838691222890607,0.6103077271111056,0.3896922728888944,VALID,1737.0,Low Access
05139,Union County,AR,114.3,5.8,6.6294,38368.0,AR,UNION,1.0,13.0,1.0,2.032009205244947,0.6931471805599453,1.4828827878402278,0.414408910580842,0.585591089419158,VALID,739.0,Good Access
05141,Van Buren County,AR,98.8,9.9,9.7812,15936.0,AR,VAN BUREN,0.0,,-1.0,2.3778038765397196,0.0,2.3778038765397196,0.6645050587490517,0.33549494125094825,VALID,1972.0,Low Access
05143,Washington County,AR,93.8,12.3,11.5374,251863.0,AR,WASHINGTON,2.0,15.149999999999999,-0.3333333333333333,2.52871617718446,0.0,2.52871617718446,0.7066792633566338,0.2933207366433662,VALID,2117.0,Low Access
05145,White County,AR,106.7,9.7,10.3499,77395.0,AR,WHITE,1.0,15.7,1.0,2.4292089333159113,0.6931471805599453,1.7727439944582613,0.4954140094593449,0.5045859905406551,VALID,1162.0,Moderate Access
05147,Woodruff County,AR,98.5,8.0,7.88,6157.0,AR,WOODRUFF,0.0,,-1.0,2.1838015570040787,0.0,2.1838015570040787,0.6102888452032623,0.3897111547967377,INSUFFICIENT DATA,,
05149,Yell County,AR,73.4,8.3,6.092200000000002,20195.0,AR,YELL,0.0,,-1.0,1.958995588603949,0.0,1.958995588603949,0.547464192290232,0.452535807709768,VALID,1445.0,Moderate Access
00005,Arkansas,AR,93.0,,,,AR,ARKANSAS,0.0,,-1.0,,0.0,,,,VALID,,
60000,American Samoa County,AS,3.3,,,,AS,AMERICAN SAMOA,0.0,,-1.0,,0.0,,,,VALID,,
04001,Apache County,AZ,76.8,20.4,15.667199999999998,65680.0,AZ,APACHE,0.0,,-1.0,2.8134427162480473,0.0,2.8134427162480473,0.7862494194298917,0.21375058057010832,VALID,2314.0,Lowest Access
04003,Cochise County,AZ,71.5,8.0,5.72,125458.0,AZ,COCHISE,1.0,15.3,-0.5,1.9050881545350582,0.0,1.9050881545350582,0.5323991303663327,0.4676008696336673,VALID,1357.0,Moderate Access
04005,Coconino County,AZ,54.0,10.9,5.886,144643.0,AZ,COCONINO,1.0,13.1,-0.5,1.929490364916332,0.0,1.929490364916332,0.5392186130002883,0.4607813869997117,VALID,1387.0,Moderate Access
04007,Gila County,AZ,66.9,10.0,6.69,53610.0,AZ,GILA,1.0,13.2,-0.3333333333333333,2.0399207835175526,0.0,2.0399207835175526,0.5700796829666955,0.42992031703330447,VALID,1535.0,Moderate Access
04009,Graham County,AZ,79.5,8.8,6.996,38860.0,AZ,GRAHAM,0.0,,-1.0,2.0789414166381537,0.0,2.0789414166381537,0.5809844545334589,0.4190155454665411,VALID,1602.0,Moderate Access
04011,Greenlee County,AZ,75.2,2.6,1.9552,9452.0,AZ,GREENLEE,0.0,,-1.0,1.0835663304628385,0.0,1.0835663304628385,0.30281526377630796,0.697184736223692,INSUFFICIENT DATA,,
04012,La Paz County,AZ,72.0,12.9,9.288,16605.0,AZ,LA PAZ,0.0,,-1.0,2.3309781674952634,0.0,2.3309781674952634,0.6514190675760397,0.34858093242396027,VALID,1919.0,Low Access
04013,Maricopa County,AZ,65.9,10.7,7.0513,4491987.0,AZ,MARICOPA,23.0,13.68695652173913,-0.1320754716981132,2.085833569075485,0.0,2.085833569075485,0.5829105470112546,0.41708945298874545,VALID,1613.0,Moderate Access
04015,Mohave County,AZ,77.4,9.7,7.5078,217420.0,AZ,MOHAVE,4.0,13.675,0.6,2.1409833897744313,1.2237754316221157,1.1194884178386062,0.3128541105531752,0.6871458894468248,VALID,275.0,Good Access
04017,Navajo County,AZ,101.2,15.3,15.4836,107744.0,AZ,NAVAJO,1.0,12.4,-0.6,2.8023659472272824,0.0,2.8023659472272824,0.7831538869843796,0.2168461130156204,VALID,2303.0,Lowest Access
04019,Pima County,AZ,69.7,8.9,6.2033000000000005,1049947.0,AZ,PIMA,7.0,14.0,0.07692307692307693,1.9745392543527038,0.43078291609245434,1.6429156394635225,0.45913195965941866,0.5408680403405813,VALID,984.0,Moderate Access
04021,Pinal County,AZ,59.5,10.1,6.009499999999999,449219.0,AZ,PINAL,1.0,14.0,-0.6,1.9472663718264533,0.0,1.9472663718264533,0.5441863257005146,0.4558136742994854,VALID,1419.0,Moderate Access
04023,Santa Cruz County,AZ,70.9,14.5,10.280500000000002,48209.0,AZ,SANTA CRUZ,0.0,,-1.0,2.4230755713286687,0.0,2.4230755713286687,0.6771567624922461,0.3228432375077539,VALID,2022.0,Low Access
04025,Yavapai County,AZ,64.1,10.7,6.858699999999999,241656.0,AZ,YAVAPAI,2.0,13.899999999999999,0.0,2.061621198359917,0.0,2.061621198359917,0.5761441172886249,0.4238558827113751,VALID,1578.0,Moderate Access
04027,Yuma County,AZ,66.5,14.7,9.7755,207685.0,AZ,YUMA,1.0,13.8,0.0,2.3772750386254895,0.0,2.3772750386254895,0.6643572688187167,0.3356427311812833,VALID,1971.0,Low Access
00004,Arizona,AZ,66.5,,,,AZ,ARIZONA,0.0,,-1.0,,0.0,,,,VALID,,
06001,Alameda County,CA,79.3,4.1,3.251299999999999,1651949.0,CA,ALAMEDA,9.0,12.522222222222222,0.2,1.4472248185167973,1.0296194171811583,0.8662812728531603,0.2420924172048202,0.7579075827951798,VALID,97.0,Highest Access
06003,Alpine County,CA,65.7,5.0,3.285,1695.0,CA,ALPINE,0.0,,-1.0,1.4551205520497432,0.0,1.4551205520497432,0.40665042961150005,0.5933495703884999,INSUFFICIENT DATA,,
06005,Amador County,CA,77.0,5.9,4.543,41029.0,CA,AMADOR,1.0,14.0,1.0,1.7125358704376676,0.6931471805599453,1.2497433374200086,0.3492553688078095,0.6507446311921905,VALID,421.0,Good Access
06007,Butte County,CA,87.4,6.4,5.5936,209470.0,CA,BUTTE,2.0,14.0,0.3333333333333333,1.886099481602416,0.5108256237659907,1.510471034447504,0.42211876824127686,0.5778812317587232,VALID,784.0,Good Access
06009,Calaveras County,CA,74.6,5.3,3.9537999999999993,45995.0,CA,CALAVERAS,1.0,14.5,1.0,1.6001549588351833,0.6931471805599453,1.1677320359618395,0.32633635297507685,0.6736636470249231,VALID,327.0,Good Access
06011,Colusa County,CA,73.8,9.0,6.642,21895.0,CA,COLUSA,0.0,,-1.0,2.0336593490247084,0.0,2.0336593490247084,0.5683298519833363,0.4316701480166637,VALID,1528.0,Moderate Access
06013,Contra Costa County,CA,86.4,4.8,4.147200000000001,1161458.0,CA,CONTRA COSTA,6.0,14.183333333333332,0.375,1.638452877502625,1.1786549963416462,0.8855449634648815,0.24747588048703745,0.7525241195129626,VALID,105.0,Highest Access
06015,Del Norte County,CA,80.6,5.9,4.7554,27293.0,CA,DEL NORTE,1.0,13.4,1.0,1.7501385445369544,0.6931471805599453,1.2771843342691722,0.35692407580391455,0.6430759241960855,VALID,461.0,Good Access
06017,El Dorado County,CA,72.0,4.0,2.88,192299.0,CA,EL DORADO,1.0,14.9,0.0,1.355835153635182,0.0,1.355835153635182,0.37890396567587825,0.6210960343241217,VALID,574.0,Good Access
06019,Fresno County,CA,85.6,7.0,5.991999999999999,1012152.0,CA,FRESNO,3.0,12.933333333333332,-0.25,1.9447666383532343,0.0,1.9447666383532343,0.5434877459922102,0.45651225400778983,VALID,1413.0,Moderate Access
06021,Glenn County,CA,84.7,8.9,7.5383,28623.0,CA,GLENN,0.0,,-1.0,2.1445619247529133,0.0,2.1445619247529133,0.5993228717722251,0.4006771282277749,VALID,1695.0,Moderate Access
06023,Humboldt County,CA,161.5,5.8,9.367,135418.0,CA,HUMBOLDT,1.0,17.0,-0.6,2.3386276843409752,0.0,2.3386276843409752,0.6535568143814486,0.34644318561855136,VALID,1928.0,Low Access
06025,Imperial County,CA,73.3,6.8,4.984399999999999,179319.0,CA,IMPERIAL,2.0,11.7,1.0,1.7891560833579399,1.0986122886681096,1.0228295070439228,0.28584164925224104,0.7141583507477589,VALID,195.0,Highest Access
06027,Inyo County,CA,75.0,7.1,5.325,18803.0,CA,INYO,0.0,,-1.0,1.8445100346135839,0.0,1.8445100346135839,0.5154698673877953,0.4845301326122047,VALID,1263.0,Moderate Access
06029,Kern County,CA,82.9,7.8,6.4662,910433.0,CA,KERN,4.0,16.375,-0.3,2.010386168239678,0.0,2.010386168239678,0.5618258898536508,0.4381741101463492,VALID,1504.0,Moderate Access
06031,Kings County,CA,78.9,7.9,6.2331,152830.0,CA,KINGS,1.0,15.2,1.0,1.9786677132934856,0.6931471805599453,1.443956202228129,0.4035304216885157,0.5964695783114843,VALID,688.0,Good Access
06033,Lake County,CA,65.2,6.4,4.1728000000000005,68139.0,CA,LAKE,1.0,13.3,0.0,1.6434141279890317,0.0,1.6434141279890317,0.459271268098688,0.540728731901312,VALID,986.0,Moderate Access
06035,Lassen County,CA,67.2,6.7,4.5024,31177.0,CA,LASSEN,0.0,,-1.0,1.7051843606958648,0.0,1.7051843606958648,0.4765336809153117,0.5234663190846883,VALID,1068.0,Moderate Access
06037,Los Angeles County,CA,68.0,8.7,5.916,9848406.0,CA,LOS ANGELES,48.0,12.116666666666667,0.14772727272727273,1.9338375678210442,2.0907410969337694,0.3575282087000882,0.09991543275319693,0.9000845672468031,VALID,3.0,Highest Access
06039,Madera County,CA,83.9,7.5,6.2925,158790.0,CA,MADERA,0.0,,-1.0,1.9868464227597395,0.0,1.9868464227597395,0.5552474331073157,0.4447525668926843,VALID,1472.0,Moderate Access
06041,Marin County,CA,60.1,3.8,2.2838,258765.0,CA,MARIN,2.0,11.399999999999999,0.3333333333333333,1.1890012883957903,0.5108256237659907,0.9522042837935448,0.2661046059291167,0.7338953940708832,VALID,138.0,Highest Access
06043,Mariposa County,CA,85.3,6.5,5.544499999999999,17060.0,CA,MARIPOSA,0.0,,-1.0,1.878625002249637,0.0,1.878625002249637,0.5250036934517881,0.4749963065482119,VALID,1318.0,Moderate Access
06045,Mendocino County,CA,66.9,8.2,5.4858,90709.0,CA,MENDOCINO,3.0,13.266666666666666,1.0,1.8696151717636913,1.3862943611198906,0.8591324647502186,0.24009459930431953,0.7599054006956805,VALID,92.0,Highest Access
06047,Merced County,CA,83.3,9.0,7.496999999999999,285597.0,CA,MERCED,2.0,12.7,1.0,2.139713160021404,1.0986122886681096,1.2232369087511532,0.34184783780257894,0.6581521621974211,VALID,391.0,Good Access
06049,Modoc County,CA,85.6,9.8,8.3888,8646.0,CA,MODOC,0.0,,-1.0,2.2395174895264707,0.0,2.2395174895264707,0.6258593131377029,0.37414068686229707,INSUFFICIENT DATA,,
06051,Mono County,CA,76.2,11.6,8.8392,13169.0,CA,MONO,0.0,,-1.0,2.286374406946064,0.0,2.286374406946064,0.6389540258555649,0.36104597414443507,VALID,1860.0,Low Access
06053,Monterey County,CA,74.5,9.9,7.375500000000001,435834.0,CA,MONTEREY,3.0,12.6,0.5,2.1253107774216042,0.9162907318741551,1.3660745133454337,0.3817654743111973,0.6182345256888027,VALID,586.0,Good Access
06055,Napa County,CA,66.9,5.7,3.8133,136070.0,CA,NAPA,2.0,14.350000000000001,0.3333333333333333,1.5713829195648348,0.5108256237659907,1.258432233919975,0.3516835823943635,0.6483164176056365,VALID,432.0,Good Access
06057,Nevada County,CA,68.5,5.2,3.562,102452.0,CA,NEVADA,1.0,11.8,0.0,1.5177611238621962,0.0,1.5177611238621962,0.42415606885407825,0.5758439311459218,VALID,794.0,Good Access
06059,Orange County,CA,70.7,6.8,4.8076,3164063.0,CA,ORANGE,12.0,12.641666666666667,-0.10714285714285714,1.7591674046273955,0.0,1.7591674046273955,0.49161987289821685,0.5083801271017832,VALID,1147.0,Moderate Access
06061,Placer County,CA,110.3,3.4,3.7502,412435.0,CA,PLACER,2.0,12.45,0.3333333333333333,1.5581867224233061,0.5108256237659907,1.2478641415465,0.34873020557771833,0.6512697944222816,VALID,418.0,Good Access
06063,Plumas County,CA,51.9,5.0,2.595,19607.0,CA,PLUMAS,0.0,,-1.0,1.27954399117301,0.0,1.27954399117301,0.3575835094792411,0.6424164905207589,VALID,466.0,Good Access
06065,Riverside County,CA,80.4,8.0,6.432,2449909.0,CA,RIVERSIDE,9.0,12.666666666666666,0.058823529411764705,2.0057950015115376,0.42488319396526597,1.6735355811831707,0.46768905991989823,0.5323109400801018,VALID,1027.0,Moderate Access
06067,Sacramento County,CA,103.9,5.1,5.2989,1584047.0,CA,SACRAMENTO,8.0,13.2875,0.21428571428571427,1.840375014977975,0.9985288301111271,1.123921294234577,0.31409292962441776,0.6859070703755823,VALID,279.0,Good Access
06069,San Benito County,CA,83.0,6.3,5.229,66056.0,CA,SAN BENITO,0.0,,-1.0,1.8292158062720085,0.0,1.8292158062720085,0.5111957166881045,0.4888042833118955,VALID,1247.0,Moderate Access
06071,San Bernardino County,CA,88.1,8.5,7.488499999999999,2187816.0,CA,SAN BERNARDINO,7.0,13.757142857142856,-0.43478260869565216,2.138712306268551,0.0,2.138712306268551,0.597688127581183,0.40231187241881705,VALID,1686.0,Moderate Access
06073,San Diego County,CA,84.2,6.8,5.725600000000001,3282782.0,CA,SAN DIEGO,13.0,13.323076923076922,0.18181818181818182,1.9059211408389503,1.213022639845854,1.0045678697215286,0.2807382214626326,0.7192617785373674,VALID,172.0,Highest Access
06075,San Francisco County,CA,68.9,3.5,2.4115,836321.0,CA,SAN FRANCISCO,7.0,12.157142857142857,0.15384615384615385,1.2271520772733413,0.7308875085427924,0.8774726102100723,0.24521996710967503,0.7547800328903249,VALID,102.0,Highest Access
06077,San Joaquin County,CA,93.9,6.4,6.009600000000001,787416.0,CA,SAN JOAQUIN,5.0,13.36,0.25,1.9472806380774972,0.8109302162163288,1.3316315593631876,0.37213998863288716,0.6278600113671129,VALID,536.0,Good Access
06079,San Luis Obispo County,CA,118.7,5.8,6.884600000000001,281486.0,CA,SAN LUIS OBISPO,3.0,14.366666666666667,1.0,2.0649114898955103,1.3862943611198906,0.9488757497252507,0.26517440821667176,0.7348255917833282,VALID,134.0,Highest Access
06081,San Mateo County,CA,66.8,3.9,2.6052,745100.0,CA,SAN MATEO,4.0,13.575,0.3333333333333333,1.2823772477001176,0.8472978603872036,0.8587605025878959,0.23999065013468224,0.7600093498653178,VALID,91.0,Highest Access
06083,Santa Barbara County,CA,86.8,9.2,7.9856,443975.0,CA,SANTA BARBARA,3.0,14.933333333333332,0.0,2.1956232959692454,0.0,2.1956232959692454,0.6135925681986996,0.38640743180130044,VALID,1753.0,Low Access
06085,Santa Clara County,CA,62.8,4.0,2.512,1903297.0,CA,SANTA CLARA,6.0,11.466666666666667,0.0,1.2561856757728702,0.0,1.2561856757728702,0.35105575548725226,0.6489442445127478,VALID,427.0,Good Access
06087,Santa Cruz County,CA,77.3,5.3,4.0969,266021.0,CA,SANTA CRUZ,2.0,11.2,0.25,1.6286325117814906,0.4054651081081644,1.371179609042121,0.383192152915483,0.6168078470845171,VALID,594.0,Good Access
06089,Shasta County,CA,75.8,6.7,5.0786,181554.0,CA,SHASTA,2.0,13.25,0.0,1.8047744063055497,0.0,1.8047744063055497,0.5043652820669549,0.49563471793304514,VALID,1208.0,Moderate Access
06091,Sierra County,CA,79.8,12.4,9.8952,2731.0,CA,SIERRA,0.0,,-1.0,2.3883223252726107,0.0,2.3883223252726107,0.6674445620706504,0.3325554379293496,INSUFFICIENT DATA,,
06093,Siskiyou County,CA,84.9,6.4,5.4336,43834.0,CA,SISKIYOU,2.0,14.600000000000001,1.0,1.8615342571608726,1.0986122886681096,1.0642068538948752,0.297405031990133,0.702594968009867,VALID,224.0,Highest Access
06095,Solano County,CA,109.8,4.9,5.380199999999999,450824.0,CA,SOLANO,2.0,12.899999999999999,-0.3333333333333333,1.8531994448277438,0.0,1.8531994448277438,0.5178982245377793,0.48210177546222066,VALID,1276.0,Moderate Access
06097,Sonoma County,CA,77.8,5.4,4.2012,485642.0,CA,SONOMA,4.0,13.575,0.14285714285714285,1.6488893681950278,0.4519851237430572,1.3583286742950833,0.3796008091409545,0.6203991908590455,VALID,577.0,Good Access
06099,Stanislaus County,CA,90.7,6.0,5.442,552250.0,CA,STANISLAUS,3.0,13.1,0.2,1.8628390509090071,0.4700036292457356,1.5214907462803282,0.42519835538936607,0.5748016446106339,VALID,800.0,Good Access
06101,Sutter County,CA,109.1,6.0,6.545999999999999,98971.0,CA,SUTTER,0.0,,-1.0,2.0210176215421187,0.0,2.0210176215421187,0.5647969736217565,0.4352030263782435,VALID,1514.0,Moderate Access
06103,Tehama County,CA,78.5,6.4,5.024,65520.0,CA,TEHAMA,1.0,12.8,1.0,1.7957514904975924,0.6931471805599453,1.3104709218954143,0.3662264014012301,0.6337735985987699,VALID,507.0,Good Access
06105,Trinity County,CA,49.8,12.4,6.1752,15886.0,CA,TRINITY,0.0,,-1.0,1.9706306358216563,0.0,1.9706306358216563,0.5507157420968553,0.44928425790314475,VALID,1457.0,Moderate Access
06107,Tulare County,CA,87.0,8.0,6.96,475774.0,CA,TULARE,2.0,13.1,0.0,2.0744289998562917,0.0,2.0744289998562917,0.5797234069725916,0.4202765930274084,VALID,1592.0,Moderate Access
06109,Tuolumne County,CA,78.1,5.8,4.5298,54873.0,CA,TUOLUMNE,1.0,13.5,1.0,1.7101516485149444,0.6931471805599453,1.2480034232294273,0.34876912947039485,0.6512308705296052,VALID,419.0,Good Access
06111,Ventura County,CA,66.9,7.9,5.285100000000001,838259.0,CA,VENTURA,5.0,12.68,0.42857142857142855,1.8381817528145996,1.1451323043030026,1.0175178671106182,0.28435724944923,0.71564275055077,VALID,187.0,Highest Access
06113,Yolo County,CA,96.2,4.6,4.4252,217782.0,CA,YOLO,2.0,11.600000000000001,1.0,1.6910547651064227,1.0986122886681096,0.9667466845775701,0.27016864963881226,0.7298313503611877,VALID,148.0,Highest Access
06115,Yuba County,CA,143.5,6.9,9.9015,83079.0,CA,YUBA,1.0,13.1,1.0,2.3889003944459657,0.6931471805599453,1.7433283607401917,0.487193467132527,0.512806532867473,VALID,1127.0,Moderate Access
00006,California,CA,78.3,,,,CA,CALIFORNIA,0.0,,-1.0,,0.0,,,,VALID,,
08001,Adams County,CO,71.0,11.1,7.881,524408.0,CO,ADAMS,2.0,13.350000000000001,-0.2,2.1839141632763672,0.0,2.1839141632763672,0.6103203143409489,0.3896796856590511,VALID,1738.0,Low Access
08003,Alamosa County,CO,72.0,6.4,4.6080000000000005,16515.0,CO,ALAMOSA,0.0,,-1.0,1.724194149732289,0.0,1.724194149732289,0.48184618843752114,0.5181538115624789,VALID,1103.0,Moderate Access
08005,Arapahoe County,CO,64.0,9.0,5.76,655709.0,CO,ARAPAHOE,3.0,12.233333333333334,0.75,1.9110228900548727,1.1786549963416462,1.032862597753583,0.28864551360675605,0.711354486393244,VALID,203.0,Highest Access
08007,Archuleta County,CO,70.8,11.5,8.142,13730.0,CO,ARCHULETA,0.0,,-1.0,2.2128791799095526,0.0,2.2128791799095526,0.6184149264615717,0.3815850735384283,VALID,1775.0,Low Access
08009,Baca County,CO,51.2,7.7,3.9424,3460.0,CO,BACA,0.0,,-1.0,1.5978510431821802,0.0,1.5978510431821802,0.4465381320124498,0.5534618679875503,INSUFFICIENT DATA,,
08011,Bent County,CO,64.1,8.2,5.256199999999999,5524.0,CO,BENT,0.0,,-1.0,1.8335729720414653,0.0,1.8335729720414653,0.5124133775406999,0.48758662245930007,INSUFFICIENT DATA,,
08013,Boulder County,CO,70.3,4.4,3.0932,328317.0,CO,BOULDER,4.0,13.95,0.3333333333333333,1.4093270602304633,0.8472978603872036,0.9437740857651709,0.2637486886512532,0.7362513113487468,VALID,131.0,Highest Access
08014,Broomfield County,CO,62.4,4.8,2.9952,75110.0,CO,BROOMFIELD,1.0,14.2,1.0,1.3850936405433718,0.6931471805599453,1.0107884914139136,0.28247664683233525,0.7175233531676648,VALID,178.0,Highest Access
08015,Chaffee County,CO,61.2,7.3,4.4676,19876.0,CO,CHAFFEE,0.0,,-1.0,1.6988397632963608,0.0,1.6988397632963608,0.47476060908659895,0.525239390913401,VALID,1062.0,Moderate Access
08017,Cheyenne County,CO,61.2,8.0,4.896,1732.0,CO,CHEYENNE,0.0,,-1.0,1.7742741548870353,0.0,1.7742741548870353,0.49584163065874237,0.5041583693412577,INSUFFICIENT DATA,,
08019,Clear Creek County,CO,60.6,6.9,4.1814,9358.0,CO,CLEAR CREEK,0.0,,-1.0,1.645075290025232,0.0,1.645075290025232,0.4597354992269774,0.5402645007730227,INSUFFICIENT DATA,,
08021,Conejos County,CO,65.4,13.5,8.829,7536.0,CO,CONEJOS,0.0,,-1.0,2.285337199584492,0.0,2.285337199584492,0.6386641661469757,0.36133583385302426,INSUFFICIENT DATA,,
08023,Costilla County,CO,60.4,8.3,5.0132,3571.0,CO,COSTILLA,0.0,,-1.0,1.7939570527715423,0.0,1.7939570527715423,0.5013422463083936,0.49865775369160636,INSUFFICIENT DATA,,
08025,Crowley County,CO,79.3,7.7,6.1061000000000005,5734.0,CO,CROWLEY,0.0,,-1.0,1.9609535701145089,0.0,1.9609535701145089,0.5480113730865716,0.45198862691342845,INSUFFICIENT DATA,,
08027,Custer County,CO,69.4,7.8,5.413200000000001,5073.0,CO,CUSTER,0.0,,-1.0,1.8583583663325454,0.0,1.8583583663325454,0.5193399453926628,0.4806600546073372,INSUFFICIENT DATA,,
08029,Delta County,CO,86.3,11.0,9.493,31353.0,CO,DELTA,0.0,,-1.0,2.350708368175774,0.0,2.350708368175774,0.6569329025443857,0.34306709745561426,VALID,1943.0,Low Access
08031,Denver County,CO,67.2,8.8,5.9136000000000015,713734.0,CO,DENVER,2.0,12.25,-0.42857142857142855,1.9334904861955318,0.0,1.9334904861955318,0.5403364936008979,0.45966350639910214,VALID,1400.0,Moderate Access
08033,Dolores County,CO,54.1,6.7,3.6247,2385.0,CO,DOLORES,0.0,,-1.0,1.5314115039957072,0.0,1.5314115039957072,0.4279708269769247,0.5720291730230753,INSUFFICIENT DATA,,
08035,Douglas County,CO,56.5,3.7,2.0905,368283.0,CO,DOUGLAS,4.0,12.125,0.6,1.128332890117191,1.2237754316221157,0.5899885108803384,0.16487917862020354,0.8351208213797965,VALID,23.0,Highest Access
08037,Eagle County,CO,33.0,10.1,3.333,55374.0,CO,EAGLE,0.0,,-1.0,1.4662601427577724,0.0,1.4662601427577724,0.4097635183110826,0.5902364816889174,VALID,716.0,Good Access
08039,Elbert County,CO,62.1,4.6,2.8566,27152.0,CO,ELBERT,0.0,,-1.0,1.3497859663033676,0.0,1.3497859663033676,0.37721344964006415,0.6227865503599359,VALID,563.0,Good Access
08041,El Paso County,CO,81.0,7.1,5.751,736008.0,CO,EL PASO,2.0,16.95,-0.75,1.9096906420597335,0.0,1.9096906420597335,0.533685349248029,0.466314650751971,VALID,1362.0,Moderate Access
08043,Fremont County,CO,76.4,5.9,4.5076,49394.0,CO,FREMONT,0.0,,-1.0,1.7061289565880804,0.0,1.7061289565880804,0.47679765926737167,0.5232023407326283,VALID,1070.0,Moderate Access
08045,Garfield County,CO,56.9,17.9,10.185099999999998,62034.0,CO,GARFIELD,1.0,15.5,0.0,2.4145825354474995,0.0,2.4145825354474995,0.6747832844426658,0.3252167155573342,VALID,2017.0,Low Access
08047,Gilpin County,CO,66.0,7.4,4.884,5877.0,CO,GILPIN,0.0,,-1.0,1.772236802739191,0.0,1.772236802739191,0.4952722688110084,0.5047277311889916,INSUFFICIENT DATA,,
08049,Grand County,CO,51.1,13.2,6.7452,15794.0,CO,GRAND,0.0,,-1.0,2.047073296647106,0.0,2.047073296647106,0.5720785362801462,0.42792146371985385,VALID,1551.0,Moderate Access
08051,Gunnison County,CO,70.6,6.2,4.377199999999999,17158.0,CO,GUNNISON,0.0,,-1.0,1.6821677925979603,0.0,1.6821677925979603,0.47010143219749184,0.5298985678025081,VALID,1043.0,Moderate Access
08053,Hinsdale County,CO,59.2,10.6,6.2752,939.0,CO,HINSDALE,0.0,,-1.0,1.984471304088609,0.0,1.984471304088609,0.5545836784605732,0.4454163215394268,INSUFFICIENT DATA,,
08055,Huerfano County,CO,69.9,4.2,2.9358000000000004,6946.0,CO,HUERFANO,0.0,,-1.0,1.3701141648908524,0.0,1.3701141648908524,0.3828944021062939,0.6171055978937061,INSUFFICIENT DATA,,
08057,Jackson County,CO,67.4,7.5,5.055000000000001,1422.0,CO,JACKSON,0.0,,-1.0,1.8008843770050555,0.0,1.8008843770050555,0.5032781679553309,0.49672183204466913,INSUFFICIENT DATA,,
08059,Jefferson County,CO,66.7,5.2,3.4684000000000004,579715.0,CO,JEFFERSON,2.0,13.0,0.0,1.4970304027145562,0.0,1.4970304027145562,0.41836262675818525,0.5816373732418147,VALID,761.0,Good Access
08061,Kiowa County,CO,83.8,7.0,5.8660000000000005,1356.0,CO,KIOWA,0.0,,-1.0,1.9265816950355004,0.0,1.9265816950355004,0.5384057512377546,0.4615942487622454,INSUFFICIENT DATA,,
08063,Kit Carson County,CO,55.7,10.8,6.015600000000001,7015.0,CO,KIT CARSON,0.0,,-1.0,1.948136240901846,0.0,1.948136240901846,0.5444294207710336,0.4555705792289664,INSUFFICIENT DATA,,
08065,Lake County,CO,33.5,13.3,4.4555,7411.0,CO,LAKE,0.0,,-1.0,1.6966242741130162,0.0,1.6966242741130162,0.4741414647642006,0.5258585352357994,INSUFFICIENT DATA,,
08067,La Plata County,CO,65.9,9.5,6.2605,56088.0,CO,LA PLATA,1.0,12.7,0.0,1.9824486969886552,0.0,1.9824486969886552,0.5540184372886491,0.4459815627113509,VALID,1467.0,Moderate Access
08069,Larimer County,CO,73.6,5.7,4.1952,363561.0,CO,LARIMER,3.0,14.366666666666667,0.2,1.6477351223664445,0.4700036292457356,1.345802655241893,0.3761002668510896,0.6238997331489105,VALID,555.0,Good Access
08071,Las Animas County,CO,70.5,8.5,5.9925,14392.0,CO,LAS ANIMAS,0.0,,-1.0,1.9448381460939776,0.0,1.9448381460939776,0.5435077296653518,0.45649227033464823,VALID,1414.0,Moderate Access
08073,Lincoln County,CO,70.2,7.9,5.545800000000001,5561.0,CO,LINCOLN,0.0,,-1.0,1.8788236226027648,0.0,1.8788236226027648,0.5250592002287457,0.47494079977125425,INSUFFICIENT DATA,,
08075,Logan County,CO,61.2,8.8,5.3856,21067.0,CO,LOGAN,0.0,,-1.0,1.8540454553123324,0.0,1.8540454553123324,0.5181346520465031,0.4818653479534969,VALID,1277.0,Moderate Access
08077,Mesa County,CO,97.3,9.8,9.5354,157316.0,CO,MESA,1.0,13.9,-0.6,2.3547410152112027,0.0,2.3547410152112027,0.6580598728473744,0.34194012715262556,VALID,1947.0,Low Access
08079,Mineral County,CO,55.9,15.6,8.7204,799.0,CO,MINERAL,0.0,,-1.0,2.274226769888991,0.0,2.274226769888991,0.6355592268328552,0.36444077316714485,INSUFFICIENT DATA,,
08081,Moffat County,CO,60.2,8.9,5.357800000000001,13258.0,CO,MOFFAT,0.0,,-1.0,1.8496824055610066,0.0,1.8496824055610066,0.5169153468464674,0.48308465315353255,VALID,1272.0,Moderate Access
08083,Montezuma County,CO,67.1,11.4,7.649399999999999,26204.0,CO,MONTEZUMA,1.0,13.1,1.0,2.1574899543761332,0.6931471805599453,1.5744538509100445,0.4399995134246192,0.5600004865753808,VALID,880.0,Good Access
08085,Montrose County,CO,68.0,12.9,8.772,43272.0,CO,MONTROSE,1.0,13.3,1.0,2.279521153395494,0.6931471805599453,1.6635075639238603,0.46488661340032583,0.5351133865996742,VALID,1013.0,Moderate Access
08087,Morgan County,CO,69.6,10.8,7.5168,29186.0,CO,MORGAN,0.0,,-1.0,2.1420406834363557,0.0,2.1420406834363557,0.5986182814459541,0.4013817185540459,VALID,1690.0,Moderate Access
08089,Otero County,CO,71.0,7.1,5.041,18460.0,CO,OTERO,0.0,,-1.0,1.7985695611566044,0.0,1.7985695611566044,0.502631265636538,0.49736873436346196,VALID,1198.0,Moderate Access
08091,Ouray County,CO,54.8,14.3,7.8364,5024.0,CO,OURAY,0.0,,-1.0,2.178879553885893,0.0,2.178879553885893,0.6089133339579982,0.3910866660420018,INSUFFICIENT DATA,,
08093,Park County,CO,63.4,7.0,4.438,17739.0,CO,PARK,0.0,,-1.0,1.693411346210279,0.0,1.693411346210279,0.4732435745446456,0.5267564254553544,VALID,1055.0,Moderate Access
08095,Phillips County,CO,58.7,5.5,3.2285000000000004,4491.0,CO,PHILLIPS,0.0,,-1.0,1.44184732024014,0.0,1.44184732024014,0.40294106999170437,0.5970589300082956,INSUFFICIENT DATA,,
08097,Pitkin County,CO,25.4,4.5,1.143,17119.0,CO,PITKIN,0.0,,-1.0,0.76220671649144,0.0,0.76220671649144,0.2130075671582015,0.7869924328417985,VALID,63.0,Highest Access
08099,Prowers County,CO,45.3,10.1,4.5753,11931.0,CO,PROWERS,0.0,,-1.0,1.71834612755758,0.0,1.71834612755758,0.48021189035385164,0.5197881096461483,VALID,1092.0,Moderate Access
08101,Pueblo County,CO,75.5,5.7,4.3035000000000005,168726.0,CO,PUEBLO,1.0,13.0,-0.3333333333333333,1.668366979963388,0.0,1.668366979963388,0.46624463395563404,0.5337553660443659,VALID,1017.0,Moderate Access
08103,Rio Blanco County,CO,54.7,9.6,5.2512,6518.0,CO,RIO BLANCO,0.0,,-1.0,1.832773445318669,0.0,1.832773445318669,0.5121899404619967,0.48781005953800327,INSUFFICIENT DATA,,
08105,Rio Grande County,CO,65.1,13.8,8.9838,11394.0,CO,RIO GRANDE,0.0,,-1.0,2.3009637793751456,0.0,2.3009637793751456,0.6430311963399561,0.3569688036600439,VALID,1878.0,Low Access
08107,Routt County,CO,42.6,8.0,3.408,24990.0,CO,ROUTT,0.0,,-1.0,1.4834210718506133,0.0,1.4834210718506133,0.4145593403330491,0.5854406596669509,VALID,740.0,Good Access
08109,Saguache County,CO,65.6,11.0,7.215999999999999,6511.0,CO,SAGUACHE,0.0,,-1.0,2.106083472626257,0.0,2.106083472626257,0.5885696190152292,0.4114303809847708,INSUFFICIENT DATA,,
08111,San Juan County,CO,52.7,12.5,6.5875,690.0,CO,SAN JUAN,0.0,,-1.0,2.0265021563856167,0.0,2.0265021563856167,0.5663296909263029,0.4336703090736971,INSUFFICIENT DATA,,
08113,San Miguel County,CO,51.9,10.8,5.6052,8026.0,CO,SAN MIGUEL,0.0,,-1.0,1.8878572176066961,0.0,1.8878572176066961,0.5275837438372531,0.47241625616274685,INSUFFICIENT DATA,,
08115,Sedgwick County,CO,57.5,8.3,4.772500000000001,2346.0,CO,SEDGWICK,0.0,,-1.0,1.7531052622465135,0.0,1.7531052622465135,0.4899257364226656,0.5100742635773343,INSUFFICIENT DATA,,
08117,Summit County,CO,36.9,10.2,3.7638,30857.0,CO,SUMMIT,0.0,,-1.0,1.561045669083677,0.0,1.561045669083677,0.4362524404468367,0.5637475595531634,VALID,859.0,Good Access
08119,Teller County,CO,81.3,7.0,5.691,24774.0,CO,TELLER,0.0,,-1.0,1.9007633398006798,0.0,1.9007633398006798,0.5311905103882506,0.4688094896117494,VALID,1349.0,Moderate Access
08121,Washington County,CO,67.4,6.3,4.2462,4839.0,CO,WASHINGTON,0.0,,-1.0,1.6575040050031395,0.0,1.6575040050031395,0.46320884875679164,0.5367911512432084,INSUFFICIENT DATA,,
08123,Weld County,CO,62.4,8.5,5.303999999999999,340711.0,CO,WELD,2.0,12.8,0.3333333333333333,1.841184352555578,0.5108256237659907,1.474501032814249,0.4120665312656634,0.5879334687343366,VALID,727.0,Good Access
08125,Yuma County,CO,57.7,14.6,8.4242,9921.0,CO,YUMA,0.0,,-1.0,2.2432808490949045,0.0,2.2432808490949045,0.626911027913589,0.373088972086411,INSUFFICIENT DATA,,
00008,Colorado,CO,68.0,,,,CO,COLORADO,0.0,,-1.0,,0.0,,,,VALID,,
00009,Connecticut,CT,58.6,,,,CT,CONNECTICUT,0.0,,-1.0,,0.0,,,,VALID,,
11001,District of Columbia County,DC,80.1,3.4,2.7234,672079.0,DC,DISTRICT OF COLUMBIA,0.0,,-1.0,1.3146372293556594,0.0,1.3146372293556594,0.3673907246706772,0.6326092753293229,VALID,512.0,Good Access
00011,District of Columbia,DC,80.4,,,,DC,DISTRICT OF COLUMBIA,0.0,,-1.0,,0.0,,,,VALID,,
10001,Kent County,DE,111.6,7.0,7.811999999999999,185043.0,DE,KENT,1.0,14.4,0.0,2.1761144289400964,0.0,2.1761144289400964,0.6081405875037242,0.39185941249627576,VALID,1727.0,Low Access
10003,New Castle County,DE,131.0,5.7,7.467,573030.0,DE,NEW CASTLE,2.0,12.1,-0.42857142857142855,2.13617625466014,0.0,2.13617625466014,0.5969793983459147,0.40302060165408526,VALID,1682.0,Moderate Access
10005,Sussex County,DE,93.2,6.9,6.4308000000000005,247799.0,DE,SUSSEX,3.0,12.966666666666667,0.5,2.0056335245351122,0.9162907318741551,1.2891502127997156,0.360268080284004,0.6397319197159961,VALID,477.0,Good Access
00010,Delaware,DE,115.4,,,,DE,DELAWARE,0.0,,-1.0,,0.0,,,,VALID,,
12001,Alachua County,FL,99.9,7.8,7.7922,281751.0,FL,ALACHUA,2.0,12.3,0.3333333333333333,2.173864964795274,0.5108256237659907,1.7409262311730325,0.4865221639754849,0.5134778360245151,VALID,1121.0,Moderate Access
12003,Baker County,FL,101.1,10.4,10.5144,28186.0,FL,BAKER,0.0,,-1.0,2.443598425966324,0.0,2.443598425966324,0.6828921138646812,0.3171078861353188,VALID,2044.0,Low Access
12005,Bay County,FL,83.9,13.8,11.578200000000002,181368.0,FL,BAY,2.0,15.2,0.3333333333333333,2.5319651567740338,0.5108256237659907,2.0277085418041043,0.5666668294183776,0.43333317058162235,VALID,1524.0,Moderate Access
12007,Bradford County,FL,100.5,11.3,11.3565,27888.0,FL,BRADFORD,0.0,,-1.0,2.5141822404078837,0.0,2.5141822404078837,0.7026175850126534,0.29738241498734663,VALID,2103.0,Low Access
12009,Brevard County,FL,95.8,9.9,9.4842,620533.0,FL,BREVARD,6.0,12.133333333333333,0.3333333333333333,2.349869361967489,1.0986122886681096,1.3433795650784341,0.3754231060106562,0.6245768939893438,VALID,551.0,Good Access
12011,Broward County,FL,114.0,13.3,15.162,1946127.0,FL,BROWARD,12.0,12.816666666666668,0.3888888888888889,2.782662807811256,1.7346010553881064,0.9008284436444703,0.25174702748735567,0.7482529725126443,VALID,115.0,Highest Access
12013,Calhoun County,FL,90.2,19.0,17.137999999999998,13593.0,FL,CALHOUN,0.0,,-1.0,2.898009185025376,0.0,2.898009185025376,0.809882506606474,0.19011749339352602,VALID,2347.0,Lowest Access
12015,Charlotte County,FL,58.8,9.8,5.7624,195083.0,FL,CHARLOTTE,3.0,13.033333333333333,1.0,1.911377856632581,1.3862943611198906,0.8783234078533113,0.24545773244578292,0.754542267554217,VALID,104.0,Highest Access
12017,Citrus County,FL,130.0,11.5,14.95,158693.0,FL,CITRUS,2.0,13.2,1.0,2.7694588292308535,1.0986122886681096,1.5832515873987751,0.44245814361695035,0.5575418563830496,VALID,890.0,Good Access
12019,Clay County,FL,97.8,8.2,8.019599999999999,223436.0,FL,CLAY,2.0,13.75,1.0,2.1993999871932193,1.0986122886681096,1.2573588328141363,0.351383607921307,0.6486163920786929,VALID,429.0,Good Access
12021,Collier County,FL,79.9,11.2,8.9488,387681.0,FL,COLLIER,2.0,14.6,0.0,2.2974519408822975,0.0,2.2974519408822975,0.6420497720656366,0.3579502279343634,VALID,1874.0,Low Access
12023,Columbia County,FL,117.5,13.8,16.215,70755.0,FL,COLUMBIA,1.0,13.6,0.0,2.8457810967904873,0.0,2.8457810967904873,0.7952867574854907,0.20471324251450929,VALID,2326.0,Lowest Access
12027,DeSoto County,FL,70.7,18.8,13.2916,34719.0,FL,DESOTO,0.0,,-1.0,2.6596719520840826,0.0,2.6596719520840826,0.7432763838137832,0.25672361618621675,VALID,2225.0,Lowest Access
12029,Dixie County,FL,84.2,17.7,14.9034,16952.0,FL,DIXIE,0.0,,-1.0,2.766532922844412,0.0,2.766532922844412,0.77313992990086,0.22686007009914,VALID,2285.0,Lowest Access
12031,Duval County,FL,106.2,11.5,12.213,1007189.0,FL,DUVAL,7.0,12.271428571428572,0.6,2.5812011934320798,1.6486586255873816,0.9220964631383721,0.2576906238801068,0.7423093761198932,VALID,124.0,Highest Access
12033,Escambia County,FL,111.6,12.1,13.5036,323275.0,FL,ESCAMBIA,3.0,13.5,1.0,2.6743968944732464,1.3862943611198906,1.2289487325360353,0.3434440736558322,0.6565559263441678,VALID,399.0,Good Access
12035,Flagler County,FL,88.3,10.8,9.5364,121710.0,FL,FLAGLER,2.0,12.0,1.0,2.3548359287924585,1.0986122886681096,1.346218865206878,0.3762165815858594,0.6237834184141406,VALID,556.0,Good Access
12037,Franklin County,FL,79.7,15.3,12.1941,12418.0,FL,FRANKLIN,0.0,,-1.0,2.579769759974625,0.0,2.579769759974625,0.7209467832164709,0.2790532167835291,VALID,2165.0,Low Access
12039,Gadsden County,FL,111.9,16.4,18.3516,43642.0,FL,GADSDEN,0.0,,-1.0,2.9627751033958827,0.0,2.9627751033958827,0.8279820987622238,0.17201790123777616,VALID,2372.0,Lowest Access
12041,Gilchrist County,FL,98.5,15.1,14.8735,18494.0,FL,GILCHRIST,0.0,,-1.0,2.764651052125489,0.0,2.764651052125489,0.7726140191539838,0.22738598084601624,VALID,2283.0,Lowest Access
12043,Glades County,FL,64.4,20.4,13.1376,12324.0,FL,GLADES,0.0,,-1.0,2.6488379148036065,0.0,2.6488379148036065,0.7402486855874566,0.2597513144125434,VALID,2207.0,Lowest Access
12045,Gulf County,FL,82.4,9.5,7.828,14772.0,FL,GULF,0.0,,-1.0,2.17792848839449,0.0,2.17792848839449,0.6086475476009001,0.3913524523990999,VALID,1728.0,Low Access
12047,Hamilton County,FL,114.3,13.3,15.2019,13445.0,FL,HAMILTON,0.0,,-1.0,2.7851285193117308,0.0,2.7851285193117308,0.7783366864731351,0.22166331352686486,VALID,2295.0,Lowest Access
12049,Hardee County,FL,142.7,16.8,23.9736,25508.0,FL,HARDEE,0.0,,-1.0,3.217819266907362,0.0,3.217819266907362,0.8992571683884161,0.10074283161158393,VALID,2422.0,Lowest Access
12051,Hendry County,FL,81.5,20.6,16.789,40798.0,FL,HENDRY,0.0,,-1.0,2.878580288743133,0.0,2.878580288743133,0.8044528746705344,0.1955471253294656,VALID,2334.0,Lowest Access
12053,Hernando County,FL,70.7,11.7,8.271899999999999,201512.0,FL,HERNANDO,2.0,11.7,0.3333333333333333,2.22698832081967,0.5108256237659907,1.7834697403093163,0.49841144438120843,0.5015885556187916,VALID,1174.0,Moderate Access
12055,Highlands County,FL,113.5,12.7,14.4145,103808.0,FL,HIGHLANDS,2.0,12.5,1.0,2.7353086248730367,1.0986122886681096,1.5637285077671772,0.4370021910442611,0.5629978089557389,VALID,861.0,Good Access
12057,Hillsborough County,FL,75.5,11.5,8.6825,1489634.0,FL,HILLSBOROUGH,7.0,12.985714285714286,0.4,2.27032013240677,1.3350010667323402,1.0886672511247286,0.304240775618368,0.695759224381632,VALID,246.0,Highest Access
12059,Holmes County,FL,92.6,13.3,12.3158,19626.0,FL,HOLMES,0.0,,-1.0,2.5889513000746014,0.0,2.5889513000746014,0.7235126718096127,0.27648732819038735,VALID,2171.0,Low Access
12061,Indian River County,FL,133.6,10.6,14.161599999999998,163856.0,FL,INDIAN RIVER,2.0,12.399999999999999,1.0,2.7187659155422743,1.0986122886681096,1.554271327710422,0.4343592716465689,0.565640728353431,VALID,849.0,Good Access
12063,Jackson County,FL,92.9,9.8,9.1042,47652.0,FL,JACKSON,1.0,16.7,1.0,2.312951178993223,0.6931471805599453,1.687903521101601,0.47170434850353593,0.5282956514964641,VALID,1049.0,Moderate Access
12065,Jefferson County,FL,83.1,9.8,8.1438,14713.0,FL,JEFFERSON,0.0,,-1.0,2.2130760539873413,0.0,2.2130760539873413,0.6184699452214946,0.38153005477850543,VALID,1776.0,Low Access
12067,Lafayette County,FL,100.6,11.0,11.066,8035.0,FL,LAFAYETTE,0.0,,-1.0,2.49039158001857,0.0,2.49039158001857,0.6959690071649776,0.30403099283502244,INSUFFICIENT DATA,,
12069,Lake County,FL,83.7,10.1,8.4537,398696.0,FL,LAKE,4.0,11.2,0.6,2.2464061992675974,1.2237754316221157,1.1746124392426394,0.3282591620138856,0.6717408379861144,VALID,336.0,Good Access
12071,Lee County,FL,52.3,12.5,6.5375,792692.0,FL,LEE,3.0,11.200000000000001,0.4,2.0198905620533036,0.7884573603642703,1.3989825600499417,0.39096201222773824,0.6090379877722618,VALID,628.0,Good Access
12073,Leon County,FL,75.3,7.7,5.7981,295335.0,FL,LEON,2.0,13.25,0.3333333333333333,1.916643161374615,0.5108256237659907,1.534931750348953,0.42895460092601034,0.5710453990739897,VALID,822.0,Good Access
12075,Levy County,FL,82.9,14.9,12.3521,44276.0,FL,LEVY,0.0,,-1.0,2.591673675846167,0.0,2.591673675846167,0.7242734715079687,0.2757265284920313,VALID,2172.0,Low Access
12077,Liberty County,FL,76.3,8.6,6.5618,7650.0,FL,LIBERTY,0.0,,-1.0,2.023109257089364,0.0,2.023109257089364,0.5653815055993165,0.43461849440068345,INSUFFICIENT DATA,,
12079,Madison County,FL,106.3,12.1,12.8623,18113.0,FL,MADISON,0.0,,-1.0,2.629172925160326,0.0,2.629172925160326,0.7347530746049293,0.26524692539507067,VALID,2199.0,Lowest Access
12081,Manatee County,FL,62.6,11.7,7.324199999999999,416020.0,FL,MANATEE,3.0,13.0,0.2,2.1191669351528857,0.4700036292457356,1.730848878267291,0.48370593003342843,0.5162940699665716,VALID,1111.0,Moderate Access
12083,Marion County,FL,47.1,12.2,5.7462,387697.0,FL,MARION,2.0,12.8,0.3333333333333333,1.9089793833983288,0.5108256237659907,1.5287942614410073,0.427239407983655,0.572760592016345,VALID,812.0,Good Access
12085,Martin County,FL,112.9,10.2,11.5158,160464.0,FL,MARTIN,1.0,11.4,0.0,2.5269918461327805,0.0,2.5269918461327805,0.7061973789093484,0.2938026210906516,VALID,2116.0,Low Access
12086,Miami-Dade County,FL,103.4,14.3,14.7862,2685296.0,FL,MIAMI-DADE,10.0,12.41,0.05,2.7591361406599004,0.4054651081081644,2.322974143814477,0.6491822496960178,0.3508177503039822,VALID,1908.0,Low Access
12087,Monroe County,FL,75.0,14.9,11.175,81840.0,FL,MONROE,0.0,,-1.0,2.4993846689686534,0.0,2.4993846689686534,0.6984822308837508,0.30151776911624917,VALID,2085.0,Low Access
12089,Nassau County,FL,87.6,7.5,6.57,94653.0,FL,NASSAU,1.0,14.0,1.0,2.0241930674493576,0.6931471805599453,1.477178868697268,0.41281488377207587,0.5871851162279241,VALID,729.0,Good Access
12091,Okaloosa County,FL,91.4,11.4,10.4196,214281.0,FL,OKALOOSA,2.0,12.15,0.0,2.435331177344728,0.0,2.435331177344728,0.6805817347012906,0.3194182652987094,VALID,2032.0,Low Access
12093,Okeechobee County,FL,93.1,17.3,16.106299999999997,40249.0,FL,OKEECHOBEE,1.0,11.4,1.0,2.839446816710874,0.6931471805599453,2.0721199493683993,0.5790781158511286,0.42092188414887144,VALID,1589.0,Moderate Access
12095,Orange County,FL,102.3,12.3,12.5829,1440471.0,FL,ORANGE,3.0,10.866666666666667,-0.2222222222222222,2.6088116486693966,0.0,2.6088116486693966,0.7290628781323336,0.2709371218676664,VALID,2182.0,Low Access
12097,Osceola County,FL,115.9,10.9,12.633100000000002,406943.0,FL,OSCEOLA,3.0,12.733333333333334,0.5,2.6125006593197595,0.9162907318741551,1.6792229186945384,0.46927845279809344,0.5307215472019066,VALID,1034.0,Moderate Access
12099,Palm Beach County,FL,87.7,13.2,11.5764,1507453.0,FL,PALM BEACH,11.0,12.436363636363637,0.5714285714285714,2.531822041796807,1.9859154836690125,0.5715554267573438,0.159727838020195,0.840272161979805,VALID,20.0,Highest Access
12101,Pasco County,FL,77.6,10.7,8.303199999999999,588758.0,FL,PASCO,6.0,12.666666666666666,0.5,2.230358426996696,1.3862943611198906,1.024902536950682,0.28642098166631047,0.7135790183336895,VALID,198.0,Highest Access
12103,Pinellas County,FL,64.7,10.7,6.922899999999999,960565.0,FL,PINELLAS,9.0,12.088888888888889,0.46153846153846156,2.069757300421691,1.6397432619294294,0.7465847483700051,0.2086418257500343,0.7913581742499657,VALID,59.0,Highest Access
12105,Polk County,FL,103.1,13.0,13.403,760961.0,FL,POLK,4.0,13.375,0.6,2.667436518216913,1.2237754316221157,1.3947629401170587,0.38978279016528644,0.6102172098347136,VALID,619.0,Good Access
12107,Putnam County,FL,101.3,15.1,15.2963,74235.0,FL,PUTNAM,1.0,12.4,1.0,2.7909380881806793,0.6931471805599453,2.03672013010982,0.569185222998098,0.43081477700190196,VALID,1530.0,Moderate Access
12109,St. Johns County,FL,66.7,6.4,4.268800000000001,292243.0,FL,ST. JOHNS,1.0,14.4,0.0,1.6618026326399629,0.0,1.6618026326399629,0.464410150444677,0.5355898495553231,VALID,1010.0,Moderate Access
12111,St. Lucie County,FL,130.3,12.1,15.7663,346237.0,FL,ST. LUCIE,2.0,13.9,0.3333333333333333,2.819370919411182,0.5108256237659907,2.2578756585607898,0.6309897178414028,0.3690102821585972,VALID,1823.0,Low Access
12113,Santa Rosa County,FL,99.2,10.4,10.3168,193719.0,FL,SANTA ROSA,2.0,14.65,0.3333333333333333,2.4262883472995886,0.5108256237659907,1.9430779264622435,0.5430158157353018,0.4569841842646982,VALID,1411.0,Moderate Access
12115,Sarasota County,FL,53.6,10.0,5.36,449011.0,FL,SARASOTA,4.0,13.0,1.0,1.8500283773520307,1.6094379124341003,0.6891844796245302,0.19260065039017657,0.8073993496098234,VALID,40.0,Highest Access
12117,Seminole County,FL,111.2,9.6,10.6752,474912.0,FL,SEMINOLE,2.0,12.8,1.0,2.4574669340292186,1.0986122886681096,1.40489123117325,0.3926132593682874,0.6073867406317126,VALID,636.0,Good Access
12119,Sumter County,FL,57.0,5.2,2.9640000000000004,137536.0,FL,SUMTER,0.0,,-1.0,1.3772536164677416,0.0,1.3772536164677416,0.3848896052163337,0.6151103947836662,VALID,603.0,Good Access
12121,Suwannee County,FL,117.4,11.9,13.9706,44484.0,FL,SUWANNEE,0.0,,-1.0,2.7060882777886692,0.0,2.7060882777886692,0.756247968032128,0.24375203196787198,VALID,2252.0,Lowest Access
12123,Taylor County,FL,96.3,9.5,9.1485,21422.0,FL,TAYLOR,0.0,,-1.0,2.317325911315544,0.0,2.317325911315544,0.647603785170174,0.35239621482982597,VALID,1898.0,Low Access
12125,Union County,FL,116.5,9.6,11.184,15551.0,FL,UNION,0.0,,-1.0,2.5001236155928606,0.0,2.5001236155928606,0.6986887381465138,0.3013112618534862,VALID,2088.0,Low Access
12127,Volusia County,FL,108.8,11.0,11.968,568229.0,FL,VOLUSIA,5.0,12.34,0.6666666666666666,2.562484784433375,1.466337068793427,1.0975566693019099,0.30672502732909734,0.6932749726709027,VALID,255.0,Good Access
12129,Wakulla County,FL,76.7,6.6,5.0622,34608.0,FL,WAKULLA,0.0,,-1.0,1.802072770503119,0.0,1.802072770503119,0.5036102783951527,0.4963897216048473,VALID,1205.0,Moderate Access
12131,Walton County,FL,70.9,14.1,9.9969,79846.0,FL,WALTON,1.0,13.4,0.0,2.397613414898346,0.0,2.397613414898346,0.6700410655579677,0.3299589344420323,VALID,1995.0,Low Access
12133,Washington County,FL,95.1,14.4,13.6944,25259.0,FL,WASHINGTON,0.0,,-1.0,2.6874664688229464,0.0,2.6874664688229464,0.7510438860710922,0.24895611392890782,VALID,2243.0,Lowest Access
00012,Florida,FL,88.6,,,,FL,FLORIDA,0.0,,-1.0,,0.0,,,,VALID,,
13001,Appling County,GA,102.6,16.4,16.8264,18426.0,GA,APPLING,0.0,,-1.0,2.880680504590621,0.0,2.880680504590621,0.8050398045131889,0.1949601954868111,VALID,2336.0,Lowest Access
13003,Atkinson County,GA,100.0,22.4,22.4,8261.0,GA,ATKINSON,1.0,12.5,1.0,3.152736022363656,0.6931471805599453,2.300746458283572,0.6429704634232727,0.3570295365767273,VALID,1877.0,Low Access
13005,Bacon County,GA,91.7,14.5,13.296500000000002,11129.0,GA,BACON,0.0,,-1.0,2.6600147520636535,0.0,2.6600147520636535,0.7433721832709258,0.2566278167290742,VALID,2227.0,Lowest Access
13007,Baker County,GA,104.0,16.9,17.576,2830.0,GA,BAKER,0.0,,-1.0,2.921870424955536,0.0,2.921870424955536,0.8165508087309916,0.18344919126900838,INSUFFICIENT DATA,,
13009,Baldwin County,GA,78.1,11.8,9.2158,43669.0,GA,BALDWIN,0.0,,-1.0,2.323935541404696,0.0,2.323935541404696,0.649450923478777,0.350549076521223,VALID,1911.0,Low Access
13011,Banks County,GA,79.7,11.8,9.4046,18757.0,GA,BANKS,0.0,,-1.0,2.3422480160504215,0.0,2.3422480160504215,0.6545685583520143,0.34543144164798567,VALID,1931.0,Low Access
13013,Barrow County,GA,81.6,15.4,12.566399999999998,86982.0,GA,BARROW,0.0,,-1.0,2.6075961475676013,0.0,2.6075961475676013,0.7287231921561153,0.27127680784388475,VALID,2180.0,Low Access
13015,Bartow County,GA,87.2,14.6,12.7312,111153.0,GA,BARTOW,1.0,15.4,1.0,2.6196706158150684,0.6931471805599453,1.911735663389724,0.5342568543382663,0.4657431456617337,VALID,1367.0,Moderate Access
13017,Ben Hill County,GA,93.9,18.7,17.5593,17138.0,GA,BEN HILL,0.0,,-1.0,2.920971011129565,0.0,2.920971011129565,0.8162994570349316,0.18370054296506844,VALID,2360.0,Lowest Access
13019,Berrien County,GA,91.1,18.8,17.1268,18257.0,GA,BERRIEN,0.0,,-1.0,2.8973915061546203,0.0,2.8973915061546203,0.8097098890334482,0.1902901109665518,VALID,2346.0,Lowest Access
13021,Bibb County,GA,91.7,13.6,12.4712,156543.0,GA,BIBB,3.0,12.4,1.0,2.6005540733139623,1.3862943611198906,1.1950162067923344,0.3339612331090185,0.6660387668909815,VALID,353.0,Good Access
13023,Bleckley County,GA,81.3,10.4,8.4552,12414.0,GA,BLECKLEY,0.0,,-1.0,2.246564854715894,0.0,2.246564854715894,0.627828781631479,0.37217121836852096,VALID,1811.0,Low Access
13025,Brantley County,GA,82.6,16.7,13.794199999999998,18171.0,GA,BRANTLEY,0.0,,-1.0,2.694235212068482,0.0,2.694235212068482,0.7529354904091999,0.24706450959080006,VALID,2247.0,Lowest Access
13027,Brooks County,GA,80.2,15.7,12.5914,16285.0,GA,BROOKS,0.0,,-1.0,2.6094372397813825,0.0,2.6094372397813825,0.7292377068735618,0.2707622931264382,VALID,2183.0,Low Access
13029,Bryan County,GA,87.8,8.6,7.550799999999999,46681.0,GA,BRYAN,0.0,,-1.0,2.1460248458229882,0.0,2.1460248458229882,0.5997317021476848,0.4002682978523152,VALID,1697.0,Moderate Access
13031,Bulloch County,GA,87.6,11.9,10.4244,81372.0,GA,BULLOCH,1.0,14.9,1.0,2.435751418989855,0.6931471805599453,1.7775184508783113,0.4967482870569225,0.5032517129430776,VALID,1170.0,Moderate Access
13033,Burke County,GA,110.6,11.4,12.6084,24427.0,GA,BURKE,0.0,,-1.0,2.6106872491353905,0.0,2.6106872491353905,0.7295870365838114,0.2704129634161886,VALID,2185.0,Lowest Access
13035,Butts County,GA,107.4,11.9,12.780600000000002,26074.0,GA,BUTTS,0.0,,-1.0,2.623261806001911,0.0,2.623261806001911,0.733101143332384,0.26689885666761604,VALID,2192.0,Lowest Access
13037,Calhoun County,GA,99.1,11.6,11.4956,5528.0,GA,CALHOUN,0.0,,-1.0,2.5253765823417136,0.0,2.5253765823417136,0.7057459745816121,0.29425402541838785,INSUFFICIENT DATA,,
13039,Camden County,GA,67.4,8.8,5.931200000000001,56036.0,GA,CAMDEN,0.0,,-1.0,1.93603295838448,0.0,1.93603295838448,0.5410470171423699,0.4589529828576301,VALID,1404.0,Moderate Access
13043,Candler County,GA,110.5,17.3,19.1165,10972.0,GA,CANDLER,0.0,,-1.0,3.0015403738369675,0.0,3.0015403738369675,0.8388155062463443,0.16118449375365573,VALID,2387.0,Lowest Access
13045,Carroll County,GA,96.8,12.6,12.196799999999998,122187.0,GA,CARROLL,2.0,14.100000000000001,1.0,2.5799743759603944,1.0986122886681096,1.4749266113199067,0.41218546414852,0.58781453585148,VALID,728.0,Good Access
13047,Catoosa County,GA,81.8,10.4,8.507200000000001,68356.0,GA,CATOOSA,0.0,,-1.0,2.2520494062861514,0.0,2.2520494062861514,0.6293615036105137,0.3706384963894863,VALID,1818.0,Low Access
13049,Charlton County,GA,80.6,17.5,14.105,12711.0,GA,CHARLTON,0.0,,-1.0,2.7150258148386355,0.0,2.7150258148386355,0.7587456671237378,0.2412543328762622,VALID,2255.0,Lowest Access
13051,Chatham County,GA,88.7,13.1,11.6197,298143.0,GA,CHATHAM,3.0,12.700000000000001,0.2,2.5352590850397054,0.4700036292457356,2.0706959280399273,0.5786801564626893,0.42131984353731067,VALID,1587.0,Moderate Access
13053,Chattahoochee County,GA,119.7,5.0,5.985,9181.0,GA,CHATTAHOOCHEE,0.0,,-1.0,1.943764992708925,0.0,1.943764992708925,0.5432078244207617,0.45679217557923835,INSUFFICIENT DATA,,
13055,Chattooga County,GA,95.4,12.1,11.543400000000002,24975.0,GA,CHATTOOGA,0.0,,-1.0,2.52919463083143,0.0,2.52919463083143,0.7068129728151494,0.29318702718485057,VALID,2118.0,Low Access
13057,Cherokee County,GA,70.2,10.8,7.581600000000001,274539.0,GA,CHEROKEE,1.0,10.1,1.0,2.1496203763010824,0.6931471805599453,1.5687109330901172,0.43839458798018965,0.5616054120198104,VALID,871.0,Good Access
13059,Clarke County,GA,85.4,11.1,9.4794,129267.0,GA,CLARKE,2.0,14.3,1.0,2.3494114253455463,1.0986122886681096,1.343117770652763,0.37534994450144715,0.6246500554985528,VALID,550.0,Good Access
13061,Clay County,GA,81.5,6.9,5.6235,2853.0,GA,CLAY,0.0,,-1.0,1.890623931142179,0.0,1.890623931142179,0.5283569342414649,0.4716430657585351,INSUFFICIENT DATA,,
13063,Clayton County,GA,107.3,17.7,18.9921,298771.0,GA,CLAYTON,1.0,15.0,0.0,2.995337195520942,0.0,2.995337195520942,0.8370819556318503,0.16291804436814972,VALID,2385.0,Lowest Access
13065,Clinch County,GA,112.3,22.5,25.2675,6722.0,GA,CLINCH,0.0,,-1.0,3.268332433580793,0.0,3.268332433580793,0.9133736626540306,0.08662633734596936,INSUFFICIENT DATA,,
13067,Cobb County,GA,97.4,12.2,11.8828,769152.0,GA,COBB,2.0,12.0,0.3333333333333333,2.5558930883544897,0.5108256237659907,2.0468710769296714,0.5720220236188035,0.4279779763811965,VALID,1549.0,Moderate Access
13069,Coffee County,GA,94.9,18.5,17.5565,43161.0,GA,COFFEE,0.0,,-1.0,2.920820131988859,0.0,2.920820131988859,0.8162572920972561,0.18374270790274394,VALID,2359.0,Lowest Access
13071,Colquitt County,GA,111.1,20.8,23.1088,45907.0,GA,COLQUITT,1.0,11.6,0.0,3.18257691907553,0.0,3.18257691907553,0.889408282764373,0.110591717235627,VALID,2420.0,Lowest Access
13073,Columbia County,GA,72.8,8.9,6.4792,159638.0,GA,COLUMBIA,0.0,,-1.0,2.012125834394969,0.0,2.012125834394969,0.5623120598747071,0.4376879401252929,VALID,1506.0,Moderate Access
13075,Cook County,GA,98.2,17.7,17.3814,17363.0,GA,COOK,0.0,,-1.0,2.911339283776501,0.0,2.911339283776501,0.8136077583571093,0.1863922416428907,VALID,2354.0,Lowest Access
13077,Coweta County,GA,74.7,8.3,6.200100000000001,150071.0,GA,COWETA,1.0,14.6,0.0,1.9740949148144489,0.0,1.9740949148144489,0.5516838753135354,0.44831612468646465,VALID,1459.0,Moderate Access
13079,Crawford County,GA,99.5,11.8,11.741,12183.0,GA,CRAWFORD,0.0,,-1.0,2.5448251399992436,0.0,2.5448251399992436,0.7111811011184603,0.28881889888153967,VALID,2132.0,Low Access
13081,Crisp County,GA,101.0,16.1,16.261000000000003,19995.0,GA,CRISP,1.0,10.5,1.0,2.8484496214045523,0.6931471805599453,2.0786898527369884,0.5809141520637842,0.41908584793621584,VALID,1600.0,Moderate Access
13083,Dade County,GA,84.8,10.3,8.7344,16196.0,GA,DADE,0.0,,-1.0,2.2756660036427823,0.0,2.2756660036427823,0.6359614375111844,0.3640385624888156,VALID,1849.0,Low Access
13085,Dawson County,GA,70.8,13.1,9.2748,28704.0,GA,DAWSON,0.0,,-1.0,2.3296942954726636,0.0,2.3296942954726636,0.6510602745476401,0.34893972545235985,VALID,1918.0,Low Access
13087,Decatur County,GA,101.7,15.0,15.255,29118.0,GA,DECATUR,0.0,,-1.0,2.788400553755869,0.0,2.788400553755869,0.7792510947058675,0.2207489052941325,VALID,2299.0,Lowest Access
13089,DeKalb County,GA,72.7,13.0,9.451,762105.0,GA,DEKALB,0.0,,-1.0,2.3466976676123665,0.0,2.3466976676123665,0.6558120654392707,0.34418793456072927,VALID,1936.0,Low Access
13091,Dodge County,GA,84.8,16.1,13.6528,19909.0,GA,DODGE,0.0,,-1.0,2.6846314434806393,0.0,2.6846314434806393,0.7502516051347913,0.24974839486520872,VALID,2241.0,Lowest Access
13093,Dooly County,GA,83.7,16.2,13.5594,11026.0,GA,DOOLY,0.0,,-1.0,2.6782368331282256,0.0,2.6782368331282256,0.7484645566023902,0.2515354433976098,VALID,2233.0,Lowest Access
13095,Dougherty County,GA,109.5,14.0,15.33,83915.0,GA,DOUGHERTY,1.0,14.8,1.0,2.7930039069823738,0.6931471805599453,2.0382276858511634,0.5696065270536397,0.4303934729463603,VALID,1533.0,Moderate Access
13097,Douglas County,GA,120.3,12.0,14.436,146141.0,GA,DOUGLAS,1.0,13.2,1.0,2.736702443675372,0.6931471805599453,1.9971410260798035,0.5581243802144725,0.4418756197855275,VALID,1483.0,Moderate Access
13099,Early County,GA,89.1,17.4,15.503399999999996,10683.0,GA,EARLY,0.0,,-1.0,2.8035664202850246,0.0,2.8035664202850246,0.7834893731982058,0.21651062680179423,VALID,2304.0,Lowest Access
13101,Echols County,GA,104.6,21.2,22.1752,3705.0,GA,ECHOLS,0.0,,-1.0,3.143082741403893,0.0,3.143082741403893,0.8783711736432759,0.12162882635672412,INSUFFICIENT DATA,,
13103,Effingham County,GA,87.7,9.6,8.4192,67265.0,GA,EFFINGHAM,0.0,,-1.0,2.2427501592918597,0.0,2.2427501592918597,0.6267627204513002,0.3732372795486998,VALID,1806.0,Low Access
13105,Elbert County,GA,84.3,11.3,9.5259,19725.0,GA,ELBERT,0.0,,-1.0,2.3538388866014506,0.0,2.3538388866014506,0.6578077624732864,0.34219223752671357,VALID,1945.0,Low Access
13107,Emanuel County,GA,113.0,16.7,18.871,22961.0,GA,EMANUEL,0.0,,-1.0,2.9892613824236793,0.0,2.9892613824236793,0.8353839987149746,0.1646160012850254,VALID,2382.0,Lowest Access
13109,Evans County,GA,98.3,17.1,16.8093,10740.0,GA,EVANS,0.0,,-1.0,2.879720792767226,0.0,2.879720792767226,0.8047716018376531,0.19522839816234694,VALID,2335.0,Lowest Access
13111,Fannin County,GA,84.5,15.2,12.844,25605.0,GA,FANNIN,0.0,,-1.0,2.627851925773098,0.0,2.627851925773098,0.7343839059009507,0.2656160940990493,VALID,2196.0,Lowest Access
13113,Fayette County,GA,75.4,7.9,5.956600000000001,120689.0,GA,FAYETTE,1.0,13.9,1.0,1.9396908492413965,0.6931471805599453,1.4155123739828408,0.39558146174877135,0.6044185382512286,VALID,652.0,Good Access
13115,Floyd County,GA,90.1,13.8,12.433799999999998,98985.0,GA,FLOYD,2.0,12.55,1.0,2.597773919135221,1.0986122886681096,1.485102301490518,0.4150291795875217,0.5849708204124783,VALID,742.0,Good Access
13117,Forsyth County,GA,69.7,7.9,5.5063,260062.0,GA,FORSYTH,1.0,10.5,1.0,1.8727709382699609,0.6931471805599453,1.3666767762467666,0.3819337837115567,0.6180662162884434,VALID,587.0,Good Access
13119,Franklin County,GA,92.7,18.5,17.1495,23840.0,GA,FRANKLIN,1.0,13.3,1.0,2.8986430121220343,0.6931471805599453,2.1153190741825285,0.5911506157136045,0.4088493842863955,VALID,1658.0,Moderate Access
13121,Fulton County,GA,83.7,9.7,8.1189,1068507.0,GA,FULTON,6.0,12.566666666666668,0.5,2.2103491827766946,1.3862943611198906,1.015707815189678,0.2838514093040732,0.7161485906959268,VALID,183.0,Highest Access
13123,Gilmer County,GA,62.4,15.2,9.4848,31976.0,GA,GILMER,0.0,,-1.0,2.349926589303095,0.0,2.349926589303095,0.6567144253096383,0.3432855746903617,VALID,1941.0,Low Access
13125,Glascock County,GA,114.0,11.6,13.223999999999998,2913.0,GA,GLASCOCK,0.0,,-1.0,2.6549306787715485,0.0,2.6549306787715485,0.7419513796230779,0.2580486203769221,INSUFFICIENT DATA,,
13127,Glynn County,GA,71.0,14.1,10.011,84987.0,GA,GLYNN,1.0,14.3,0.0,2.398894773131454,0.0,2.398894773131454,0.6703991560785404,0.3296008439214596,VALID,1999.0,Low Access
13129,Gordon County,GA,77.9,15.1,11.7629,58336.0,GA,GORDON,1.0,13.2,1.0,2.546542524821383,0.6931471805599453,1.8583695727429652,0.5193430771549111,0.4806569228450889,VALID,1285.0,Moderate Access
13131,Grady County,GA,88.1,19.2,16.9152,26056.0,GA,GRADY,0.0,,-1.0,2.8856495145237955,0.0,2.8856495145237955,0.8064284523617969,0.19357154763820306,VALID,2341.0,Lowest Access
13133,Greene County,GA,70.8,15.4,10.9032,19586.0,GA,GREENE,1.0,13.7,1.0,2.4768072715313507,0.6931471805599453,1.807479445600553,0.5051212368844986,0.4948787631155014,VALID,1215.0,Moderate Access
13135,Gwinnett County,GA,78.1,15.4,12.0274,966972.0,GA,GWINNETT,4.0,12.625,0.6,2.567054831701919,1.2237754316221157,1.3422748470504042,0.37511437965800787,0.6248856203419921,VALID,548.0,Good Access
13137,Habersham County,GA,82.1,14.0,11.493999999999998,46948.0,GA,HABERSHAM,0.0,,-1.0,2.525248529071378,0.0,2.525248529071378,0.7057101885999478,0.29428981140005217,VALID,2114.0,Low Access
13139,Hall County,GA,74.0,16.7,12.358,208395.0,GA,HALL,1.0,11.8,1.0,2.592115456303444,0.6931471805599453,1.8916269593294714,0.5286372421806939,0.47136275781930614,VALID,1339.0,Moderate Access
13141,Hancock County,GA,83.2,8.0,6.656000000000001,8630.0,GA,HANCOCK,0.0,,-1.0,2.0354896541506533,0.0,2.0354896541506533,0.5688413521231269,0.4311586478768731,INSUFFICIENT DATA,,
13143,Haralson County,GA,108.5,12.0,13.02,30720.0,GA,HARALSON,0.0,,-1.0,2.640484881606444,0.0,2.640484881606444,0.7379143329227235,0.26208566707727654,VALID,2204.0,Lowest Access
13145,Harris County,GA,77.7,7.0,5.439,35509.0,GA,HARRIS,0.0,,-1.0,1.8623732485560465,0.0,1.8623732485560465,0.5204619511115198,0.4795380488884802,VALID,1290.0,Moderate Access
13147,Hart County,GA,90.1,13.3,11.9833,26484.0,GA,HART,0.0,,-1.0,2.5636639162512567,0.0,2.5636639162512567,0.7164458171211617,0.28355418287883827,VALID,2149.0,Low Access
13149,Heard County,GA,111.9,14.5,16.2255,11616.0,GA,HEARD,0.0,,-1.0,2.846390844054628,0.0,2.846390844054628,0.7954571584784311,0.20454284152156887,VALID,2327.0,Lowest Access
13151,Henry County,GA,107.4,9.2,9.8808,245417.0,GA,HENRY,1.0,14.9,1.0,2.386999768136407,0.6931471805599453,1.741941356176784,0.4868058525113272,0.5131941474886728,VALID,1124.0,Moderate Access
13153,Houston County,GA,84.1,10.8,9.0828,166902.0,GA,HOUSTON,1.0,13.5,0.0,2.3108310018478964,0.0,2.3108310018478964,0.6457887068788349,0.35421129312116506,VALID,1890.0,Low Access
13155,Irwin County,GA,93.6,21.4,20.0304,9385.0,GA,IRWIN,0.0,,-1.0,3.0459690099807024,0.0,3.0459690099807024,0.8512316074067966,0.1487683925932034,INSUFFICIENT DATA,,
13157,Jackson County,GA,85.3,11.9,10.1507,80640.0,GA,JACKSON,0.0,,-1.0,2.4115022762045877,0.0,2.4115022762045877,0.6739224700292618,0.32607752997073824,VALID,2015.0,Low Access
13159,Jasper County,GA,94.1,11.2,10.5392,15345.0,GA,JASPER,0.0,,-1.0,2.4457499345868063,0.0,2.4457499345868063,0.6834933780716911,0.3165066219283089,VALID,2045.0,Low Access
13161,Jeff Davis County,GA,90.6,21.8,19.7508,14838.0,GA,JEFF DAVIS,0.0,,-1.0,3.03258480015038,0.0,3.03258480015038,0.8474912336832283,0.15250876631677168,VALID,2395.0,Lowest Access
13163,Jefferson County,GA,117.5,17.5,20.5625,15468.0,GA,JEFFERSON,0.0,,-1.0,3.0709556947915786,0.0,3.0709556947915786,0.8582144282449717,0.14178557175502826,VALID,2404.0,Lowest Access
13165,Jenkins County,GA,89.8,17.0,15.265999999999998,8674.0,GA,JENKINS,0.0,,-1.0,2.7890770397445834,0.0,2.7890770397445834,0.7794401466146935,0.22055985338530648,INSUFFICIENT DATA,,
13167,Johnson County,GA,73.9,11.4,8.4246,9192.0,GA,JOHNSON,0.0,,-1.0,2.2433232921151562,0.0,2.2433232921151562,0.6269228891112025,0.37307711088879747,INSUFFICIENT DATA,,
13169,Jones County,GA,88.1,7.8,6.8718,28526.0,GA,JONES,0.0,,-1.0,2.0632867529231365,0.0,2.0632867529231365,0.576609575959881,0.42339042404011895,VALID,1579.0,Moderate Access
13171,Lamar County,GA,110.8,10.2,11.3016,19098.0,GA,LAMAR,0.0,,-1.0,2.509729335219346,0.0,2.509729335219346,0.7013731686614533,0.2986268313385467,VALID,2096.0,Low Access
13173,Lanier County,GA,92.7,15.5,14.3685,10094.0,GA,LANIER,0.0,,-1.0,2.7323199600749484,0.0,2.7323199600749484,0.7635787179525533,0.23642128204744672,VALID,2264.0,Lowest Access
13175,Laurens County,GA,80.1,12.9,10.3329,49619.0,GA,LAURENS,1.0,12.1,0.0,2.427709999922947,0.0,2.427709999922947,0.6784519076788166,0.3215480923211834,VALID,2025.0,Low Access
13177,Lee County,GA,109.4,8.3,9.0802,33337.0,GA,LEE,0.0,,-1.0,2.3105731037162283,0.0,2.3105731037162283,0.6457166342344818,0.3542833657655182,VALID,1887.0,Low Access
13179,Liberty County,GA,80.0,10.6,8.48,66826.0,GA,LIBERTY,0.0,,-1.0,2.2491843162669305,0.0,2.2491843162669305,0.6285608207491861,0.37143917925081393,VALID,1814.0,Low Access
13181,Lincoln County,GA,79.7,12.9,10.281300000000002,7773.0,GA,LINCOLN,0.0,,-1.0,2.4231464876562967,0.0,2.4231464876562967,0.6771765808880869,0.32282341911191315,INSUFFICIENT DATA,,
13183,Long County,GA,96.9,10.4,10.0776,17512.0,GA,LONG,0.0,,-1.0,2.4049250513583673,0.0,2.4049250513583673,0.6720843877441897,0.32791561225581034,VALID,2011.0,Low Access
13185,Lowndes County,GA,83.1,14.9,12.3819,119055.0,GA,LOWNDES,1.0,16.9,0.0,2.593903047608149,0.0,2.593903047608149,0.7248964954790731,0.2751035045209269,VALID,2175.0,Low Access
13187,Lumpkin County,GA,83.4,12.4,10.3416,33931.0,GA,LUMPKIN,0.0,,-1.0,2.428477381821285,0.0,2.428477381821285,0.678666361510972,0.32133363848902796,VALID,2027.0,Low Access
13189,McDuffie County,GA,101.8,11.2,11.401599999999998,21687.0,GA,MCDUFFIE,0.0,,-1.0,2.5178254965451097,0.0,2.5178254965451097,0.703635735482249,0.296364264517751,VALID,2105.0,Low Access
13191,McIntosh County,GA,93.7,11.5,10.7755,11187.0,GA,MCINTOSH,0.0,,-1.0,2.466021101845971,0.0,2.466021101845971,0.6891583924672708,0.31084160753272916,VALID,2062.0,Low Access
13193,Macon County,GA,83.4,23.2,19.3488,11953.0,GA,MACON,0.0,,-1.0,3.0130219420909516,0.0,3.0130219420909516,0.8420241645643919,0.15797583543560811,VALID,2390.0,Lowest Access
13195,Madison County,GA,87.6,16.8,14.7168,30914.0,GA,MADISON,0.0,,-1.0,2.7547302039384682,0.0,2.7547302039384682,0.7698415222830685,0.23015847771693154,VALID,2278.0,Lowest Access
13197,Marion County,GA,103.7,17.6,18.2512,7474.0,GA,MARION,0.0,,-1.0,2.9575733964532196,0.0,2.9575733964532196,0.8265284210171274,0.17347157898287258,INSUFFICIENT DATA,,
13199,Meriwether County,GA,136.8,14.2,19.425600000000003,20757.0,GA,MERIWETHER,0.0,,-1.0,3.0167890160796014,0.0,3.0167890160796014,0.8430769173783803,0.1569230826216197,VALID,2392.0,Lowest Access
13201,Miller County,GA,89.0,15.2,13.528,5873.0,GA,MILLER,0.0,,-1.0,2.6760778218589376,0.0,2.6760778218589376,0.7478611956925637,0.2521388043074363,INSUFFICIENT DATA,,
13205,Mitchell County,GA,105.2,18.4,19.3568,21441.0,GA,MITCHELL,0.0,,-1.0,3.013415008406299,0.0,3.013415008406299,0.8421340115360236,0.15786598846397637,VALID,2391.0,Lowest Access
13207,Monroe County,GA,96.8,10.5,10.164,28919.0,GA,MONROE,0.0,,-1.0,2.412694315674076,0.0,2.412694315674076,0.674255599378372,0.325744400621628,VALID,2016.0,Low Access
13209,Montgomery County,GA,111.4,14.5,16.153000000000002,8675.0,GA,MONTGOMERY,0.0,,-1.0,2.8421730854276883,0.0,2.8421730854276883,0.7942784565796595,0.20572154342034055,INSUFFICIENT DATA,,
13211,Morgan County,GA,82.7,9.1,7.5257,20614.0,GA,MORGAN,0.0,,-1.0,2.143085131235571,0.0,2.143085131235571,0.5989101645793888,0.40108983542061116,VALID,1691.0,Moderate Access
13213,Murray County,GA,78.7,13.6,10.7032,40282.0,GA,MURRAY,0.0,,-1.0,2.4598623086817395,0.0,2.4598623086817395,0.6874372458017282,0.31256275419827184,VALID,2057.0,Low Access
13215,Muscogee County,GA,112.6,11.3,12.7238,204383.0,GA,MUSCOGEE,3.0,15.033333333333333,0.25,2.619131551879232,0.5596157879354227,2.0476943954895264,0.5722521096041884,0.4277478903958116,VALID,1553.0,Moderate Access
13217,Newton County,GA,102.8,12.2,12.5416,115530.0,GA,NEWTON,1.0,15.7,1.0,2.6057664288927507,0.6931471805599453,1.9015889182801058,0.5314212279345485,0.4685787720654515,VALID,1350.0,Moderate Access
13219,Oconee County,GA,81.0,6.3,5.103,42788.0,GA,OCONEE,0.0,,-1.0,1.808780453562358,0.0,1.808780453562358,0.5054848187512043,0.4945151812487957,VALID,1220.0,Moderate Access
13221,Oglethorpe County,GA,80.1,12.1,9.6921,15221.0,GA,OGLETHORPE,0.0,,-1.0,2.369505151020066,0.0,2.369505151020066,0.6621858829989454,0.33781411700105457,VALID,1964.0,Low Access
13223,Paulding County,GA,112.3,10.3,11.5669,174292.0,GA,PAULDING,1.0,11.8,1.0,2.5310663732527363,0.6931471805599453,1.8470756678118672,0.5161868635437755,0.4838131364562245,VALID,1268.0,Moderate Access
13225,Peach County,GA,94.1,11.2,10.5392,28269.0,GA,PEACH,0.0,,-1.0,2.4457499345868063,0.0,2.4457499345868063,0.6834933780716911,0.3165066219283089,VALID,2045.0,Low Access
13227,Pickens County,GA,78.8,12.4,9.7712,34197.0,GA,PICKENS,1.0,11.8,1.0,2.376875905574295,0.6931471805599453,1.7345533475491333,0.4847411872310687,0.5152588127689313,VALID,1112.0,Moderate Access
13229,Pierce County,GA,100.6,14.6,14.6876,19996.0,GA,PIERCE,0.0,,-1.0,2.7528705913736777,0.0,2.7528705913736777,0.7693218318372715,0.23067816816272846,VALID,2274.0,Lowest Access
13231,Pike County,GA,121.0,14.4,17.424,19540.0,GA,PIKE,0.0,,-1.0,2.913654162518384,0.0,2.913654162518384,0.8142546782522061,0.1857453217477939,VALID,2355.0,Lowest Access
13233,Polk County,GA,108.8,14.0,15.232,43365.0,GA,POLK,0.0,,-1.0,2.7869846025235137,0.0,2.7869846025235137,0.7788553906000221,0.22114460939997793,VALID,2297.0,Lowest Access
13235,Pulaski County,GA,80.4,10.4,8.361600000000001,9893.0,GA,PULASKI,0.0,,-1.0,2.236616216051835,0.0,2.236616216051835,0.625048518387248,0.37495148161275205,INSUFFICIENT DATA,,
13237,Putnam County,GA,80.9,11.7,9.4653,22524.0,GA,PUTNAM,0.0,,-1.0,2.3480650224722615,0.0,2.3480650224722615,0.6561941887213757,0.3438058112786243,VALID,1939.0,Low Access
13239,Quitman County,GA,81.7,21.0,17.157,2092.0,GA,QUITMAN,0.0,,-1.0,2.89905616128853,0.0,2.89905616128853,0.8101750963486812,0.18982490365131877,INSUFFICIENT DATA,,
13241,Rabun County,GA,85.4,13.6,11.6144,17107.0,GA,RABUN,0.0,,-1.0,2.5348390185362093,0.0,2.5348390185362093,0.7083903628683715,0.29160963713162846,VALID,2123.0,Low Access
13243,Randolph County,GA,111.7,7.7,8.600900000000001,6270.0,GA,RANDOLPH,0.0,,-1.0,2.261856844079534,0.0,2.261856844079534,0.6321023066226416,0.36789769337735845,INSUFFICIENT DATA,,
13245,Richmond County,GA,97.5,11.6,11.31,206040.0,GA,RICHMOND,3.0,13.700000000000001,0.0,2.510411940196362,0.0,2.510411940196362,0.701563930593011,0.29843606940698897,VALID,2099.0,Low Access
13247,Rockdale County,GA,77.7,14.1,10.9557,94293.0,GA,ROCKDALE,1.0,11.3,1.0,2.4812081521028673,0.6931471805599453,1.8106910403285679,0.5060187545328101,0.4939812454671899,VALID,1223.0,Moderate Access
13249,Schley County,GA,97.6,9.9,9.6624,4539.0,GA,SCHLEY,0.0,,-1.0,2.3667235341102772,0.0,2.3667235341102772,0.6614085276727583,0.33859147232724174,INSUFFICIENT DATA,,
13251,Screven County,GA,91.9,11.5,10.568500000000002,14057.0,GA,SCREVEN,0.0,,-1.0,2.4482858871656,0.0,2.4482858871656,0.6842020796319763,0.3157979203680237,VALID,2047.0,Low Access
13253,Seminole County,GA,92.6,16.7,15.464199999999998,9117.0,GA,SEMINOLE,0.0,,-1.0,2.80118832673414,0.0,2.80118832673414,0.7828247871865786,0.21717521281342145,INSUFFICIENT DATA,,
13255,Spalding County,GA,113.5,13.3,15.0955,68215.0,GA,SPALDING,1.0,14.7,1.0,2.778539729816554,0.6931471805599453,2.027672281227945,0.5666566959769577,0.43334330402304233,VALID,1523.0,Moderate Access
13257,Stephens County,GA,93.8,13.5,12.663,26842.0,GA,STEPHENS,0.0,,-1.0,2.614691449356351,0.0,2.614691449356351,0.7307060570923255,0.2692939429076745,VALID,2186.0,Lowest Access
13259,Stewart County,GA,123.0,18.0,22.14,4978.0,GA,STEWART,0.0,,-1.0,3.1415627217655304,0.0,3.1415627217655304,0.8779463864061721,0.12205361359382794,INSUFFICIENT DATA,,
13261,Sumter County,GA,100.0,13.3,13.3,29174.0,GA,SUMTER,1.0,15.5,1.0,2.6602595372658615,0.6931471805599453,1.9413559096174593,0.5425345780201563,0.45746542197984374,VALID,1409.0,Moderate Access
13263,Talbot County,GA,104.1,12.6,13.116599999999998,5753.0,GA,TALBOT,0.0,,-1.0,2.6473514098686253,0.0,2.6473514098686253,0.7398332644255616,0.26016673557443837,INSUFFICIENT DATA,,
13265,Taliaferro County,GA,82.5,13.6,11.22,1740.0,GA,TALIAFERRO,0.0,,-1.0,2.503073953743449,0.0,2.503073953743449,0.6995132445935885,0.30048675540641145,INSUFFICIENT DATA,,
13267,Tattnall County,GA,111.0,13.7,15.207,24215.0,GA,TATTNALL,0.0,,-1.0,2.7854432476759827,0.0,2.7854432476759827,0.7784246409895865,0.22157535901041348,VALID,2296.0,Lowest Access
13269,Taylor County,GA,104.0,10.1,10.503999999999998,7786.0,GA,TAYLOR,0.0,,-1.0,2.442694800978691,0.0,2.442694800978691,0.6826395853103211,0.3173604146896789,INSUFFICIENT DATA,,
13271,Telfair County,GA,83.8,12.7,10.6426,12174.0,GA,TELFAIR,0.0,,-1.0,2.4546707850580365,0.0,2.4546707850580365,0.685986413904025,0.31401358609597496,VALID,2052.0,Low Access
13273,Terrell County,GA,112.0,15.6,17.472,8941.0,GA,TERRELL,0.0,,-1.0,2.916256072052194,0.0,2.916256072052194,0.8149818122537456,0.18501818774625445,INSUFFICIENT DATA,,
13275,Thomas County,GA,85.5,10.8,9.234000000000002,45696.0,GA,THOMAS,1.0,14.7,1.0,2.3257155103829,0.6931471805599453,1.6972184431340331,0.474307512235194,0.5256924877648059,VALID,1061.0,Moderate Access
13277,Tift County,GA,98.7,16.0,15.792,41322.0,GA,TIFT,1.0,14.4,1.0,2.820902582518332,0.6931471805599453,2.0585870747993176,0.5752961960303662,0.4247038039696338,VALID,1570.0,Moderate Access
13279,Toombs County,GA,114.8,16.6,19.0568,26943.0,GA,TOOMBS,1.0,13.4,1.0,2.998568248373199,0.6931471805599453,2.188240699008465,0.6115294152719396,0.3884705847280604,VALID,1746.0,Low Access
13281,Towns County,GA,81.4,13.2,10.7448,12739.0,GA,TOWNS,0.0,,-1.0,2.4634105894431135,0.0,2.4634105894431135,0.6884288542935211,0.3115711457064789,VALID,2059.0,Low Access
13283,Treutlen County,GA,97.7,13.4,13.0918,6387.0,GA,TREUTLEN,0.0,,-1.0,2.645593067928661,0.0,2.645593067928661,0.7393418752384023,0.26065812476159766,INSUFFICIENT DATA,,
13285,Troup County,GA,166.3,11.2,18.6256,69821.0,GA,TROUP,1.0,16.7,1.0,2.9768348364495276,0.6931471805599453,2.172380484212455,0.6070970930485726,0.3929029069514274,VALID,1721.0,Low Access
13287,Turner County,GA,99.1,13.1,12.982099999999996,8915.0,GA,TURNER,0.0,,-1.0,2.637777940116856,0.0,2.637777940116856,0.7371578465146911,0.2628421534853089,INSUFFICIENT DATA,,
13289,Twiggs County,GA,86.2,12.6,10.861200000000002,7869.0,GA,TWIGGS,0.0,,-1.0,2.473272568889633,0.0,2.473272568889633,0.6911848996074971,0.30881510039250293,INSUFFICIENT DATA,,
13291,Union County,GA,87.6,12.7,11.125199999999998,25598.0,GA,UNION,0.0,,-1.0,2.495285931532869,0.0,2.495285931532869,0.6973367908466498,0.3026632091533502,VALID,2081.0,Low Access
13293,Upson County,GA,112.7,11.5,12.9605,27856.0,GA,UPSON,1.0,16.4,1.0,2.636231913311738,0.6931471805599453,1.9238214664159716,0.5376343731190302,0.4623656268809698,VALID,1380.0,Moderate Access
13295,Walker County,GA,87.1,13.2,11.497199999999998,68449.0,GA,WALKER,0.0,,-1.0,2.525504619216508,0.0,2.525504619216508,0.7057817559813512,0.2942182440186488,VALID,2115.0,Low Access
13297,Walton County,GA,82.5,11.5,9.4875,100361.0,GA,WALTON,1.0,13.4,0.0,2.3501840717933247,0.0,2.3501840717933247,0.656786381798138,0.343213618201862,VALID,1942.0,Low Access
13299,Ware County,GA,94.3,16.3,15.3709,35958.0,GA,WARE,1.0,15.3,1.0,2.7955053684912006,0.6931471805599453,2.040053157018474,0.5701166762872442,0.42988332371275584,VALID,1536.0,Moderate Access
13301,Warren County,GA,107.6,7.4,7.9624,5175.0,GA,WARREN,0.0,,-1.0,2.1930380482623764,0.0,2.1930380482623764,0.6128700905392578,0.3871299094607422,INSUFFICIENT DATA,,
13303,Washington County,GA,86.1,13.5,11.6235,19893.0,GA,WASHINGTON,0.0,,-1.0,2.535560156221545,0.0,2.535560156221545,0.708591893215213,0.291408106784787,VALID,2125.0,Low Access
13305,Wayne County,GA,111.8,18.8,21.0184,30519.0,GA,WAYNE,0.0,,-1.0,3.091878467437504,0.0,3.091878467437504,0.8640615413746326,0.13593845862536735,VALID,2407.0,Lowest Access
13307,Webster County,GA,116.7,20.8,24.2736,2348.0,GA,WEBSTER,0.0,,-1.0,3.2297603726701385,0.0,3.2297603726701385,0.9025942498292832,0.09740575017071684,INSUFFICIENT DATA,,
13309,Wheeler County,GA,81.1,23.5,19.0585,7434.0,GA,WHEELER,0.0,,-1.0,2.9986530040649684,0.0,2.9986530040649684,0.8380085970479436,0.16199140295205638,INSUFFICIENT DATA,,
13311,White County,GA,78.9,12.4,9.783600000000002,28454.0,GA,WHITE,0.0,,-1.0,2.378026461493896,0.0,2.378026461493896,0.6645672627136053,0.33543273728639467,VALID,1973.0,Low Access
13313,Whitfield County,GA,76.8,17.5,13.44,103118.0,GA,WHITFIELD,1.0,13.6,1.0,2.67000213346468,0.6931471805599453,1.9484656846001784,0.5445214876594238,0.45547851234057624,VALID,1423.0,Moderate Access
13315,Wilcox County,GA,92.0,14.6,13.432,8784.0,GA,WILCOX,0.0,,-1.0,2.669447963320268,0.0,2.669447963320268,0.7460084043075367,0.2539915956924633,INSUFFICIENT DATA,,
13317,Wilkes County,GA,95.0,18.6,17.67,9553.0,GA,WILKES,0.0,,-1.0,2.9269179575536315,0.0,2.9269179575536315,0.8179614006552156,0.1820385993447844,INSUFFICIENT DATA,,
13319,Wilkinson County,GA,81.8,12.4,10.1432,8795.0,GA,WILKINSON,0.0,,-1.0,2.4108294463916846,0.0,2.4108294463916846,0.6737344398814592,0.3262655601185408,INSUFFICIENT DATA,,
13321,Worth County,GA,107.4,14.0,15.036,20575.0,GA,WORTH,0.0,,-1.0,2.7748361947802604,0.0,2.7748361947802604,0.77546037620006,0.22453962379993997,VALID,2290.0,Lowest Access
00013,Georgia,GA,87.3,,,,GA,GEORGIA,0.0,,-1.0,,0.0,,,,VALID,,
66010,Guam County,GU,128.2,,,,GU,GUAM,1.0,15.2,0.0,,0.0,,,,VALID,,
00066,Guam,GU,128.2,,,,GU,GUAM,1.0,15.2,0.0,,0.0,,,,VALID,,
15001,Hawaii County,HI,88.4,4.2,3.7128,203684.0,HI,HAWAII,3.0,12.0,0.0,1.5502822112253405,0.0,1.5502822112253405,0.43324446646417786,0.5667555335358221,VALID,844.0,Good Access
15003,Honolulu County,HI,75.9,3.4,2.5806,1003666.0,HI,HONOLULU,5.0,11.7,-0.09090909090909091,1.2755303841350356,0.0,1.2755303841350356,0.3564618601258697,0.6435381398741302,VALID,458.0,Good Access
15005,Kalawao County,HI,100.7,2.4,2.4168000000000003,43.0,HI,KALAWAO,0.0,,-1.0,1.2287044405451197,0.0,1.2287044405451197,0.3433758034063903,0.6566241965936097,INSUFFICIENT DATA,,
15007,Kauai County,HI,69.8,4.1,2.8618,73610.0,HI,KAUAI,1.0,12.3,-0.3333333333333333,1.3511333960263012,0.0,1.3511333960263012,0.3775900046099809,0.6224099953900191,VALID,568.0,Good Access
15009,Maui County,HI,95.7,4.5,4.306500000000001,164632.0,HI,MAUI,1.0,18.1,-0.75,1.6689324842197402,0.0,1.6689324842197402,0.4664026707234254,0.5335973292765746,VALID,1020.0,Moderate Access
00015,Hawaii,HI,79.3,,,,HI,HAWAII,3.0,12.0,0.0,,0.0,,,,VALID,,
19001,Adair County,IA,61.3,4.6,2.8197999999999994,7471.0,IA,ADAIR,0.0,,-1.0,1.340198065226917,0.0,1.340198065226917,0.3745339987269979,0.6254660012730021,INSUFFICIENT DATA,,
19003,Adams County,IA,74.2,4.1,3.0422,3641.0,IA,ADAMS,0.0,,-1.0,1.3967890982125322,0.0,1.3967890982125322,0.3903490237043733,0.6096509762956267,INSUFFICIENT DATA,,
19005,Allamakee County,IA,58.6,6.6,3.8676,14038.0,IA,ALLAMAKEE,0.0,,-1.0,1.582601002480508,0.0,1.582601002480508,0.44227633006470585,0.5577236699352941,VALID,889.0,Good Access
19007,Appanoose County,IA,78.8,10.7,8.4316,12242.0,IA,APPANOOSE,0.0,,-1.0,2.2440657535147555,0.0,2.2440657535147555,0.6271303786189905,0.37286962138100954,VALID,1807.0,Low Access
19009,Audubon County,IA,67.3,3.3,2.2209,5622.0,IA,AUDUBON,0.0,,-1.0,1.169660823608191,0.0,1.169660823608191,0.3268753752051686,0.6731246247948315,INSUFFICIENT DATA,,
19011,Benton County,IA,67.5,3.0,2.025,25698.0,IA,BENTON,0.0,,-1.0,1.1069110914828046,0.0,1.1069110914828046,0.3093392298384838,0.6906607701615162,VALID,265.0,Good Access
19013,Black Hawk County,IA,64.5,4.4,2.838,130693.0,IA,BLACK HAWK,2.0,13.05,0.3333333333333333,1.344951397585508,0.5108256237659907,1.0770959584097033,0.3010070427519762,0.6989929572480238,VALID,233.0,Highest Access
19015,Boone County,IA,67.1,3.7,2.4827,26669.0,IA,BOONE,0.0,,-1.0,1.2478078550299627,0.0,1.2478078550299627,0.34871447565341823,0.6512855243465818,VALID,417.0,Good Access
19017,Bremer County,IA,55.4,2.2,1.2188,25118.0,IA,BREMER,0.0,,-1.0,0.7969665091989424,0.0,0.7969665091989424,0.22272159711798817,0.7772784028820119,VALID,74.0,Highest Access
19019,Buchanan County,IA,60.0,5.9,3.54,20645.0,IA,BUCHANAN,0.0,,-1.0,1.5129270120532565,0.0,1.5129270120532565,0.4228051198614836,0.5771948801385164,VALID,787.0,Good Access
19021,Buena Vista County,IA,55.1,6.5,3.5815,20684.0,IA,BUENA VISTA,0.0,,-1.0,1.5220264554231309,0.0,1.5220264554231309,0.42534806556476057,0.5746519344352394,VALID,803.0,Good Access
19023,Butler County,IA,60.8,3.8,2.3104,14301.0,IA,BUTLER,0.0,,-1.0,1.1970690280091416,0.0,1.1970690280091416,0.33453491796870544,0.6654650820312946,VALID,355.0,Good Access
19025,Calhoun County,IA,56.2,3.0,1.6860000000000002,9858.0,IA,CALHOUN,0.0,,-1.0,0.9880530981010459,0.0,0.9880530981010459,0.27612297569145233,0.7238770243085477,INSUFFICIENT DATA,,
19027,Carroll County,IA,57.8,2.5,1.445,20677.0,IA,CARROLL,1.0,13.6,0.0,0.8940451229268354,0.0,0.8940451229268354,0.24985134930444963,0.7501486506955504,VALID,112.0,Highest Access
19029,Cass County,IA,70.7,4.2,2.9694,13115.0,IA,CASS,1.0,18.1,1.0,1.3786149497760212,0.6931471805599453,1.006060590082637,0.28115537959793585,0.7188446204020642,VALID,175.0,Highest Access
19031,Cedar County,IA,56.1,3.8,2.1318,18427.0,IA,CEDAR,0.0,,-1.0,1.1416079191292055,0.0,1.1416079191292055,0.31903566347670703,0.6809643365232929,VALID,301.0,Good Access
19033,Cerro Gordo County,IA,60.2,3.8,2.2876,42785.0,IA,CERRO GORDO,1.0,13.3,1.0,1.1901578152922079,0.6931471805599453,0.8685317638103907,0.24272134318164418,0.7572786568183558,VALID,98.0,Highest Access
19035,Cherokee County,IA,59.8,6.1,3.6478,11587.0,IA,CHEROKEE,0.0,,-1.0,1.5363939893639282,0.0,1.5363939893639282,0.4293632406932082,0.5706367593067918,VALID,825.0,Good Access
19037,Chickasaw County,IA,64.6,7.7,4.9742,11868.0,IA,CHICKASAW,0.0,,-1.0,1.7874501976399566,0.0,1.7874501976399566,0.4995238296617785,0.5004761703382214,VALID,1177.0,Moderate Access
19039,Clarke County,IA,66.9,5.3,3.5457,9690.0,IA,CLARKE,0.0,,-1.0,1.514181731171828,0.0,1.514181731171828,0.42315576577043607,0.5768442342295639,INSUFFICIENT DATA,,
19041,Clay County,IA,53.0,4.6,2.438,16446.0,IA,CLAY,1.0,14.9,1.0,1.2348899069606576,0.6931471805599453,0.9011755375826849,0.2518440269413814,0.7481559730586186,VALID,116.0,Highest Access
19043,Clayton County,IA,59.3,7.6,4.506799999999999,17069.0,IA,CLAYTON,0.0,,-1.0,1.705983692206651,0.0,1.705983692206651,0.4767570634397391,0.5232429365602609,VALID,1069.0,Moderate Access
19045,Clinton County,IA,78.7,5.0,3.935,46383.0,IA,CLINTON,1.0,11.5,0.0,1.596352672885445,0.0,1.596352672885445,0.4461193949366617,0.5538806050633382,VALID,918.0,Good Access
19047,Crawford County,IA,64.7,8.6,5.5642,16289.0,IA,CRAWFORD,0.0,,-1.0,1.8816306419897486,0.0,1.8816306419897486,0.525843654573808,0.474156345426192,VALID,1325.0,Moderate Access
19049,Dallas County,IA,52.7,4.1,2.1607,104136.0,IA,DALLAS,0.0,,-1.0,1.1507935220544543,0.0,1.1507935220544543,0.3216026874738125,0.6783973125261875,VALID,310.0,Good Access
19051,Davis County,IA,75.9,28.3,21.4797,9127.0,IA,DAVIS,0.0,,-1.0,3.112612679740713,0.0,3.112612679740713,0.8698559591147152,0.13014404088528475,INSUFFICIENT DATA,,
19053,Decatur County,IA,73.8,7.9,5.8302,7669.0,IA,DECATUR,0.0,,-1.0,1.9213539557308392,0.0,1.9213539557308392,0.5369447984451198,0.4630552015548802,INSUFFICIENT DATA,,
19055,Delaware County,IA,59.3,4.0,2.372,17549.0,IA,DELAWARE,0.0,,-1.0,1.215506040139609,0.0,1.215506040139609,0.3396873562962693,0.6603126437037308,VALID,380.0,Good Access
19057,Des Moines County,IA,66.2,4.0,2.648,38597.0,IA,DES MOINES,1.0,14.5,1.0,1.294179072212085,0.6931471805599453,0.9444425082390301,0.2639354871166958,0.7360645128833042,VALID,132.0,Highest Access
19059,Dickinson County,IA,46.4,3.7,1.7168,17844.0,IA,DICKINSON,1.0,13.3,1.0,0.9994547171348911,0.6931471805599453,0.7293639189426792,0.2038292638801439,0.7961707361198561,VALID,50.0,Highest Access
19061,Dubuque County,IA,63.8,3.5,2.233,98948.0,IA,DUBUQUE,2.0,12.35,0.3333333333333333,1.173410498743296,0.5108256237659907,0.9397184969069226,0.26261530698798746,0.7373846930120125,VALID,130.0,Highest Access
19063,Emmet County,IA,47.5,5.4,2.565,9316.0,IA,EMMET,0.0,,-1.0,1.2711640538662592,0.0,1.2711640538662592,0.35524163814692616,0.6447583618530739,INSUFFICIENT DATA,,
19065,Fayette County,IA,56.8,4.7,2.6696,19393.0,IA,FAYETTE,0.0,,-1.0,1.3000826643008252,0.0,1.3000826643008252,0.3633232815134627,0.6366767184865373,VALID,490.0,Good Access
19067,Floyd County,IA,62.1,4.1,2.5461,15502.0,IA,FLOYD,0.0,,-1.0,1.2658484080440036,0.0,1.2658484080440036,0.3537561188514713,0.6462438811485287,VALID,441.0,Good Access
19069,Franklin County,IA,53.9,10.7,5.767299999999999,9977.0,IA,FRANKLIN,0.0,,-1.0,1.9121021890589072,0.0,1.9121021890589072,0.5343592842164142,0.4656407157835858,INSUFFICIENT DATA,,
19071,Fremont County,IA,79.6,3.9,3.1044,6570.0,IA,FREMONT,0.0,,-1.0,1.412059569005917,0.0,1.412059569005917,0.3946165350798071,0.6053834649201929,INSUFFICIENT DATA,,
19073,Greene County,IA,52.0,3.4,1.7679999999999998,8722.0,IA,GREENE,0.0,,-1.0,1.0181250377554232,0.0,1.0181250377554232,0.28452693037581,0.71547306962419,INSUFFICIENT DATA,,
19075,Grundy County,IA,66.6,2.6,1.7316,12352.0,IA,GRUNDY,0.0,,-1.0,1.0048875181047972,0.0,1.0048875181047972,0.2808275509358489,0.7191724490641511,VALID,173.0,Highest Access
19077,Guthrie County,IA,58.0,3.4,1.972,10646.0,IA,GUTHRIE,0.0,,-1.0,1.0892351268555127,0.0,1.0892351268555127,0.3043994751223809,0.6956005248776191,VALID,247.0,Highest Access
19079,Hamilton County,IA,49.8,4.3,2.1414,14893.0,IA,HAMILTON,0.0,,-1.0,1.144668560426795,0.0,1.144668560426795,0.31989099542621335,0.6801090045737866,VALID,306.0,Good Access
19081,Hancock County,IA,56.2,4.7,2.6414000000000004,10718.0,IA,HANCOCK,0.0,,-1.0,1.2923682230877276,0.0,1.2923682230877276,0.3611673908354706,0.6388326091645293,VALID,483.0,Good Access
19083,Hardin County,IA,57.6,4.9,2.8224,16729.0,IA,HARDIN,0.0,,-1.0,1.3408784975894081,0.0,1.3408784975894081,0.37472415349605726,0.6252758465039427,VALID,546.0,Good Access
19085,Harrison County,IA,64.4,4.2,2.7048,14645.0,IA,HARRISON,0.0,,-1.0,1.3096292761844053,0.0,1.3096292761844053,0.3659911936794503,0.6340088063205497,VALID,505.0,Good Access
19087,Henry County,IA,59.5,4.5,2.6775,20228.0,IA,HENRY,0.0,,-1.0,1.3022331734934556,0.0,1.3022331734934556,0.36392426641868914,0.6360757335813109,VALID,495.0,Good Access
19089,Howard County,IA,63.9,9.6,6.134399999999999,9459.0,IA,HOWARD,0.0,,-1.0,1.964928154891075,0.0,1.964928154891075,0.5491221172133323,0.45087788278666774,INSUFFICIENT DATA,,
19091,Humboldt County,IA,55.0,6.0,3.3,9573.0,IA,HUMBOLDT,0.0,,-1.0,1.4586150226995167,0.0,1.4586150226995167,0.4076270002392693,0.5923729997607308,INSUFFICIENT DATA,,
19093,Ida County,IA,67.7,5.5,3.7235,6944.0,IA,IDA,0.0,,-1.0,1.552550050227052,0.0,1.552550050227052,0.433878240554604,0.566121759445396,INSUFFICIENT DATA,,
19095,Iowa County,IA,70.6,2.4,1.6943999999999997,16547.0,IA,IOWA,0.0,,-1.0,0.9911755450658704,0.0,0.9911755450658704,0.2769955799563679,0.7230044200436321,VALID,166.0,Highest Access
19097,Jackson County,IA,67.1,5.4,3.6234,19429.0,IA,JACKSON,0.0,,-1.0,1.5311303651653394,0.0,1.5311303651653394,0.42789225944793985,0.5721077405520602,VALID,814.0,Good Access
19099,Jasper County,IA,67.5,4.1,2.7675,37864.0,IA,JASPER,0.0,,-1.0,1.3264116515185136,0.0,1.3264116515185136,0.3706812244331932,0.6293187755668068,VALID,528.0,Good Access
19101,Jefferson County,IA,62.7,7.2,4.5144,15676.0,IA,JEFFERSON,0.0,,-1.0,1.707362852589305,0.0,1.707362852589305,0.47714248591303143,0.5228575140869686,VALID,1073.0,Moderate Access
19103,Johnson County,IA,37.9,5.1,1.9329,154881.0,IA,JOHNSON,2.0,12.75,0.3333333333333333,1.0759916946305754,0.5108256237659907,0.861701253777327,0.24081247739351527,0.7591875226064847,VALID,94.0,Highest Access
19105,Jones County,IA,63.1,2.7,1.7037,20799.0,IA,JONES,0.0,,-1.0,0.9946212052801101,0.0,0.9946212052801101,0.2779585099379712,0.7220414900620288,VALID,168.0,Highest Access
19107,Keokuk County,IA,83.0,3.3,2.739,9964.0,IA,KEOKUK,0.0,,-1.0,1.3188181959949765,0.0,1.3188181959949765,0.3685591446188902,0.6314408553811097,INSUFFICIENT DATA,,
19109,Kossuth County,IA,51.5,3.9,2.0085,14610.0,IA,KOSSUTH,1.0,15.9,1.0,1.1014416156782694,0.6931471805599453,0.8037900662479286,0.2246285198135271,0.7753714801864728,VALID,75.0,Highest Access
19111,Lee County,IA,72.0,4.7,3.3840000000000003,33175.0,IA,LEE,0.0,,-1.0,1.4779615496457146,0.0,1.4779615496457146,0.41303361310243014,0.5869663868975699,VALID,731.0,Good Access
19113,Linn County,IA,61.1,3.8,2.3218,229463.0,IA,LINN,2.0,14.15,1.0,1.2005068046827614,1.0986122886681096,0.6863089222109452,0.19179704229326686,0.8082029577067331,VALID,39.0,Highest Access
19115,Louisa County,IA,50.8,5.1,2.5908,10710.0,IA,LOUISA,0.0,,-1.0,1.2783750189003964,0.0,1.2783750189003964,0.35725682652765156,0.6427431734723484,VALID,463.0,Good Access
19117,Lucas County,IA,67.5,7.9,5.3325,8685.0,IA,LUCAS,0.0,,-1.0,1.8456951028936932,0.0,1.8456951028936932,0.5158010485566316,0.48419895144336844,INSUFFICIENT DATA,,
19119,Lyon County,IA,58.7,4.4,2.5828,12087.0,IA,LYON,0.0,,-1.0,1.2761446176189033,0.0,1.2761446176189033,0.3566335148452981,0.6433664851547019,VALID,459.0,Good Access
19121,Madison County,IA,60.9,4.9,2.9841,16760.0,IA,MADISON,0.0,,-1.0,1.3823114398089484,0.0,1.3823114398089484,0.3863030730088844,0.6136969269911157,VALID,606.0,Good Access
19123,Mahaska County,IA,79.7,4.7,3.7459,22045.0,IA,MAHASKA,1.0,16.8,1.0,1.5572810874165357,0.6931471805599453,1.1364443204285215,0.317592635524819,0.682407364475181,VALID,295.0,Good Access
19125,Marion County,IA,65.4,2.5,1.635,33551.0,IA,MARION,0.0,,-1.0,0.9688831819933257,0.0,0.9688831819933257,0.2707657187893765,0.7292342812106235,VALID,150.0,Highest Access
19127,Marshall County,IA,68.3,5.4,3.6882,39971.0,IA,MARSHALL,0.0,,-1.0,1.5450487134807502,0.0,1.5450487134807502,0.431781904408264,0.568218095591736,VALID,833.0,Good Access
19129,Mills County,IA,67.9,2.6,1.7654000000000003,14563.0,IA,MILLS,0.0,,-1.0,1.0171852899723808,0.0,1.0171852899723808,0.2842643068844695,0.7157356931155305,VALID,185.0,Highest Access
19131,Mitchell County,IA,61.8,7.3,4.5114,10548.0,IA,MITCHELL,0.0,,-1.0,1.7068186743756548,0.0,1.7068186743756548,0.4769904089568958,0.5230095910431042,VALID,1072.0,Moderate Access
19133,Monona County,IA,58.7,3.3,1.9371,8619.0,IA,MONONA,0.0,,-1.0,1.0774226999855063,0.0,1.0774226999855063,0.3010983545006729,0.6989016454993271,INSUFFICIENT DATA,,
19135,Monroe County,IA,75.5,2.5,1.8875,7546.0,IA,MONROE,0.0,,-1.0,1.060391075847912,0.0,1.060391075847912,0.296338668258335,0.703661331741665,INSUFFICIENT DATA,,
19137,Montgomery County,IA,71.2,2.6,1.8512,10254.0,IA,MONTGOMERY,0.0,,-1.0,1.0477399582943532,0.0,1.0477399582943532,0.29280316573177567,0.7071968342682243,VALID,213.0,Highest Access
19139,Muscatine County,IA,78.9,4.0,3.156,42735.0,IA,MUSCATINE,1.0,13.9,1.0,1.4245530732369809,0.6931471805599453,1.0395844798416527,0.29052402204721545,0.7094759779527846,VALID,209.0,Highest Access
19141,O'Brien County,IA,50.3,3.6,1.8108,14103.0,IA,O'BRIEN,0.0,,-1.0,1.0334691403359055,0.0,1.0334691403359055,0.28881501901394147,0.7111849809860585,VALID,204.0,Highest Access
19143,Osceola County,IA,44.6,7.7,3.4342,6114.0,IA,OSCEOLA,0.0,,-1.0,1.4893472161759727,0.0,1.4893472161759727,0.41621547056394476,0.5837845294360553,INSUFFICIENT DATA,,
19145,Page County,IA,65.6,4.8,3.1488,15168.0,IA,PAGE,0.0,,-1.0,1.4228191358022628,0.0,1.4228191358022628,0.397623421659757,0.602376578340243,VALID,660.0,Good Access
19147,Palo Alto County,IA,49.7,5.0,2.485,8902.0,IA,PALO ALTO,0.0,,-1.0,1.2484680442124871,0.0,1.2484680442124871,0.34889897322945773,0.6511010267705423,INSUFFICIENT DATA,,
19149,Plymouth County,IA,58.7,5.6,3.2872,25699.0,IA,PLYMOUTH,0.0,,-1.0,1.4556338391985033,0.0,1.4556338391985033,0.4067938736988393,0.5932061263011608,VALID,705.0,Good Access
19151,Pocahontas County,IA,54.1,7.1,3.8411,7040.0,IA,POCAHONTAS,0.0,,-1.0,1.5771419676332792,0.0,1.5771419676332792,0.4407507390318786,0.5592492609681214,INSUFFICIENT DATA,,
19153,Polk County,IA,63.6,4.9,3.1164000000000005,497441.0,IA,POLK,2.0,12.9,-0.2,1.4149789949797997,0.0,1.4149789949797997,0.3954324027581421,0.6045675972418578,VALID,650.0,Good Access
19155,Pottawattamie County,IA,70.3,4.8,3.3744,93407.0,IA,POTTAWATTAMIE,2.0,13.899999999999999,1.0,1.4757693675474934,1.0986122886681096,0.8436717560639682,0.2357739237283298,0.7642260762716702,VALID,86.0,Highest Access
19157,Poweshiek County,IA,78.7,3.6,2.8332,18582.0,IA,POWESHIEK,1.0,12.9,1.0,1.3436999634874702,0.6931471805599453,0.9805809652505593,0.2740348009148097,0.7259651990851903,VALID,159.0,Highest Access
19159,Ringgold County,IA,72.7,7.9,5.7433000000000005,4664.0,IA,RINGGOLD,0.0,,-1.0,1.908549419345595,0.0,1.908549419345595,0.533366421234585,0.466633578765415,INSUFFICIENT DATA,,
19161,Sac County,IA,58.8,5.2,3.0576,9759.0,IA,SAC,0.0,,-1.0,1.400591665820715,0.0,1.400591665820715,0.3914116956247967,0.6085883043752033,INSUFFICIENT DATA,,
19163,Scott County,IA,78.1,5.4,4.2174000000000005,174302.0,IA,SCOTT,2.0,15.7,0.3333333333333333,1.6519991935181741,0.5108256237659907,1.3229932753175107,0.36972591928768245,0.6302740807123175,VALID,521.0,Good Access
19165,Shelby County,IA,66.3,3.2,2.1216,11757.0,IA,SHELBY,0.0,,-1.0,1.1383456908867098,0.0,1.1383456908867098,0.31812399570152994,0.6818760042984701,VALID,297.0,Good Access
19167,Sioux County,IA,46.0,5.7,2.622,35984.0,IA,SIOUX,0.0,,-1.0,1.2870263594612217,0.0,1.2870263594612217,0.35967454466847454,0.6403254553315254,VALID,476.0,Good Access
19169,Story County,IA,58.2,4.6,2.6772,98592.0,IA,STORY,1.0,12.4,0.0,1.3021515930074625,0.0,1.3021515930074625,0.36390146779926874,0.6360985322007313,VALID,494.0,Good Access
19171,Tama County,IA,71.9,7.0,5.033,16982.0,IA,TAMA,0.0,,-1.0,1.7972443994586247,0.0,1.7972443994586247,0.5022609337262168,0.49773906627378317,VALID,1193.0,Moderate Access
19173,Taylor County,IA,65.7,5.2,3.4164000000000003,5901.0,IA,TAYLOR,0.0,,-1.0,1.485324884582845,0.0,1.485324884582845,0.41509138303175974,0.5849086169682403,INSUFFICIENT DATA,,
19175,Union County,IA,71.0,7.9,5.609,12038.0,IA,UNION,1.0,13.2,1.0,1.8884323564883156,0.6931471805599453,1.3781058817100789,0.38512778069014664,0.6148722193098534,VALID,604.0,Good Access
19177,Van Buren County,IA,71.8,12.2,8.759599999999999,7236.0,IA,VAN BUREN,0.0,,-1.0,2.2782514159785925,0.0,2.2782514159785925,0.636683961178106,0.363316038821894,INSUFFICIENT DATA,,
19179,Wapello County,IA,80.2,7.2,5.774400000000001,35265.0,IA,WAPELLO,0.0,,-1.0,1.9131508019584091,0.0,1.9131508019584091,0.5346523313357597,0.46534766866424027,VALID,1368.0,Moderate Access
19181,Warren County,IA,60.4,2.2,1.3288,53484.0,IA,WARREN,0.0,,-1.0,0.8453531134492764,0.0,0.8453531134492764,0.23624379868274714,0.7637562013172529,VALID,87.0,Highest Access
19183,Washington County,IA,35.6,7.2,2.5632,22539.0,IA,WASHINGTON,0.0,,-1.0,1.2706590175209662,0.0,1.2706590175209662,0.3551004998429598,0.6448995001570401,VALID,450.0,Good Access
19185,Wayne County,IA,77.8,12.5,9.725,6518.0,IA,WAYNE,0.0,,-1.0,2.3725774648140807,0.0,2.3725774648140807,0.6630444769638767,0.3369555230361233,INSUFFICIENT DATA,,
19187,Webster County,IA,59.8,7.5,4.485,36848.0,IA,WEBSTER,1.0,13.4,1.0,1.7020170937271937,0.6931471805599453,1.2420671355146062,0.3471101645508705,0.6528898354491295,VALID,412.0,Good Access
19189,Winnebago County,IA,65.1,4.5,2.9295,10648.0,IA,WINNEBAGO,0.0,,-1.0,1.3685121913240925,0.0,1.3685121913240925,0.38244671188692925,0.6175532881130708,VALID,590.0,Good Access
19191,Winneshiek County,IA,55.6,2.9,1.6124,19972.0,IA,WINNESHIEK,0.0,,-1.0,0.960269339046365,0.0,0.960269339046365,0.26835847979460503,0.731641520205395,VALID,146.0,Highest Access
19193,Woodbury County,IA,70.6,6.5,4.589,105760.0,IA,WOODBURY,2.0,14.3,1.0,1.720800380287561,1.0986122886681096,0.9837517369569803,0.2749209100930491,0.7250790899069509,VALID,164.0,Highest Access
19195,Worth County,IA,59.5,6.6,3.927,7380.0,IA,WORTH,0.0,,-1.0,1.594730283561826,0.0,1.594730283561826,0.44566599929564943,0.5543340007043506,INSUFFICIENT DATA,,
19197,Wright County,IA,53.5,5.4,2.889,12817.0,IA,WRIGHT,0.0,,-1.0,1.3581520551736102,0.0,1.3581520551736102,0.3795514508650897,0.6204485491349103,VALID,575.0,Good Access
00019,Iowa,IA,63.0,,,,IA,IOWA,0.0,,-1.0,,0.0,,,,VALID,,
16001,Ada County,ID,64.0,6.7,4.288,508052.0,ID,ADA,2.0,16.7,-0.5714285714285714,1.6654401025493852,0.0,1.6654401025493852,0.4654266838853475,0.5345733161146524,VALID,1015.0,Moderate Access
16003,Adams County,ID,62.1,11.9,7.3899,4599.0,ID,ADAMS,0.0,,-1.0,2.127028601456951,0.0,2.127028601456951,0.5944229798417752,0.40557702015822483,INSUFFICIENT DATA,,
16005,Bannock County,ID,85.9,7.2,6.1848,88457.0,ID,BANNOCK,1.0,13.8,1.0,1.971967683374603,0.6931471805599453,1.439066776029133,0.4021640144437176,0.5978359855562825,VALID,682.0,Good Access
16007,Bear Lake County,ID,61.7,7.7,4.750900000000001,6552.0,ID,BEAR LAKE,0.0,,-1.0,1.7493563643001402,0.0,1.7493563643001402,0.48887806311593174,0.5111219368840683,INSUFFICIENT DATA,,
16009,Benewah County,ID,75.7,14.0,10.598,9913.0,ID,BENEWAH,0.0,,-1.0,2.450832669454249,0.0,2.450832669454249,0.6849138076811385,0.3150861923188615,INSUFFICIENT DATA,,
16011,Bingham County,ID,62.5,8.9,5.5625,48993.0,ID,BINGHAM,0.0,,-1.0,1.8813716279177422,0.0,1.8813716279177422,0.5257712700668965,0.4742287299331035,VALID,1323.0,Moderate Access
16013,Blaine County,ID,42.4,10.3,4.3672,24579.0,ID,BLAINE,0.0,,-1.0,1.6803063572665413,0.0,1.6803063572665413,0.46958123235827626,0.5304187676417238,VALID,1037.0,Moderate Access
16015,Boise County,ID,52.5,11.2,5.88,8045.0,ID,BOISE,0.0,,-1.0,1.9286186519452522,0.0,1.9286186519452522,0.5389750026315885,0.4610249973684115,INSUFFICIENT DATA,,
16017,Bonner County,ID,70.8,10.5,7.434,49456.0,ID,BONNER,1.0,12.4,1.0,2.1322711553243683,0.6931471805599453,1.556050133570902,0.434856379715272,0.565143620284728,VALID,851.0,Good Access
16019,Bonneville County,ID,56.9,8.0,4.552,127056.0,ID,BONNEVILLE,2.0,14.6,0.3333333333333333,1.7141582232045032,0.5108256237659907,1.3727729474855952,0.3836374299488137,0.6163625700511863,VALID,597.0,Good Access
16021,Boundary County,ID,66.4,13.6,9.0304,12695.0,ID,BOUNDARY,0.0,,-1.0,2.305620481537567,0.0,2.305620481537567,0.6443325661352312,0.35566743386476884,VALID,1881.0,Low Access
16023,Butte County,ID,56.3,7.6,4.2788,2654.0,ID,BUTTE,0.0,,-1.0,1.6636987991605374,0.0,1.6636987991605374,0.46494005632025576,0.5350599436797443,INSUFFICIENT DATA,,
16025,Camas County,ID,49.1,14.4,7.070400000000001,1155.0,ID,CAMAS,0.0,,-1.0,2.088203047348409,0.0,2.088203047348409,0.5835727253828555,0.41642727461714446,INSUFFICIENT DATA,,
16027,Canyon County,ID,78.4,11.7,9.1728,242405.0,ID,CANYON,3.0,12.666666666666666,1.0,2.3197174917343464,1.3862943611198906,1.0659651442162241,0.2978964067518674,0.7021035932481325,VALID,225.0,Highest Access
16029,Caribou County,ID,64.1,7.3,4.6793,7118.0,ID,CARIBOU,0.0,,-1.0,1.736827985701837,0.0,1.736827985701837,0.4853768614236328,0.5146231385763672,INSUFFICIENT DATA,,
16031,Cassia County,ID,83.2,11.5,9.568,25165.0,ID,CASSIA,0.0,,-1.0,2.357830567220024,0.0,2.357830567220024,0.658923284232723,0.34107671576727705,VALID,1952.0,Low Access
16033,Clark County,ID,80.2,17.4,13.9548,776.0,ID,CLARK,0.0,,-1.0,2.7050323185387914,0.0,2.7050323185387914,0.7559528678893871,0.2440471321106129,INSUFFICIENT DATA,,
16035,Clearwater County,ID,62.7,12.3,7.7121,8921.0,ID,CLEARWATER,1.0,13.7,1.0,2.1647128639853523,0.6931471805599453,1.579724854756873,0.4414725569987597,0.5585274430012404,VALID,888.0,Good Access
16037,Custer County,ID,43.4,14.1,6.1194,4411.0,ID,CUSTER,0.0,,-1.0,1.9628234522100754,0.0,1.9628234522100754,0.5485339334726604,0.45146606652733956,INSUFFICIENT DATA,,
16039,Elmore County,ID,62.6,12.2,7.6372,29046.0,ID,ELMORE,0.0,,-1.0,2.1560784562185393,0.0,2.1560784562185393,0.6025413009680289,0.39745869903197106,VALID,1707.0,Low Access
16041,Franklin County,ID,72.3,11.3,8.1699,14715.0,ID,FRANKLIN,0.0,,-1.0,2.215926381083503,0.0,2.215926381083503,0.6192665024115876,0.38073349758841235,VALID,1781.0,Low Access
16043,Fremont County,ID,98.9,12.2,12.0658,13701.0,ID,FREMONT,0.0,,-1.0,2.569998129397993,0.0,2.569998129397993,0.7182159869491824,0.28178401305081757,VALID,2157.0,Low Access
16045,Gem County,ID,88.3,11.9,10.5077,19854.0,ID,GEM,0.0,,-1.0,2.4430163765278143,0.0,2.4430163765278143,0.682729453352539,0.317270546647461,VALID,2042.0,Low Access
16047,Gooding County,ID,69.5,19.6,13.622,15740.0,ID,GOODING,0.0,,-1.0,2.682527243871124,0.0,2.682527243871124,0.7496635619833202,0.2503364380166798,VALID,2238.0,Lowest Access
16049,Idaho County,ID,43.6,15.3,6.670800000000001,17120.0,ID,IDAHO,0.0,,-1.0,2.0374209124172236,0.0,2.0374209124172236,0.5693810647968881,0.4306189352031119,VALID,1532.0,Moderate Access
16051,Jefferson County,ID,74.9,8.6,6.4414,32234.0,ID,JEFFERSON,0.0,,-1.0,2.007059003185873,0.0,2.007059003185873,0.5608960747282906,0.4391039252717094,VALID,1497.0,Moderate Access
16053,Jerome County,ID,77.5,15.8,12.245,24788.0,ID,JEROME,0.0,,-1.0,2.583620122724033,0.0,2.583620122724033,0.7220228120472102,0.2779771879527898,VALID,2169.0,Low Access
16055,Kootenai County,ID,74.6,9.6,7.1616,177736.0,ID,KOOTENAI,1.0,12.4,0.0,2.099440228186525,0.0,2.099440228186525,0.5867130867838442,0.41328691321615585,VALID,1638.0,Moderate Access
16057,Latah County,ID,58.7,7.4,4.343800000000001,40315.0,ID,LATAH,1.0,12.2,1.0,1.6759370103843056,0.6931471805599453,1.223034885761611,0.34179138011914295,0.658208619880857,VALID,390.0,Good Access
16059,Lemhi County,ID,56.8,6.8,3.8624,8166.0,ID,LEMHI,0.0,,-1.0,1.5815321431803917,0.0,1.5815321431803917,0.44197762485229286,0.5580223751477071,INSUFFICIENT DATA,,
16061,Lewis County,ID,66.0,12.5,8.25,3649.0,ID,LEWIS,0.0,,-1.0,2.224623551524334,0.0,2.224623551524334,0.6216970282475306,0.3783029717524694,INSUFFICIENT DATA,,
16063,Lincoln County,ID,60.7,15.5,9.4085,5276.0,ID,LINCOLN,0.0,,-1.0,2.342622780025576,0.0,2.342622780025576,0.654673290520964,0.345326709479036,INSUFFICIENT DATA,,
16065,Madison County,ID,102.9,5.3,5.4537,53578.0,ID,MADISON,0.0,,-1.0,1.8646536097480477,0.0,1.8646536097480477,0.5210992246742432,0.4789007753257568,VALID,1293.0,Moderate Access
16067,Minidoka County,ID,61.7,13.0,8.021,21922.0,ID,MINIDOKA,0.0,,-1.0,2.199555192674502,0.0,2.199555192674502,0.6146913826454671,0.3853086173545329,VALID,1759.0,Low Access
16069,Nez Perce County,ID,91.2,8.8,8.0256,42477.0,ID,NEZ PERCE,1.0,15.6,1.0,2.200064984003575,0.6931471805599453,1.605523483106278,0.4486822849397848,0.5513177150602152,VALID,932.0,Good Access
16071,Oneida County,ID,74.8,7.0,5.236000000000001,4681.0,ID,ONEIDA,0.0,,-1.0,1.8303389511955301,0.0,1.8303389511955301,0.5115095926518676,0.4884904073481324,INSUFFICIENT DATA,,
16073,Owyhee County,ID,67.8,21.1,14.3058,12284.0,ID,OWYHEE,0.0,,-1.0,2.7282318415311573,0.0,2.7282318415311573,0.7624362454888157,0.23756375451118428,VALID,2261.0,Lowest Access
16075,Payette County,ID,82.2,8.0,6.5760000000000005,26190.0,ID,PAYETTE,0.0,,-1.0,2.024985355883777,0.0,2.024985355883777,0.5659058033144901,0.43409419668550986,VALID,1519.0,Moderate Access
16077,Power County,ID,72.2,16.9,12.2018,8018.0,ID,POWER,0.0,,-1.0,2.5803531839320133,0.0,2.5803531839320133,0.7211098278539638,0.2788901721460362,INSUFFICIENT DATA,,
16079,Shoshone County,ID,65.8,10.8,7.1064,13580.0,ID,SHOSHONE,0.0,,-1.0,2.0926538731519706,0.0,2.0926538731519706,0.5848165606256435,0.41518343937435653,VALID,1624.0,Moderate Access
16081,Teton County,ID,18.2,14.7,2.6754,12101.0,ID,TETON,0.0,,-1.0,1.301661970279187,0.0,1.301661970279187,0.3637646370105617,0.6362353629894383,VALID,493.0,Good Access
16083,Twin Falls County,ID,68.9,10.1,6.9589,92121.0,ID,TWIN FALLS,1.0,14.2,1.0,2.074290799352268,0.6931471805599453,1.5137382819897411,0.4230318387183767,0.5769681612816233,VALID,790.0,Good Access
16085,Valley County,ID,23.4,10.0,2.34,12136.0,ID,VALLEY,0.0,,-1.0,1.205970806988609,0.0,1.205970806988609,0.3370226240499699,0.6629773759500301,VALID,369.0,Good Access
16087,Washington County,ID,86.4,9.8,8.467200000000002,10866.0,ID,WASHINGTON,0.0,,-1.0,2.2478331929402926,0.0,2.2478331929402926,0.6281832335585842,0.3718167664414158,VALID,1812.0,Low Access
00016,Idaho,ID,69.5,,,,ID,IDAHO,0.0,,-1.0,,0.0,,,,VALID,,
17001,Adams County,IL,82.9,4.8,3.9792,65166.0,IL,ADAMS,1.0,15.0,1.0,1.6052692355618807,0.6931471805599453,1.1714642399846835,0.3273793609699467,0.6726206390300533,VALID,332.0,Good Access
17003,Alexander County,IL,90.9,11.1,10.0899,5042.0,IL,ALEXANDER,0.0,,-1.0,2.4060347841890692,0.0,2.4060347841890692,0.6723945155420021,0.32760548445799786,INSUFFICIENT DATA,,
17005,Bond County,IL,107.7,3.6,3.8772,16627.0,IL,BOND,0.0,,-1.0,1.5845712847039728,0.0,1.5845712847039728,0.4428269484389012,0.5571730515610989,VALID,894.0,Good Access
17007,Boone County,IL,82.5,4.8,3.96,53316.0,IL,BOONE,0.0,,-1.0,1.601405740736836,0.0,1.601405740736836,0.44753153375205385,0.5524684662479462,VALID,927.0,Good Access
17009,Brown County,IL,78.8,2.7,2.1276,6320.0,IL,BROWN,0.0,,-1.0,1.140265937268222,0.0,1.140265937268222,0.3186606309754266,0.6813393690245735,INSUFFICIENT DATA,,
17011,Bureau County,IL,83.3,5.9,4.9147,33027.0,IL,BUREAU,0.0,,-1.0,1.777440777631866,0.0,1.777440777631866,0.49672658036121825,0.5032734196387818,VALID,1169.0,Moderate Access
17013,Calhoun County,IL,72.8,1.3,0.9464,4406.0,IL,CALHOUN,0.0,,-1.0,0.6659815124871759,0.0,0.6659815124871759,0.1861163102842139,0.8138836897157861,INSUFFICIENT DATA,,
17015,Carroll County,IL,71.7,6.8,4.8756,15621.0,IL,CARROLL,0.0,,-1.0,1.7708081824751227,0.0,1.7708081824751227,0.4948730241963153,0.5051269758036847,VALID,1160.0,Moderate Access
17017,Cass County,IL,75.5,7.3,5.5115,12826.0,IL,CASS,0.0,,-1.0,1.8735698444256208,0.0,1.8735698444256208,0.5235909705691415,0.4764090294308585,VALID,1310.0,Moderate Access
17019,Champaign County,IL,63.0,5.0,3.15,206098.0,IL,CHAMPAIGN,2.0,12.2,0.3333333333333333,1.423108334242607,0.5108256237659907,1.1396874548356493,0.31849896730474514,0.6815010326952549,VALID,300.0,Good Access
17021,Christian County,IL,71.8,4.4,3.1592,33684.0,IL,CHRISTIAN,0.0,,-1.0,1.425322748087369,0.0,1.425322748087369,0.3983230853473359,0.6016769146526642,VALID,664.0,Good Access
17023,Clark County,IL,78.6,4.9,3.8514,15328.0,IL,CLARK,0.0,,-1.0,1.5792673230889838,0.0,1.5792673230889838,0.4413446944316027,0.5586553055683974,VALID,887.0,Good Access
17025,Clay County,IL,93.5,5.6,5.236000000000001,13173.0,IL,CLAY,0.0,,-1.0,1.8303389511955301,0.0,1.8303389511955301,0.5115095926518676,0.4884904073481324,VALID,1249.0,Moderate Access
17027,Clinton County,IL,94.1,4.9,4.6109,36899.0,IL,CLINTON,1.0,13.3,1.0,1.724711134474927,0.6931471805599453,1.2586283805741738,0.3517383978672701,0.6482616021327299,VALID,433.0,Good Access
17029,Coles County,IL,70.4,6.3,4.4352,46689.0,IL,COLES,1.0,14.3,1.0,1.6928963184241823,0.6931471805599453,1.235411141696427,0.34525006935680475,0.6547499306431952,VALID,405.0,Good Access
17031,Cook County,IL,83.0,9.0,7.47,5185812.0,IL,COOK,31.0,11.819354838709677,0.20689655172413793,2.136530508663963,2.0033421981411887,0.46780293196881173,0.13073299184089426,0.8692670081591057,VALID,12.0,Highest Access
17033,Crawford County,IL,87.6,5.2,4.5552,18588.0,IL,CRAWFORD,0.0,,-1.0,1.7147344260438393,0.0,1.7147344260438393,0.47920255819225016,0.5207974418077499,VALID,1086.0,Moderate Access
17035,Cumberland County,IL,68.7,5.6,3.8472,10378.0,IL,CUMBERLAND,0.0,,-1.0,1.5784012186486422,0.0,1.5784012186486422,0.4411026514323081,0.5588973485676919,VALID,886.0,Good Access
17037,DeKalb County,IL,86.4,4.8,4.147200000000001,100512.0,IL,DEKALB,0.0,,-1.0,1.638452877502625,0.0,1.638452877502625,0.45788478871808574,0.5421152112819143,VALID,978.0,Moderate Access
17039,De Witt County,IL,68.5,3.8,2.603,15461.0,IL,DE WITT,0.0,,-1.0,1.2817668317659563,0.0,1.2817668317659563,0.35820470823889455,0.6417952917611054,VALID,469.0,Good Access
17041,Douglas County,IL,70.8,16.7,11.8236,19686.0,IL,DOUGLAS,0.0,,-1.0,2.551287223304879,0.0,2.551287223304879,0.7129870057555161,0.2870129942444839,VALID,2142.0,Low Access
17043,DuPage County,IL,85.6,5.3,4.5368,927263.0,IL,DUPAGE,0.0,,-1.0,1.7114167165455165,0.0,1.7114167165455165,0.47827538553228144,0.5217246144677186,VALID,1081.0,Moderate Access
17045,Edgar County,IL,73.0,4.6,3.358,16637.0,IL,EDGAR,0.0,,-1.0,1.472013236522428,0.0,1.472013236522428,0.41137128754209024,0.5886287124579097,VALID,723.0,Good Access
17047,Edwards County,IL,93.5,7.5,7.0125,6118.0,IL,EDWARDS,0.0,,-1.0,2.0810028222467882,0.0,2.0810028222467882,0.5815605384016814,0.4184394615983186,INSUFFICIENT DATA,,
17049,Effingham County,IL,67.6,5.0,3.38,34505.0,IL,EFFINGHAM,1.0,12.6,1.0,1.4770487243883548,0.6931471805599453,1.0778938031104188,0.30123000976996805,0.698769990230032,VALID,235.0,Highest Access
17051,Fayette County,IL,71.4,9.0,6.426,21380.0,IL,FAYETTE,0.0,,-1.0,2.0049873557548885,0.0,2.0049873557548885,0.5603171286632195,0.4396828713367805,VALID,1492.0,Moderate Access
17053,Ford County,IL,105.4,5.6,5.9024,13396.0,IL,FORD,0.0,,-1.0,1.9318691772127001,0.0,1.9318691772127001,0.5398833998737337,0.4601166001262663,VALID,1396.0,Moderate Access
17055,Franklin County,IL,92.1,7.5,6.9075,37541.0,IL,FRANKLIN,0.0,,-1.0,2.067811676197667,0.0,2.067811676197667,0.5778741186061621,0.4221258813938379,VALID,1585.0,Moderate Access
17057,Fulton County,IL,89.0,4.0,3.56,33259.0,IL,FULTON,0.0,,-1.0,1.5173226235262947,0.0,1.5173226235262947,0.4240335248148727,0.5759664751851272,VALID,792.0,Good Access
17059,Gallatin County,IL,71.7,3.9,2.7963,4857.0,IL,GALLATIN,0.0,,-1.0,1.334026908183414,0.0,1.334026908183414,0.37280939683102055,0.6271906031689795,INSUFFICIENT DATA,,
17061,Greene County,IL,87.5,4.7,4.1125,11837.0,IL,GREENE,0.0,,-1.0,1.63168852136892,0.0,1.63168852136892,0.4559944104096071,0.5440055895903929,VALID,969.0,Good Access
17063,Grundy County,IL,96.5,3.7,3.5705,52920.0,IL,GRUNDY,1.0,12.7,1.0,1.5196226081117363,0.6931471805599453,1.1089625990695904,0.30991254758892206,0.6900874524110779,VALID,266.0,Good Access
17065,Hamilton County,IL,81.6,9.1,7.425599999999999,7972.0,IL,HAMILTON,0.0,,-1.0,2.131274690319853,0.0,2.131274690319853,0.5956095989557967,0.4043904010442033,INSUFFICIENT DATA,,
17067,Hancock County,IL,77.2,6.5,5.018,17434.0,IL,HANCOCK,0.0,,-1.0,1.7947549782078536,0.0,1.7947549782078536,0.5015652358888906,0.49843476411110943,VALID,1188.0,Moderate Access
17069,Hardin County,IL,88.7,3.8,3.3706,3623.0,IL,HARDIN,0.0,,-1.0,1.4749002994539149,0.0,1.4749002994539149,0.41217811099032675,0.5878218890096732,INSUFFICIENT DATA,,
17071,Henderson County,IL,74.3,2.8,2.0804,6284.0,IL,HENDERSON,0.0,,-1.0,1.125059458682958,0.0,1.125059458682958,0.31441100296978475,0.6855889970302153,INSUFFICIENT DATA,,
17073,Henry County,IL,77.4,4.1,3.1734,48948.0,IL,HENRY,0.0,,-1.0,1.4287310513171474,0.0,1.4287310513171474,0.39927557548341663,0.6007244245165834,VALID,669.0,Good Access
17075,Iroquois County,IL,97.2,6.3,6.1236,26746.0,IL,IROQUOIS,0.0,,-1.0,1.9634132156197135,0.0,1.9634132156197135,0.54869874974411,0.45130125025588996,VALID,1450.0,Moderate Access
17077,Jackson County,IL,82.2,6.8,5.589600000000001,52706.0,IL,JACKSON,1.0,14.8,0.0,1.885492648644902,0.0,1.885492648644902,0.5269229374299729,0.47307706257002713,VALID,1330.0,Moderate Access
17079,Jasper County,IL,104.0,4.8,4.992,9233.0,IL,JASPER,0.0,,-1.0,1.7904252462149184,0.0,1.7904252462149184,0.5003552417254863,0.4996447582745137,INSUFFICIENT DATA,,
17081,Jefferson County,IL,94.1,7.5,7.0575,36808.0,IL,JEFFERSON,1.0,12.0,0.0,2.0866033347074557,0.0,2.0866033347074557,0.5831256670056083,0.4168743329943917,VALID,1616.0,Moderate Access
17083,Jersey County,IL,84.4,5.3,4.4732,21336.0,IL,JERSEY,0.0,,-1.0,1.699863454523518,0.0,1.699863454523518,0.4750466915535991,0.5249533084464009,VALID,1063.0,Moderate Access
17085,Jo Daviess County,IL,66.3,5.2,3.4476,21918.0,IL,JO DAVIESS,0.0,,-1.0,1.492364624846957,0.0,1.492364624846957,0.41705872065112193,0.5829412793488781,VALID,753.0,Good Access
17087,Johnson County,IL,74.6,7.9,5.893400000000001,13350.0,IL,JOHNSON,0.0,,-1.0,1.930564432105237,0.0,1.930564432105237,0.5395187736180356,0.4604812263819644,VALID,1391.0,Moderate Access
17089,Kane County,IL,89.8,7.9,7.0942,516097.0,IL,KANE,5.0,11.959999999999999,0.6666666666666666,2.0911477558098728,1.466337068793427,0.895674846472253,0.25030679457938476,0.7496932054206152,VALID,113.0,Highest Access
17091,Kankakee County,IL,99.6,5.6,5.577599999999999,106833.0,IL,KANKAKEE,2.0,12.05,1.0,1.8836699371614767,1.0986122886681096,1.0768614382956987,0.3009415033676426,0.6990584966323574,VALID,231.0,Highest Access
17093,Kendall County,IL,86.0,4.4,3.784,135053.0,IL,KENDALL,0.0,,-1.0,1.5652770166483305,0.0,1.5652770166483305,0.43743493993292953,0.5625650600670704,VALID,865.0,Good Access
17095,Knox County,IL,79.7,5.5,4.383500000000001,49294.0,IL,KNOX,1.0,14.7,1.0,1.6833387202736347,0.6931471805599453,1.2284363712308413,0.3433008883062885,0.6566991116937115,VALID,396.0,Good Access
17097,Lake County,IL,62.7,6.9,4.326300000000001,711885.0,IL,LAKE,4.0,10.6,0.42857142857142855,1.6726568132556534,0.9985288301111271,1.0214953990706486,0.2854688172008238,0.7145311827991763,VALID,194.0,Highest Access
17099,LaSalle County,IL,86.1,4.0,3.444,109049.0,IL,LASALLE,0.0,,-1.0,1.4915548717773834,0.0,1.4915548717773834,0.41683242570039947,0.5831675742996005,VALID,750.0,Good Access
17101,Lawrence County,IL,109.1,7.5,8.1825,15137.0,IL,LAWRENCE,0.0,,-1.0,2.2172994987116854,0.0,2.2172994987116854,0.619650236166582,0.380349763833418,VALID,1783.0,Low Access
17103,Lee County,IL,87.3,3.6,3.1428,34058.0,IL,LEE,0.0,,-1.0,1.4213718877325867,0.0,1.4213718877325867,0.39721897128727124,0.6027810287127288,VALID,659.0,Good Access
17105,Livingston County,IL,94.5,4.9,4.6305000000000005,35659.0,IL,LIVINGSTON,1.0,13.4,1.0,1.7281982481549432,0.6931471805599453,1.261173143089024,0.35244956146705947,0.6475504385329405,VALID,436.0,Good Access
17107,Logan County,IL,77.3,2.4,1.8552,27870.0,IL,LOGAN,0.0,,-1.0,1.0491418931938135,0.0,1.0491418931938135,0.2931949528097259,0.706805047190274,VALID,216.0,Highest Access
17109,McDonough County,IL,82.5,6.5,5.3625,27102.0,IL,MCDONOUGH,0.0,,-1.0,1.850421381876641,0.0,1.850421381876641,0.5171218624068464,0.48287813759315357,VALID,1274.0,Moderate Access
17111,McHenry County,IL,84.0,4.7,3.948,311366.0,IL,MCHENRY,0.0,,-1.0,1.5989834545302415,0.0,1.5989834545302415,0.4468545975867539,0.5531454024132461,VALID,924.0,Good Access
17113,McLean County,IL,67.3,4.4,2.9612,170882.0,IL,MCLEAN,0.0,,-1.0,1.3765470096650105,0.0,1.3765470096650105,0.38469213569431215,0.6153078643056878,VALID,602.0,Good Access
17115,Macon County,IL,69.0,4.1,2.829,102591.0,IL,MACON,2.0,11.35,1.0,1.3426036724951576,1.0986122886681096,0.7675432374330463,0.2144989202495162,0.7855010797504838,VALID,64.0,Highest Access
17117,Macoupin County,IL,100.1,4.3,4.3043,44566.0,IL,MACOUPIN,0.0,,-1.0,1.6685178123700162,0.0,1.6685178123700162,0.46628678583292577,0.5337132141670742,VALID,1018.0,Moderate Access
17119,Madison County,IL,125.5,4.8,6.024,264631.0,IL,MADISON,4.0,13.0,0.3333333333333333,1.9493328563328156,0.8472978603872036,1.3053959483589752,0.36480814078636015,0.6351918592136399,VALID,501.0,Good Access
17121,Marion County,IL,86.8,6.6,5.7288,37294.0,IL,MARION,1.0,15.1,0.0,1.9063968216660905,0.0,1.9063968216660905,0.5327648526773144,0.46723514732268556,VALID,1359.0,Moderate Access
17123,Marshall County,IL,83.2,3.6,2.9952000000000005,11715.0,IL,MARSHALL,0.0,,-1.0,1.3850936405433718,0.0,1.3850936405433718,0.3870805914916829,0.6129194085083172,VALID,609.0,Good Access
17125,Mason County,IL,92.2,4.6,4.2412,12878.0,IL,MASON,0.0,,-1.0,1.6565504797482933,0.0,1.6565504797482933,0.46294237499007695,0.537057625009923,VALID,1004.0,Moderate Access
17127,Massac County,IL,93.8,9.0,8.442,13958.0,IL,MASSAC,0.0,,-1.0,2.245167822124095,0.0,2.245167822124095,0.6274383645606487,0.3725616354393513,VALID,1808.0,Low Access
17129,Menard County,IL,71.1,2.9,2.0619,12169.0,IL,MENARD,0.0,,-1.0,1.1190356383089881,0.0,1.1190356383089881,0.31272757602654844,0.6872724239734516,VALID,274.0,Good Access
17131,Mercer County,IL,74.8,5.2,3.8896,15619.0,IL,MERCER,0.0,,-1.0,1.5871105005500097,0.0,1.5871105005500097,0.44353656195732255,0.5564634380426774,VALID,900.0,Good Access
17133,Monroe County,IL,90.6,2.2,1.9932,34969.0,IL,MONROE,0.0,,-1.0,1.0963430492240664,0.0,1.0963430492240664,0.306385867026987,0.693614132973013,VALID,253.0,Good Access
17135,Montgomery County,IL,121.8,4.5,5.481,28078.0,IL,MONTGOMERY,0.0,,-1.0,1.8688748194455789,0.0,1.8688748194455789,0.5222788910149895,0.4777211089850105,VALID,1302.0,Moderate Access
17137,Morgan County,IL,71.9,4.0,2.8760000000000003,32621.0,IL,MORGAN,0.0,,-1.0,1.35480369402852,0.0,1.35480369402852,0.3786157122445147,0.6213842877554854,VALID,573.0,Good Access
17139,Moultrie County,IL,68.3,12.8,8.7424,14469.0,IL,MOULTRIE,0.0,,-1.0,2.2764874938721724,0.0,2.2764874938721724,0.6361910125482716,0.3638089874517284,VALID,1851.0,Low Access
17141,Ogle County,IL,70.9,4.3,3.0487,51536.0,IL,OGLE,0.0,,-1.0,1.398395841936563,0.0,1.398395841936563,0.39079804699988807,0.6092019530001119,VALID,627.0,Good Access
17143,Peoria County,IL,88.9,6.0,5.3340000000000005,179831.0,IL,PEORIA,2.0,13.3,1.0,1.8459319481164482,1.0986122886681096,1.0552872843743089,0.2949123541344195,0.7050876458655805,VALID,219.0,Highest Access
17145,Perry County,IL,94.6,3.7,3.5002,20810.0,IL,PERRY,0.0,,-1.0,1.5041218402330934,0.0,1.5041218402330934,0.4203444117789618,0.5796555882210381,VALID,774.0,Good Access
17147,Piatt County,IL,66.3,3.0,1.989,16702.0,IL,PIATT,0.0,,-1.0,1.0949388833018008,0.0,1.0949388833018008,0.30599345646366233,0.6940065435363376,VALID,251.0,Good Access
17149,Pike County,IL,79.8,5.9,4.7082,14625.0,IL,PIKE,0.0,,-1.0,1.7419037375431512,0.0,1.7419037375431512,0.4867953395448883,0.5132046604551117,VALID,1123.0,Moderate Access
17151,Pope County,IL,80.9,2.9,2.3461000000000003,3757.0,IL,POPE,0.0,,-1.0,1.2077954885496018,0.0,1.2077954885496018,0.33753255261886866,0.6624674473811314,INSUFFICIENT DATA,,
17153,Pulaski County,IL,95.6,7.4,7.0744,5074.0,IL,PULASKI,0.0,,-1.0,2.0886985629425125,0.0,2.0886985629425125,0.583711203001729,0.41628879699827104,INSUFFICIENT DATA,,
17155,Putnam County,IL,81.9,3.1,2.5389,5600.0,IL,PUTNAM,0.0,,-1.0,1.2638159443944494,0.0,1.2638159443944494,0.3531881231516671,0.6468118768483329,INSUFFICIENT DATA,,
17157,Randolph County,IL,106.4,5.3,5.6392,30142.0,IL,RANDOLPH,0.0,,-1.0,1.892991474302101,0.0,1.892991474302101,0.5290185718231414,0.4709814281768586,VALID,1343.0,Moderate Access
17159,Richland County,IL,102.0,5.8,5.916,15675.0,IL,RICHLAND,1.0,17.1,1.0,1.9338375678210442,0.6931471805599453,1.4112408725308683,0.39438774078999306,0.6056122592100069,VALID,643.0,Good Access
17161,Rock Island County,IL,78.2,6.0,4.692,142995.0,IL,ROCK ISLAND,2.0,13.350000000000001,1.0,1.739061680227606,1.0986122886681096,0.9941914054629283,0.2778383973603173,0.7221616026396827,VALID,167.0,Highest Access
17163,St. Clair County,IL,116.6,5.4,6.2964,254777.0,IL,ST. CLAIR,2.0,12.25,0.3333333333333333,1.9873810758306225,0.5108256237659907,1.591581769006637,0.44478611013821695,0.5552138898617831,VALID,909.0,Good Access
17165,Saline County,IL,76.4,5.9,4.5076,23387.0,IL,SALINE,0.0,,-1.0,1.7061289565880804,0.0,1.7061289565880804,0.47679765926737167,0.5232023407326283,VALID,1070.0,Moderate Access
17167,Sangamon County,IL,68.1,3.8,2.5878,195217.0,IL,SANGAMON,2.0,13.25,0.3333333333333333,1.2775392012828533,0.5108256237659907,1.0231093204423676,0.28591984637379797,0.714080153626202,VALID,196.0,Highest Access
17169,Schuyler County,IL,81.3,8.1,6.5853,6826.0,IL,SCHUYLER,0.0,,-1.0,2.026212163765215,0.0,2.026212163765215,0.566248649102308,0.433751350897692,INSUFFICIENT DATA,,
17171,Scott County,IL,80.9,5.1,4.1259,4847.0,IL,SCOTT,0.0,,-1.0,1.634306119362981,0.0,1.634306119362981,0.45672592873455664,0.5432740712654434,INSUFFICIENT DATA,,
17173,Shelby County,IL,69.4,5.0,3.47,20867.0,IL,SHELBY,0.0,,-1.0,1.4973884086254774,0.0,1.4973884086254774,0.41846267569040224,0.5815373243095978,VALID,762.0,Good Access
17175,Stark County,IL,81.6,5.3,4.3248,5324.0,IL,STARK,0.0,,-1.0,1.6723751522046977,0.0,1.6723751522046977,0.46736476449161574,0.5326352355083843,INSUFFICIENT DATA,,
17177,Stephenson County,IL,73.9,5.2,3.8428,44042.0,IL,STEPHENSON,1.0,13.2,1.0,1.577493065851448,0.6931471805599453,1.1511942511138582,0.3217146758887482,0.6782853241112519,VALID,312.0,Good Access
17179,Tazewell County,IL,93.5,5.1,4.7685,130555.0,IL,TAZEWELL,1.0,14.2,0.0,1.7524120813852073,0.0,1.7524120813852073,0.489732018936749,0.510267981063251,VALID,1136.0,Moderate Access
17181,Union County,IL,88.8,6.6,5.860799999999999,16972.0,IL,UNION,0.0,,-1.0,1.9258240530142363,0.0,1.9258240530142363,0.5381940193279793,0.4618059806720207,VALID,1382.0,Moderate Access
17183,Vermilion County,IL,82.5,4.6,3.795,73179.0,IL,VERMILION,1.0,12.2,-0.3333333333333333,1.5675737083354015,0.0,1.5675737083354015,0.4380767772431902,0.5619232227568098,VALID,869.0,Good Access
17185,Wabash County,IL,101.8,5.0,5.09,11199.0,IL,WABASH,0.0,,-1.0,1.8066480817218056,0.0,1.8066480817218056,0.5048889025408047,0.49511109745919535,VALID,1211.0,Moderate Access
17187,Warren County,IL,80.5,6.0,4.83,16576.0,IL,WARREN,0.0,,-1.0,1.763017000362401,0.0,1.763017000362401,0.4926956873778251,0.5073043126221749,VALID,1151.0,Moderate Access
17189,Washington County,IL,105.3,3.3,3.4748999999999994,13682.0,IL,WASHINGTON,0.0,,-1.0,1.4984840051084196,0.0,1.4984840051084196,0.41876885292076416,0.5812311470792358,VALID,765.0,Good Access
17191,Wayne County,IL,92.2,11.4,10.5108,15994.0,IL,WAYNE,0.0,,-1.0,2.4432857250968993,0.0,2.4432857250968993,0.6828047259553341,0.31719527404466585,VALID,2043.0,Low Access
17193,White County,IL,75.3,4.9,3.6897,13708.0,IL,WHITE,0.0,,-1.0,1.5453686145274221,0.0,1.5453686145274221,0.43187130449121863,0.5681286955087814,VALID,835.0,Good Access
17195,Whiteside County,IL,86.4,5.5,4.752000000000001,55192.0,IL,WHITESIDE,1.0,19.5,0.0,1.7495476204187457,0.0,1.7495476204187457,0.4889315118715604,0.5110684881284395,VALID,1133.0,Moderate Access
17197,Will County,IL,88.7,5.3,4.7011,698450.0,IL,WILL,3.0,13.0,0.5,1.740659138677926,0.9162907318741551,1.1188340599554698,0.31267124260184137,0.6873287573981586,VALID,273.0,Good Access
17199,Williamson County,IL,78.1,5.2,4.0612,66902.0,IL,WILLIAMSON,1.0,11.3,-0.3333333333333333,1.6216036093329715,0.0,1.6216036093329715,0.45317606398034677,0.5468239360196532,VALID,953.0,Good Access
17201,Winnebago County,IL,85.7,6.1,5.2277,283289.0,IL,WINNEBAGO,3.0,15.566666666666665,1.0,1.8290070832547214,1.3862943611198906,0.8404720860282193,0.23487973857451594,0.7651202614254841,VALID,85.0,Highest Access
17203,Woodford County,IL,84.7,5.1,4.3197,38348.0,IL,WOODFORD,0.0,,-1.0,1.6714169107860783,0.0,1.6714169107860783,0.4670969727378643,0.5329030272621357,VALID,1023.0,Moderate Access
00017,Illinois,IL,83.8,,,,IL,ILLINOIS,0.0,,-1.0,,0.0,,,,VALID,,
18001,Adams County,IN,85.0,23.3,19.805,35995.0,IN,ADAMS,0.0,,-1.0,3.0351933424349045,0.0,3.0351933424349045,0.848220221284405,0.151779778715595,VALID,2397.0,Lowest Access
18003,Allen County,IN,88.1,8.2,7.224199999999999,388791.0,IN,ALLEN,2.0,14.75,-0.5,2.1070810274832534,0.0,2.1070810274832534,0.5888483973683953,0.41115160263160466,VALID,1644.0,Moderate Access
18005,Bartholomew County,IN,72.0,5.2,3.744,82881.0,IN,BARTHOLOMEW,1.0,12.5,1.0,1.5568806616954243,0.6931471805599453,1.1361521050152683,0.3175109725154064,0.6824890274845936,VALID,294.0,Good Access
18007,Benton County,IN,77.8,6.4,4.9792000000000005,8708.0,IN,BENTON,0.0,,-1.0,1.7882867797490825,0.0,1.7882867797490825,0.49975762230088466,0.5002423776991154,INSUFFICIENT DATA,,
18009,Blackford County,IN,108.0,7.5,8.1,12007.0,IN,BLACKFORD,0.0,,-1.0,2.2082744135228043,0.0,2.2082744135228043,0.6171280707252589,0.3828719292747411,VALID,1767.0,Low Access
18011,Boone County,IN,71.4,4.1,2.9274,72827.0,IN,BOONE,1.0,13.0,1.0,1.367977629333993,0.6931471805599453,0.9982978794849144,0.2789859994767721,0.721014000523228,VALID,170.0,Highest Access
18013,Brown County,IN,72.9,6.1,4.4469,15543.0,IN,BROWN,0.0,,-1.0,1.695046639503438,0.0,1.695046639503438,0.4737005763506247,0.5262994236493753,VALID,1058.0,Moderate Access
18015,Carroll County,IN,73.0,11.8,8.614,20443.0,IN,CARROLL,0.0,,-1.0,2.263220369471769,0.0,2.263220369471769,0.6324833597152926,0.36751664028470743,VALID,1830.0,Low Access
18017,Cass County,IN,75.9,6.9,5.237100000000001,37703.0,IN,CASS,0.0,,-1.0,1.8305153307648196,0.0,1.8305153307648196,0.5115588839820774,0.4884411160179226,VALID,1250.0,Moderate Access
18019,Clark County,IN,77.0,6.3,4.851,122800.0,IN,CLARK,1.0,12.5,-0.3333333333333333,1.7666125868060991,0.0,1.7666125868060991,0.49370051599492865,0.5062994840050714,VALID,1158.0,Moderate Access
18021,Clay County,IN,72.9,5.7,4.1553,26431.0,IN,CLAY,0.0,,-1.0,1.6400253117018913,0.0,1.6400253117018913,0.45832422381627513,0.5416757761837249,VALID,979.0,Moderate Access
18023,Clinton County,IN,81.0,7.4,5.994,32967.0,IN,CLINTON,0.0,,-1.0,1.9450526386411842,0.0,1.9450526386411842,0.5435676721122832,0.4564323278877168,VALID,1415.0,Moderate Access
18025,Crawford County,IN,110.7,6.5,7.195500000000001,10494.0,IN,CRAWFORD,0.0,,-1.0,2.103585223147278,0.0,2.103585223147278,0.5878714540264435,0.4121285459735565,VALID,1640.0,Moderate Access
18027,Daviess County,IN,107.1,23.6,25.2756,33442.0,IN,DAVIESS,0.0,,-1.0,3.2686407518971534,0.0,3.2686407518971534,0.913459825807749,0.08654017419225102,VALID,2425.0,Lowest Access
18029,Dearborn County,IN,75.8,4.8,3.6384,50828.0,IN,DEARBORN,1.0,13.8,0.0,1.534369479185254,0.0,1.534369479185254,0.4287974676837135,0.5712025323162865,VALID,821.0,Good Access
18031,Decatur County,IN,78.9,4.0,3.156,26411.0,IN,DECATUR,0.0,,-1.0,1.4245530732369809,0.0,1.4245530732369809,0.39810799072295544,0.6018920092770446,VALID,662.0,Good Access
18033,DeKalb County,IN,85.1,6.8,5.7868,43584.0,IN,DEKALB,0.0,,-1.0,1.9149795491866475,0.0,1.9149795491866475,0.5351633961028448,0.4648366038971552,VALID,1370.0,Moderate Access
18035,Delaware County,IN,111.2,7.2,8.0064,112109.0,IN,DELAWARE,1.0,12.8,1.0,2.197935435727625,0.6931471805599453,1.6039694200261845,0.4482479838653665,0.5517520161346334,VALID,931.0,Good Access
18037,Dubois County,IN,116.3,4.4,5.1172,43563.0,IN,DUBOIS,1.0,14.5,1.0,1.8111044754918313,0.6931471805599453,1.3216749445598597,0.36935749636340054,0.6306425036365995,VALID,518.0,Good Access
18039,Elkhart County,IN,80.5,14.7,11.8335,206868.0,IN,ELKHART,2.0,14.2,0.3333333333333333,2.552058939554285,0.5108256237659907,2.0438005227192697,0.5711639213900594,0.42883607860994055,VALID,1543.0,Moderate Access
18041,Fayette County,IN,103.8,6.0,6.228,23390.0,IN,FAYETTE,0.0,,-1.0,1.977962372729982,0.0,1.977962372729982,0.5527646815880674,0.44723531841193265,VALID,1462.0,Moderate Access
18043,Floyd County,IN,77.1,5.1,3.9320999999999993,80512.0,IN,FLOYD,1.0,13.3,0.0,1.5957648608467503,0.0,1.5957648608467503,0.4459551239986083,0.5540448760013916,VALID,914.0,Good Access
18045,Fountain County,IN,83.4,6.9,5.7546,16546.0,IN,FOUNTAIN,0.0,,-1.0,1.9102237542628584,0.0,1.9102237542628584,0.5338343336783062,0.46616566632169376,VALID,1365.0,Moderate Access
18047,Franklin County,IN,84.3,7.0,5.901,22929.0,IN,FRANKLIN,0.0,,-1.0,1.9316663286384648,0.0,1.9316663286384648,0.5398267114710149,0.4601732885289851,VALID,1395.0,Moderate Access
18049,Fulton County,IN,97.0,9.9,9.603000000000002,20411.0,IN,FULTON,0.0,,-1.0,2.3611369799436615,0.0,2.3611369799436615,0.6598472998770941,0.3401527001229059,VALID,1954.0,Low Access
18051,Gibson County,IN,85.7,4.2,3.5994000000000006,32986.0,IN,GIBSON,0.0,,-1.0,1.5259258602050847,0.0,1.5259258602050847,0.42643779976415525,0.5735622002358447,VALID,807.0,Good Access
18053,Grant County,IN,105.8,7.2,7.617599999999999,66377.0,IN,GRANT,1.0,16.3,-0.3333333333333333,2.1538066236351425,0.0,2.1538066236351425,0.6019064108245681,0.3980935891754319,VALID,1706.0,Low Access
18055,Greene County,IN,69.7,8.1,5.645700000000001,30954.0,IN,GREENE,1.0,13.7,1.0,1.8939700289797705,0.6931471805599453,1.3821470638076199,0.386257136215906,0.613742863784094,VALID,605.0,Good Access
18057,Hamilton County,IN,63.8,4.2,2.6796,357176.0,IN,HAMILTON,3.0,12.366666666666667,0.0,1.3028040506208651,0.0,1.3028040506208651,0.36408380469803614,0.6359161953019639,VALID,498.0,Good Access
18059,Hancock County,IN,77.5,5.2,4.03,82013.0,IN,HANCOCK,1.0,12.3,1.0,1.6154199841116479,0.6931471805599453,1.178871868980306,0.3294495093911405,0.6705504906088595,VALID,342.0,Good Access
18061,Harrison County,IN,71.9,5.5,3.9545,39785.0,IN,HARRISON,0.0,,-1.0,1.600296254516817,0.0,1.600296254516817,0.44722147487247627,0.5527785251275237,VALID,925.0,Good Access
18063,Hendricks County,IN,66.5,5.6,3.724,179379.0,IN,HENDRICKS,2.0,12.2,0.3333333333333333,1.552655898335116,0.5108256237659907,1.243434815488503,0.34749237868987964,0.6525076213101204,VALID,413.0,Good Access
18065,Henry County,IN,111.2,6.7,7.450400000000001,48896.0,IN,HENRY,1.0,17.2,1.0,2.1342137775268153,0.6931471805599453,1.5574677851346101,0.4352525589985687,0.5647474410014313,VALID,852.0,Good Access
18067,Howard County,IN,92.4,6.7,6.1908,83610.0,IN,HOWARD,2.0,12.95,1.0,1.972802431190124,1.0986122886681096,1.1278169394824993,0.3151816131781275,0.6848183868218725,VALID,286.0,Good Access
18069,Huntington County,IN,93.2,6.3,5.8716,36757.0,IN,HUNTINGTON,0.0,,-1.0,1.9273969757701535,0.0,1.9273969757701535,0.5386335909590297,0.46136640904097026,VALID,1384.0,Moderate Access
18071,Jackson County,IN,74.4,9.2,6.8448,46319.0,IN,JACKSON,1.0,10.4,1.0,2.0598508919148317,0.6931471805599453,1.503200588488299,0.42008695722148665,0.5799130427785133,VALID,771.0,Good Access
18073,Jasper County,IN,78.2,4.4,3.4408000000000003,33198.0,IN,JASPER,0.0,,-1.0,1.4908345403938146,0.0,1.4908345403938146,0.4166311206840018,0.5833688793159981,VALID,748.0,Good Access
18075,Jay County,IN,89.3,9.7,8.662099999999999,20281.0,IN,JAY,0.0,,-1.0,2.268211015902709,0.0,2.268211015902709,0.633878054135849,0.36612194586415103,VALID,1837.0,Low Access
18077,Jefferson County,IN,83.3,8.8,7.330400000000001,33074.0,IN,JEFFERSON,1.0,11.8,0.0,2.1199114742335494,0.0,2.1199114742335494,0.5924340155329973,0.40756598446700265,VALID,1661.0,Moderate Access
18079,Jennings County,IN,80.9,9.0,7.281000000000001,27584.0,IN,JENNINGS,0.0,,-1.0,2.113963734051563,0.0,2.113963734051563,0.590771850087794,0.409228149912206,VALID,1656.0,Moderate Access
18081,Johnson County,IN,78.3,4.8,3.7584,163983.0,IN,JOHNSON,1.0,11.5,0.0,1.5599114772836988,0.0,1.5599114772836988,0.4359354773044543,0.5640645226955456,VALID,857.0,Good Access
18083,Knox County,IN,112.4,6.9,7.7556,36108.0,IN,KNOX,1.0,12.8,1.0,2.1696934956568623,0.6931471805599453,1.5833595297175918,0.4424883093583786,0.5575116906416214,VALID,892.0,Good Access
18085,Kosciusko County,IN,94.0,11.1,10.434,80357.0,IN,KOSCIUSKO,1.0,16.3,0.0,2.4365913728417796,0.0,2.4365913728417796,0.6809339110481566,0.3190660889518434,VALID,2034.0,Low Access
18087,LaGrange County,IN,71.8,44.3,31.8074,40596.0,IN,LAGRANGE,0.0,,-1.0,3.4906540997001416,0.0,3.4906540997001416,0.975504048285672,0.024495951714327946,VALID,2429.0,Lowest Access
18089,Lake County,IN,82.2,6.8,5.589600000000001,498990.0,IN,LAKE,7.0,12.971428571428572,0.36363636363636365,1.885492648644902,1.2656663733312759,0.95510209897926,0.26691443422035066,0.7330855657796493,VALID,141.0,Highest Access
18091,LaPorte County,IN,79.9,6.4,5.113600000000001,112141.0,IN,LAPORTE,0.0,,-1.0,1.8105157977104986,0.0,1.8105157977104986,0.5059697809368948,0.4940302190631052,VALID,1222.0,Moderate Access
18093,Lawrence County,IN,75.9,6.4,4.857600000000001,45077.0,IN,LAWRENCE,1.0,12.6,1.0,1.7677399633838349,0.6931471805599453,1.2900291781715694,0.36051371742078586,0.6394862825792141,VALID,479.0,Good Access
18095,Madison County,IN,106.4,8.0,8.512,130949.0,IN,MADISON,2.0,14.75,0.3333333333333333,2.2525541593884806,0.5108256237659907,1.8039439830553783,0.5041332105929001,0.49586678940709994,VALID,1206.0,Moderate Access
18097,Marion County,IN,81.0,9.0,7.29,971822.0,IN,MARION,7.0,15.057142857142859,-0.2,2.115049969147204,0.0,2.115049969147204,0.5910754111691623,0.4089245888308377,VALID,1657.0,Moderate Access
18099,Marshall County,IN,90.6,13.0,11.778,46225.0,IN,MARSHALL,0.0,,-1.0,2.5477249421801513,0.0,2.5477249421801513,0.7119914846987028,0.28800851530129723,VALID,2137.0,Low Access
18101,Martin County,IN,82.7,7.1,5.8717,9854.0,IN,MARTIN,0.0,,-1.0,1.9274115283157576,0.0,1.9274115283157576,0.5386376578378278,0.4613623421621722,INSUFFICIENT DATA,,
18103,Miami County,IN,94.9,7.5,7.1175,35772.0,IN,MIAMI,0.0,,-1.0,2.094022224994864,0.0,2.094022224994864,0.585198962526289,0.414801037473711,VALID,1626.0,Moderate Access
18105,Monroe County,IN,74.2,5.3,3.9326,139822.0,IN,MONROE,1.0,12.6,-0.3333333333333333,1.5958662324040056,0.0,1.5958662324040056,0.44598345346399193,0.5540165465360081,VALID,915.0,Good Access
18107,Montgomery County,IN,65.4,8.2,5.3628,38155.0,IN,MONTGOMERY,1.0,13.2,1.0,1.8504685320420684,0.6931471805599453,1.350401331117188,0.3773854205228583,0.6226145794771417,VALID,565.0,Good Access
18109,Morgan County,IN,79.6,5.1,4.0596,72202.0,IN,MORGAN,0.0,,-1.0,1.6212874287912495,0.0,1.6212874287912495,0.4530877036359444,0.5469122963640556,VALID,952.0,Good Access
18111,Newton County,IN,84.6,5.8,4.9068,13859.0,IN,NEWTON,0.0,,-1.0,1.7761042296174818,0.0,1.7761042296174818,0.49635306641182064,0.5036469335881794,VALID,1167.0,Moderate Access
18113,Noble County,IN,86.5,11.7,10.1205,47417.0,IN,NOBLE,1.0,13.3,1.0,2.4087902518403617,0.6931471805599453,1.7578432197805034,0.4912498139803388,0.5087501860196613,VALID,1142.0,Moderate Access
18115,Ohio County,IN,70.4,6.3,4.4352,5993.0,IN,OHIO,0.0,,-1.0,1.6928963184241823,0.0,1.6928963184241823,0.4730996440158774,0.5269003559841225,INSUFFICIENT DATA,,
18117,Orange County,IN,89.0,7.1,6.319,19746.0,IN,ORANGE,0.0,,-1.0,1.99047370661909,0.0,1.99047370661909,0.5562611199373518,0.44373888006264817,VALID,1476.0,Moderate Access
18119,Owen County,IN,77.1,9.4,7.2474,21434.0,IN,OWEN,0.0,,-1.0,2.109897999160763,0.0,2.109897999160763,0.5896356329972572,0.4103643670027428,VALID,1653.0,Moderate Access
18121,Parke County,IN,77.4,15.7,12.1518,16346.0,IN,PARKE,0.0,,-1.0,2.5765586313855473,0.0,2.5765586313855473,0.7200493958361285,0.2799506041638715,VALID,2163.0,Low Access
18123,Perry County,IN,72.1,5.5,3.9655,19218.0,IN,PERRY,0.0,,-1.0,1.6025139973612763,0.0,1.6025139973612763,0.44784124900678896,0.5521587509932111,VALID,928.0,Good Access
18125,Pike County,IN,101.6,4.3,4.368799999999999,12187.0,IN,PIKE,0.0,,-1.0,1.6806044198618924,0.0,1.6806044198618924,0.4696645294310033,0.5303354705689967,VALID,1039.0,Moderate Access
18127,Porter County,IN,78.8,4.8,3.7824,174150.0,IN,PORTER,1.0,12.9,0.0,1.5649425125475362,0.0,1.5649425125475362,0.4373414588559815,0.5626585411440185,VALID,862.0,Good Access
18129,Posey County,IN,80.0,3.9,3.12,25163.0,IN,POSEY,0.0,,-1.0,1.415853163361435,0.0,1.415853163361435,0.39567669931999333,0.6043233006800066,VALID,653.0,Good Access
18131,Pulaski County,IN,72.9,7.5,5.4675,12441.0,IN,PULASKI,0.0,,-1.0,1.8667896350780473,0.0,1.8667896350780473,0.5216961618949304,0.4783038381050696,VALID,1299.0,Moderate Access
18133,Putnam County,IN,78.0,3.9,3.042,37091.0,IN,PUTNAM,0.0,,-1.0,1.3967396189814292,0.0,1.3967396189814292,0.390335196155476,0.609664803844524,VALID,625.0,Good Access
18135,Randolph County,IN,108.0,7.5,8.1,24425.0,IN,RANDOLPH,0.0,,-1.0,2.2082744135228043,0.0,2.2082744135228043,0.6171280707252589,0.3828719292747411,VALID,1767.0,Low Access
18137,Ripley County,IN,80.6,6.7,5.4002,29039.0,IN,RIPLEY,0.0,,-1.0,1.856329239877355,0.0,1.856329239877355,0.5187728823107918,0.48122711768920823,VALID,1282.0,Moderate Access
18139,Rush County,IN,80.0,7.9,6.32,16734.0,IN,RUSH,0.0,,-1.0,1.9906103279732201,0.0,1.9906103279732201,0.5562993003700816,0.4437006996299184,VALID,1477.0,Moderate Access
18141,St. Joseph County,IN,89.0,7.3,6.496999999999999,272574.0,IN,ST. JOSEPH,2.0,14.1,0.0,2.014502940520925,0.0,2.014502940520925,0.562976369938908,0.437023630061092,VALID,1509.0,Moderate Access
18143,Scott County,IN,82.2,3.7,3.0414000000000003,24468.0,IN,SCOTT,0.0,,-1.0,1.3965911665972588,0.0,1.3965911665972588,0.3902937094032515,0.6097062905967485,VALID,624.0,Good Access
18145,Shelby County,IN,78.6,6.2,4.8732,45104.0,IN,SHELBY,1.0,12.4,1.0,1.7703996301066454,0.6931471805599453,1.291970101467816,0.36105613109994794,0.6389438689000521,VALID,480.0,Good Access
18147,Spencer County,IN,84.2,3.8,3.1996,19871.0,IN,SPENCER,0.0,,-1.0,1.4349892826586492,0.0,1.4349892826586492,0.4010245113087302,0.5989754886912698,VALID,675.0,Good Access
18149,Starke County,IN,79.8,6.5,5.186999999999999,23300.0,IN,STARKE,0.0,,-1.0,1.8224503165488517,0.0,1.8224503165488517,0.5093050215848166,0.4906949784151834,VALID,1238.0,Moderate Access
18151,Steuben County,IN,79.3,6.3,4.9959,34648.0,IN,STEUBEN,0.0,,-1.0,1.7910759023160854,0.0,1.7910759023160854,0.5005370751706233,0.4994629248293767,VALID,1183.0,Moderate Access
18153,Sullivan County,IN,61.5,6.8,4.182,20766.0,IN,SULLIVAN,0.0,,-1.0,1.6451910821399183,0.0,1.6451910821399183,0.4597678586855229,0.540232141314477,VALID,992.0,Moderate Access
18155,Switzerland County,IN,76.7,13.1,10.0477,9914.0,IN,SWITZERLAND,0.0,,-1.0,2.4022222615022475,0.0,2.4022222615022475,0.6713290615586083,0.3286709384413917,INSUFFICIENT DATA,,
18157,Tippecanoe County,IN,72.5,5.5,3.9875,187399.0,IN,TIPPECANOE,2.0,13.3,0.0,1.6069347822159818,0.0,1.6069347822159818,0.44907668895563285,0.5509233110443672,VALID,934.0,Good Access
18159,Tipton County,IN,67.5,8.0,5.4,15329.0,IN,TIPTON,0.0,,-1.0,1.8562979903656263,0.0,1.8562979903656263,0.5187641492698408,0.4812358507301592,VALID,1281.0,Moderate Access
18161,Union County,IN,96.3,8.0,7.704,7028.0,IN,UNION,0.0,,-1.0,2.1637826901135866,0.0,2.1637826901135866,0.6046943390918018,0.3953056609081982,INSUFFICIENT DATA,,
18163,Vanderburgh County,IN,86.4,7.3,6.3072,179908.0,IN,VANDERBURGH,2.0,14.0,0.0,1.9888601634485974,0.0,1.9888601634485974,0.5558101964571266,0.4441898035428734,VALID,1475.0,Moderate Access
18165,Vermillion County,IN,93.7,4.0,3.748,15452.0,IN,VERMILLION,0.0,,-1.0,1.5577234767474217,0.0,1.5577234767474217,0.435324015005462,0.564675984994538,VALID,853.0,Good Access
18167,Vigo County,IN,70.6,7.7,5.4362,106201.0,IN,VIGO,2.0,13.25,0.0,1.8619383038493016,0.0,1.8619383038493016,0.520340400734401,0.479659599265599,VALID,1288.0,Moderate Access
18169,Wabash County,IN,101.5,6.8,6.901999999999999,30901.0,IN,WABASH,0.0,,-1.0,2.0671158919891988,0.0,2.0671158919891988,0.5776796735844819,0.4223203264155181,VALID,1583.0,Moderate Access
18171,Warren County,IN,80.9,4.9,3.9641000000000006,8469.0,IN,WARREN,0.0,,-1.0,1.6022320121837712,0.0,1.6022320121837712,0.4477624449562139,0.5522375550437861,INSUFFICIENT DATA,,
18173,Warrick County,IN,77.7,3.1,2.4087,64650.0,IN,WARRICK,0.0,,-1.0,1.226330986936603,0.0,1.226330986936603,0.3427125140808381,0.657287485919162,VALID,395.0,Good Access
18175,Washington County,IN,84.1,8.3,6.9803,28167.0,IN,WASHINGTON,0.0,,-1.0,2.0769760047400436,0.0,2.0769760047400436,0.5804351972285544,0.4195648027714456,VALID,1597.0,Moderate Access
18177,Wayne County,IN,87.4,10.7,9.3518,66377.0,IN,WAYNE,1.0,14.6,0.0,2.3371604176337364,0.0,2.3371604176337364,0.6531467695669397,0.34685323043306027,VALID,1926.0,Low Access
18179,Wells County,IN,91.7,6.6,6.0522,28261.0,IN,WELLS,0.0,,-1.0,1.953339624882189,0.0,1.953339624882189,0.5458835671838923,0.4541164328161077,VALID,1430.0,Moderate Access
18181,White County,IN,70.5,7.2,5.0760000000000005,24709.0,IN,WHITE,0.0,,-1.0,1.8043465847335265,0.0,1.8043465847335265,0.5042457223330102,0.49575427766698976,VALID,1207.0,Moderate Access
18183,Whitley County,IN,92.4,7.8,7.2072,34388.0,IN,WHITLEY,1.0,14.2,1.0,2.105011817791366,0.6931471805599453,1.5361573091037297,0.4292970976307968,0.5707029023692032,VALID,824.0,Good Access
00018,Indiana,IN,82.5,,,,IN,INDIANA,0.0,,-1.0,,0.0,,,,VALID,,
20001,Allen County,KS,79.8,9.6,7.660799999999999,12491.0,KS,ALLEN,0.0,,-1.0,2.1588070970605764,0.0,2.1588070970605764,0.6033038515134851,0.3966961484865149,VALID,1711.0,Low Access
20003,Anderson County,KS,73.0,10.7,7.810999999999999,7819.0,KS,ANDERSON,0.0,,-1.0,2.1760009408845926,0.0,2.1760009408845926,0.6081088719414215,0.3918911280585785,INSUFFICIENT DATA,,
20005,Atchison County,KS,60.2,8.7,5.2374,16211.0,KS,ATCHISON,0.0,,-1.0,1.830563428884994,0.0,1.830563428884994,0.5115723255633985,0.4884276744366015,VALID,1251.0,Moderate Access
20007,Barber County,KS,147.8,6.9,10.198200000000002,4153.0,KS,BARBER,0.0,,-1.0,2.41575305109941,0.0,2.41575305109941,0.6751103987096219,0.32488960129037814,INSUFFICIENT DATA,,
20009,Barton County,KS,66.2,11.3,7.480600000000001,25275.0,KS,BARTON,1.0,13.9,-0.3333333333333333,2.137781202017796,0.0,2.137781202017796,0.5974279196258702,0.40257208037412984,VALID,1684.0,Moderate Access
20011,Bourbon County,KS,82.6,7.8,6.4428,14384.0,KS,BOURBON,0.0,,-1.0,2.0072471221313495,0.0,2.0072471221313495,0.5609486467642558,0.4390513532357442,VALID,1499.0,Moderate Access
20013,Brown County,KS,125.9,10.2,12.8418,9415.0,KS,BROWN,0.0,,-1.0,2.6276929995362086,0.0,2.6276929995362086,0.7343394921082814,0.2656605078917186,INSUFFICIENT DATA,,
20015,Butler County,KS,73.0,6.3,4.599,67916.0,KS,BUTLER,1.0,15.2,0.0,1.7225880103667564,0.0,1.7225880103667564,0.4813973340370457,0.5186026659629543,VALID,1098.0,Moderate Access
20017,Chase County,KS,67.2,7.5,5.04,2579.0,KS,CHASE,0.0,,-1.0,1.7984040119467237,0.0,1.7984040119467237,0.5025850009767303,0.4974149990232697,INSUFFICIENT DATA,,
20019,Chautauqua County,KS,68.3,12.7,8.6741,3370.0,KS,CHAUTAUQUA,0.0,,-1.0,2.2694522113331,0.0,2.2694522113331,0.6342249206922242,0.36577507930777575,INSUFFICIENT DATA,,
20021,Cherokee County,KS,93.5,10.0,9.35,19236.0,KS,CHEROKEE,0.0,,-1.0,2.336986519711378,0.0,2.336986519711378,0.6530981717619427,0.34690182823805726,VALID,1925.0,Low Access
20023,Cheyenne County,KS,65.3,15.1,9.8603,2628.0,KS,CHEYENNE,0.0,,-1.0,2.3851139384336375,0.0,2.3851139384336375,0.66654794090439,0.33345205909561004,INSUFFICIENT DATA,,
20025,Clark County,KS,70.3,5.9,4.1477,1987.0,KS,CLARK,0.0,,-1.0,1.638550012977548,0.0,1.638550012977548,0.45791193436079713,0.5420880656392029,INSUFFICIENT DATA,,
20027,Clay County,KS,78.1,6.6,5.154599999999999,8071.0,KS,CLAY,0.0,,-1.0,1.8171997697098325,0.0,1.8171997697098325,0.5078376949603836,0.49216230503961644,INSUFFICIENT DATA,,
20029,Cloud County,KS,86.7,9.9,8.583300000000001,8973.0,KS,CLOUD,0.0,,-1.0,2.2600220003083313,0.0,2.2600220003083313,0.6315895381054362,0.36841046189456383,INSUFFICIENT DATA,,
20031,Coffey County,KS,71.6,11.6,8.3056,8304.0,KS,COFFEY,0.0,,-1.0,2.230616369476954,0.0,2.230616369476954,0.6233717912021074,0.3766282087978926,INSUFFICIENT DATA,,
20033,Comanche County,KS,94.7,9.1,8.6177,1685.0,KS,COMANCHE,0.0,,-1.0,2.2636051508530977,0.0,2.2636051508530977,0.6325908913653702,0.36740910863462983,INSUFFICIENT DATA,,
20035,Cowley County,KS,73.0,8.2,5.985999999999999,34487.0,KS,COWLEY,0.0,,-1.0,1.9439081463846402,0.0,1.9439081463846402,0.5432478303870357,0.4567521696129643,VALID,1412.0,Moderate Access
20037,Crawford County,KS,80.5,11.4,9.177,38963.0,KS,CRAWFORD,1.0,13.2,0.0,2.3201302722097945,0.0,2.3201302722097945,0.6483874965683988,0.3516125034316012,VALID,1905.0,Low Access
20039,Decatur County,KS,62.5,7.2,4.5,2746.0,KS,DECATUR,0.0,,-1.0,1.7047480922384253,0.0,1.7047480922384253,0.4764117606006038,0.5235882393993962,INSUFFICIENT DATA,,
20041,Dickinson County,KS,69.5,8.2,5.699,18423.0,KS,DICKINSON,0.0,,-1.0,1.9019582615261306,0.0,1.9019582615261306,0.5315244452174455,0.46847555478255454,VALID,1352.0,Moderate Access
20043,Doniphan County,KS,85.6,7.4,6.3344,7492.0,KS,DONIPHAN,0.0,,-1.0,1.9925756086581738,0.0,1.9925756086581738,0.5568485210059374,0.4431514789940626,INSUFFICIENT DATA,,
20045,Douglas County,KS,66.1,7.8,5.155799999999999,119547.0,KS,DOUGLAS,1.0,15.1,1.0,1.8173947268198858,0.6931471805599453,1.3262653299781368,0.3706403331701485,0.6293596668298516,VALID,527.0,Good Access
20047,Edwards County,KS,68.2,9.6,6.5472,2817.0,KS,EDWARDS,0.0,,-1.0,2.02117663354786,0.0,2.02117663354786,0.564841411383533,0.43515858861646695,INSUFFICIENT DATA,,
20049,Elk County,KS,80.1,8.9,7.1289,2464.0,KS,ELK,0.0,,-1.0,2.095425613052652,0.0,2.095425613052652,0.5855911557063023,0.41440884429369773,INSUFFICIENT DATA,,
20051,Ellis County,KS,59.5,7.2,4.284000000000001,28870.0,KS,ELLIS,1.0,12.3,1.0,1.664683386660079,0.6931471805599453,1.2148224205432387,0.3394963108174853,0.6605036891825147,VALID,376.0,Good Access
20053,Ellsworth County,KS,69.3,3.4,2.3562,6366.0,KS,ELLSWORTH,0.0,,-1.0,1.2108093815849243,0.0,1.2108093815849243,0.33837482022060833,0.6616251797793917,INSUFFICIENT DATA,,
20055,Finney County,KS,60.6,12.8,7.756800000000001,38001.0,KS,FINNEY,1.0,13.1,1.0,2.1698305414075167,0.6931471805599453,1.5834595404775174,0.4425162585330584,0.5574837414669416,VALID,893.0,Good Access
20057,Ford County,KS,73.0,13.8,10.074000000000002,34133.0,KS,FORD,0.0,,-1.0,2.4046000184007754,0.0,2.4046000184007754,0.6719935534888034,0.3280064465111966,VALID,2010.0,Low Access
20059,Franklin County,KS,66.4,7.5,4.98,25994.0,KS,FRANKLIN,0.0,,-1.0,1.7884205679625405,0.0,1.7884205679625405,0.4997950109793711,0.5002049890206288,VALID,1179.0,Moderate Access
20061,Geary County,KS,71.0,7.9,5.609,35895.0,KS,GEARY,0.0,,-1.0,1.8884323564883156,0.0,1.8884323564883156,0.5277444731135783,0.4722555268864217,VALID,1334.0,Moderate Access
20063,Gove County,KS,71.0,8.0,5.68,2796.0,KS,GOVE,0.0,,-1.0,1.8991179875485544,0.0,1.8991179875485544,0.5307306974887307,0.4692693025112693,INSUFFICIENT DATA,,
20065,Graham County,KS,44.1,5.5,2.4255,2406.0,KS,GRAHAM,0.0,,-1.0,1.2312474464608167,0.0,1.2312474464608167,0.34408647610403453,0.6559135238959655,INSUFFICIENT DATA,,
20067,Grant County,KS,58.3,16.7,9.7361,7284.0,KS,GRANT,0.0,,-1.0,2.3736118946419826,0.0,2.3736118946419826,0.6633335604582489,0.33666643954175113,INSUFFICIENT DATA,,
20069,Gray County,KS,94.5,11.5,10.8675,5696.0,KS,GRAY,0.0,,-1.0,2.473803571443336,0.0,2.473803571443336,0.6913332944716093,0.3086667055283907,INSUFFICIENT DATA,,
20071,Greeley County,KS,146.2,11.3,16.520599999999998,1296.0,KS,GREELEY,0.0,,-1.0,2.8633773314971873,0.0,2.8633773314971873,0.8002042307442835,0.19979576925571652,INSUFFICIENT DATA,,
20073,Greenwood County,KS,70.0,10.0,7.0,5956.0,KS,GREENWOOD,0.0,,-1.0,2.0794415416798357,0.0,2.0794415416798357,0.5811242203162822,0.4188757796837178,INSUFFICIENT DATA,,
20075,Hamilton County,KS,83.6,23.2,19.3952,2485.0,KS,HAMILTON,0.0,,-1.0,3.01529957904652,0.0,3.01529957904652,0.8426606768074333,0.15733932319256672,INSUFFICIENT DATA,,
20077,Harper County,KS,87.9,9.1,7.9989,5446.0,KS,HARPER,0.0,,-1.0,2.1971023476442526,0.0,2.1971023476442526,0.6140059064600636,0.3859940935399364,INSUFFICIENT DATA,,
20079,Harvey County,KS,74.0,8.9,6.586,33823.0,KS,HARVEY,1.0,11.9,0.0,2.0263044432667074,0.0,2.0263044432667074,0.5662744376865414,0.4337255623134586,VALID,1520.0,Moderate Access
20081,Haskell County,KS,59.0,17.6,10.384,3695.0,KS,HASKELL,0.0,,-1.0,2.432208860787551,0.0,2.432208860787551,0.6797091668803149,0.3202908331196851,INSUFFICIENT DATA,,
20083,Hodgeman County,KS,74.4,6.8,5.059200000000001,1676.0,KS,HODGEMAN,0.0,,-1.0,1.8015777781653934,0.0,1.8015777781653934,0.5034719470063843,0.4965280529936157,INSUFFICIENT DATA,,
20085,Jackson County,KS,62.9,8.1,5.094899999999999,13277.0,KS,JACKSON,0.0,,-1.0,1.807452355907746,0.0,1.807452355907746,0.5051136663535193,0.4948863336464807,VALID,1214.0,Moderate Access
20087,Jefferson County,KS,66.6,4.8,3.1968,18391.0,KS,JEFFERSON,0.0,,-1.0,1.4343223301304722,0.0,1.4343223301304722,0.40083812363677296,0.599161876363227,VALID,674.0,Good Access
20089,Jewell County,KS,98.9,5.5,5.439500000000001,2909.0,KS,JEWELL,0.0,,-1.0,1.862450897350588,0.0,1.862450897350588,0.5204836509738541,0.4795163490261459,INSUFFICIENT DATA,,
20091,Johnson County,KS,66.7,5.1,3.4017,614764.0,KS,JOHNSON,5.0,12.28,-0.09090909090909091,1.4819908299413689,0.0,1.4819908299413689,0.4141596425306757,0.5858403574693243,VALID,737.0,Good Access
20093,Kearny County,KS,60.7,11.5,6.980500000000001,3910.0,KS,KEARNY,0.0,,-1.0,2.0770010661404763,0.0,2.0770010661404763,0.5804422009295456,0.41955779907045443,INSUFFICIENT DATA,,
20095,Kingman County,KS,164.9,8.3,13.6867,7284.0,KS,KINGMAN,0.0,,-1.0,2.6869423223358315,0.0,2.6869423223358315,0.750897407214846,0.249102592785154,INSUFFICIENT DATA,,
20097,Kiowa County,KS,87.0,8.2,7.134,2422.0,KS,KIOWA,0.0,,-1.0,2.096052807485033,0.0,2.096052807485033,0.5857664325141368,0.41423356748586315,INSUFFICIENT DATA,,
20099,Labette County,KS,69.7,10.6,7.3882,19949.0,KS,LABETTE,0.0,,-1.0,2.126825956341495,0.0,2.126825956341495,0.5943663482979881,0.40563365170201193,VALID,1673.0,Moderate Access
20101,Lane County,KS,60.0,16.7,10.02,1497.0,KS,LANE,0.0,,-1.0,2.3997118037247684,0.0,2.3997118037247684,0.6706274848182514,0.3293725151817486,INSUFFICIENT DATA,,
20103,Leavenworth County,KS,59.9,6.9,4.1331,82493.0,KS,LEAVENWORTH,0.0,,-1.0,1.63570976517293,0.0,1.63570976517293,0.4571181939464211,0.5428818060535789,VALID,975.0,Good Access
20105,Lincoln County,KS,71.4,6.9,4.9266000000000005,2924.0,KS,LINCOLN,0.0,,-1.0,1.7794506927604572,0.0,1.7794506927604572,0.49728827461354186,0.5027117253864581,INSUFFICIENT DATA,,
20107,Linn County,KS,78.4,9.9,7.7616,9723.0,KS,LINN,0.0,,-1.0,2.170378536671938,0.0,2.170378536671938,0.6065376254317734,0.39346237456822664,INSUFFICIENT DATA,,
20109,Logan County,KS,53.4,8.8,4.6992,2720.0,KS,LOGAN,0.0,,-1.0,1.7403258141132056,0.0,1.7403258141132056,0.4863543704170882,0.5136456295829118,INSUFFICIENT DATA,,
20111,Lyon County,KS,64.9,11.0,7.139000000000001,32145.0,KS,LYON,1.0,14.4,1.0,2.0966673223449046,0.6931471805599453,1.5300678147063471,0.4275953173148469,0.5724046826851531,VALID,813.0,Good Access
20113,McPherson County,KS,73.1,5.6,4.0936,30130.0,KS,MCPHERSON,0.0,,-1.0,1.6279848497206786,0.0,1.6279848497206786,0.4549593761199905,0.5450406238800095,VALID,965.0,Good Access
20115,Marion County,KS,68.1,7.2,4.9032,11795.0,KS,MARION,0.0,,-1.0,1.7754945767620198,0.0,1.7754945767620198,0.4961826918024879,0.5038173081975121,VALID,1165.0,Moderate Access
20117,Marshall County,KS,67.7,5.0,3.385,10001.0,KS,MARSHALL,0.0,,-1.0,1.4781896258241463,0.0,1.4781896258241463,0.4130973516537225,0.5869026483462775,VALID,733.0,Good Access
20119,Meade County,KS,82.1,8.7,7.142699999999999,3949.0,KS,MEADE,0.0,,-1.0,2.097121820347409,0.0,2.097121820347409,0.5860651806413165,0.4139348193586835,INSUFFICIENT DATA,,
20121,Miami County,KS,68.4,6.5,4.446000000000001,34625.0,KS,MIAMI,0.0,,-1.0,1.694881394251568,0.0,1.694881394251568,0.4736543966354323,0.5263456033645677,VALID,1057.0,Moderate Access
20123,Mitchell County,KS,96.7,8.5,8.2195,5767.0,KS,MITCHELL,0.0,,-1.0,2.2213208061630825,0.0,2.2213208061630825,0.6207740374904016,0.3792259625095984,INSUFFICIENT DATA,,
20125,Montgomery County,KS,94.3,11.6,10.9388,31143.0,KS,MONTGOMERY,0.0,,-1.0,2.4797936004011776,0.0,2.4797936004011776,0.6930072780090284,0.3069927219909716,VALID,2071.0,Low Access
20127,Morris County,KS,69.8,6.9,4.8162,5388.0,KS,MORRIS,0.0,,-1.0,1.760647127535429,0.0,1.760647127535429,0.492033398743488,0.507966601256512,INSUFFICIENT DATA,,
20129,Morton County,KS,44.6,11.2,4.9952,2647.0,KS,MORTON,0.0,,-1.0,1.7909591490572858,0.0,1.7909591490572858,0.5005044471091321,0.4994955528908679,INSUFFICIENT DATA,,
20131,Nemaha County,KS,80.5,5.0,4.025,10213.0,KS,NEMAHA,0.0,,-1.0,1.6144254539451395,0.0,1.6144254539451395,0.45117004463839727,0.5488299553616027,VALID,944.0,Good Access
20133,Neosho County,KS,85.0,11.7,9.945,15715.0,KS,NEOSHO,0.0,,-1.0,2.392882730974826,0.0,2.392882730974826,0.6687190206956738,0.3312809793043262,VALID,1986.0,Low Access
20135,Ness County,KS,59.1,9.2,5.437200000000001,2659.0,KS,NESS,0.0,,-1.0,1.862093662962203,0.0,1.862093662962203,0.5203838176526188,0.47961618234738124,INSUFFICIENT DATA,,
20137,Norton County,KS,57.4,9.5,5.452999999999999,5392.0,KS,NORTON,0.0,,-1.0,1.8645451389537027,0.0,1.8645451389537027,0.5210689112441576,0.47893108875584245,INSUFFICIENT DATA,,
20139,Osage County,KS,69.7,8.3,5.785100000000001,15780.0,KS,OSAGE,0.0,,-1.0,1.9147290315717387,0.0,1.9147290315717387,0.5350933860300818,0.46490661396991817,VALID,1369.0,Moderate Access
20141,Osborne County,KS,68.2,5.4,3.6828,3473.0,KS,OSBORNE,0.0,,-1.0,1.5438962216233802,0.0,1.5438962216233802,0.4314598271011549,0.5685401728988451,INSUFFICIENT DATA,,
20143,Ottawa County,KS,75.1,6.2,4.6562,5782.0,KS,OTTAWA,0.0,,-1.0,1.7327522886480227,0.0,1.7327522886480227,0.4842378602903141,0.5157621397096859,INSUFFICIENT DATA,,
20145,Pawnee County,KS,66.7,11.1,7.4037,6220.0,KS,PAWNEE,0.0,,-1.0,2.1286720850585845,0.0,2.1286720850585845,0.594882270525095,0.405117729474905,INSUFFICIENT DATA,,
20147,Phillips County,KS,56.0,6.1,3.4159999999999995,4874.0,KS,PHILLIPS,0.0,,-1.0,1.4852343089747941,0.0,1.4852343089747941,0.41506607062044487,0.5849339293795551,INSUFFICIENT DATA,,
20149,Pottawatomie County,KS,70.4,5.7,4.0128,25808.0,KS,POTTAWATOMIE,0.0,,-1.0,1.6119946412157904,0.0,1.6119946412157904,0.45049072563674997,0.54950927436325,VALID,943.0,Good Access
20151,Pratt County,KS,76.6,8.6,6.587599999999998,9120.0,KS,PRATT,0.0,,-1.0,2.0265153358704304,0.0,2.0265153358704304,0.56633337408723,0.43366662591277005,INSUFFICIENT DATA,,
20153,Rawlins County,KS,52.6,8.5,4.471,2533.0,KS,RAWLINS,0.0,,-1.0,1.699461415081689,0.0,1.699461415081689,0.47493433693699344,0.5250656630630066,INSUFFICIENT DATA,,
20155,Reno County,KS,77.2,9.1,7.0252,61693.0,KS,RENO,1.0,11.2,0.0,2.082586590823909,0.0,2.082586590823909,0.582003141024113,0.417996858975887,VALID,1607.0,Moderate Access
20157,Republic County,KS,81.0,6.6,5.346,4662.0,KS,REPUBLIC,0.0,,-1.0,1.8478246931610038,0.0,1.8478246931610038,0.5163961874239086,0.4836038125760914,INSUFFICIENT DATA,,
20159,Rice County,KS,74.9,6.7,5.0183,9389.0,KS,RICE,0.0,,-1.0,1.7948048274140151,0.0,1.7948048274140151,0.5015791668316381,0.49842083316836194,INSUFFICIENT DATA,,
20161,Riley County,KS,68.4,6.5,4.446000000000001,71710.0,KS,RILEY,1.0,13.9,0.0,1.694881394251568,0.0,1.694881394251568,0.4736543966354323,0.5263456033645677,VALID,1057.0,Moderate Access
20163,Rooks County,KS,53.9,5.0,2.695,4869.0,KS,ROOKS,0.0,,-1.0,1.3069805544001651,0.0,1.3069805544001651,0.3652509774479049,0.6347490225520951,INSUFFICIENT DATA,,
20165,Rush County,KS,60.4,5.9,3.5636,2957.0,KS,RUSH,0.0,,-1.0,1.5181117857400772,0.0,1.5181117857400772,0.42425406541050636,0.5757459345894936,INSUFFICIENT DATA,,
20167,Russell County,KS,62.1,8.9,5.5269,6717.0,KS,RUSSELL,0.0,,-1.0,1.875932098561299,0.0,1.875932098561299,0.5242511300712336,0.4757488699287664,INSUFFICIENT DATA,,
20169,Saline County,KS,70.7,10.0,7.07,53801.0,KS,SALINE,1.0,14.9,0.0,2.0881534822818573,0.0,2.0881534822818573,0.58355887384624,0.41644112615376006,VALID,1618.0,Moderate Access
20171,Scott County,KS,59.8,6.7,4.0066,5071.0,KS,SCOTT,0.0,,-1.0,1.6107570419999981,0.0,1.6107570419999981,0.45014486408453713,0.5498551359154629,INSUFFICIENT DATA,,
20173,Sedgwick County,KS,74.6,10.9,8.1314,524810.0,KS,SEDGWICK,3.0,10.799999999999999,-0.3,2.2117190234866717,0.0,2.2117190234866717,0.6180907072021319,0.3819092927978681,VALID,1774.0,Low Access
20175,Seward County,KS,69.4,13.9,9.6466,21640.0,KS,SEWARD,0.0,,-1.0,2.365240592358388,0.0,2.365240592358388,0.6609941022839855,0.3390058977160145,VALID,1960.0,Low Access
20177,Shawnee County,KS,67.7,8.3,5.6191,178315.0,KS,SHAWNEE,2.0,13.100000000000001,0.3333333333333333,1.8899594090450207,0.5108256237659907,1.513562233323276,0.422982639862825,0.577017360137175,VALID,788.0,Good Access
20179,Sheridan County,KS,61.1,7.3,4.4603,2442.0,KS,SHERIDAN,0.0,,-1.0,1.6975037333023346,0.0,1.6975037333023346,0.47438723990403925,0.5256127600959608,INSUFFICIENT DATA,,
20181,Sherman County,KS,58.0,9.9,5.742000000000001,5919.0,KS,SHERMAN,0.0,,-1.0,1.908356616811869,0.0,1.908356616811869,0.5333125403151935,0.4666874596848065,INSUFFICIENT DATA,,
20183,Smith County,KS,81.5,8.1,6.6015,3579.0,KS,SMITH,0.0,,-1.0,2.0283455962387538,0.0,2.0283455962387538,0.5668448617189806,0.43315513828101937,INSUFFICIENT DATA,,
20185,Stafford County,KS,71.5,7.6,5.434,4004.0,KS,STAFFORD,0.0,,-1.0,1.8615964288168345,0.0,1.8615964288168345,0.5202448597645272,0.47975514023547283,INSUFFICIENT DATA,,
20187,Stanton County,KS,61.2,23.6,14.4432,2018.0,KS,STANTON,0.0,,-1.0,2.7371687770085207,0.0,2.7371687770085207,0.7649337764639371,0.23506622353606288,INSUFFICIENT DATA,,
20189,Stevens County,KS,52.3,17.7,9.2571,5212.0,KS,STEVENS,0.0,,-1.0,2.3279701487171556,0.0,2.3279701487171556,0.6505784416040721,0.3494215583959279,INSUFFICIENT DATA,,
20191,Sumner County,KS,63.3,8.9,5.6337,22386.0,KS,SUMNER,0.0,,-1.0,1.8921627179165637,0.0,1.8921627179165637,0.5287869661738724,0.47121303382612756,VALID,1340.0,Moderate Access
20193,Thomas County,KS,63.8,12.4,7.9112,7913.0,KS,THOMAS,0.0,,-1.0,2.187308912548843,0.0,2.187308912548843,0.6112690166653928,0.3887309833346072,INSUFFICIENT DATA,,
20195,Trego County,KS,51.4,5.2,2.6728000000000005,2778.0,KS,TREGO,0.0,,-1.0,1.3009543139528754,0.0,1.3009543139528754,0.36356687418692035,0.6364331258130796,INSUFFICIENT DATA,,
20197,Wabaunsee County,KS,71.3,10.0,7.13,6961.0,KS,WABAUNSEE,0.0,,-1.0,2.0955609235597192,0.0,2.0955609235597192,0.5856289698075137,0.41437103019248633,INSUFFICIENT DATA,,
20199,Wallace County,KS,41.9,5.8,2.4302,1459.0,KS,WALLACE,0.0,,-1.0,1.2326185685158435,0.0,1.2326185685158435,0.3444696521728084,0.6555303478271917,INSUFFICIENT DATA,,
20201,Washington County,KS,71.9,5.2,3.7388,5519.0,KS,WASHINGTON,0.0,,-1.0,1.555783939098467,0.0,1.555783939098467,0.4347819885616157,0.5652180114383842,INSUFFICIENT DATA,,
20203,Wichita County,KS,65.1,8.2,5.3382,2115.0,KS,WICHITA,0.0,,-1.0,1.8465948164666615,0.0,1.8465948164666615,0.5160524840204902,0.4839475159795098,INSUFFICIENT DATA,,
20205,Wilson County,KS,92.0,6.9,6.348000000000001,8559.0,KS,WILSON,0.0,,-1.0,1.9944281673528794,0.0,1.9944281673528794,0.5573662401653715,0.4426337598346285,INSUFFICIENT DATA,,
20207,Woodson County,KS,79.7,5.4,4.303800000000001,3118.0,KS,WOODSON,0.0,,-1.0,1.6684235447819713,0.0,1.6684235447819713,0.46626044165469055,0.5337395583453095,INSUFFICIENT DATA,,
20209,Wyandotte County,KS,77.8,17.8,13.8484,167277.0,KS,WYANDOTTE,2.0,14.45,0.5,2.6978921153361513,0.6931471805599453,1.9688187292436918,0.5502093836461364,0.44979061635386364,VALID,1454.0,Moderate Access
00020,Kansas,KS,71.6,,,,KS,KANSAS,0.0,,-1.0,,0.0,,,,VALID,,
21001,Adair County,KY,86.6,6.9,5.9754,19016.0,KY,ADAIR,0.0,,-1.0,1.9423896737333655,0.0,1.9423896737333655,0.5428234754735377,0.4571765245264623,VALID,1410.0,Moderate Access
21003,Allen County,KY,94.2,9.8,9.2316,21029.0,KY,ALLEN,0.0,,-1.0,2.32548097047095,0.0,2.32548097047095,0.6498828116772092,0.3501171883227908,VALID,1913.0,Low Access
21005,Anderson County,KY,79.3,3.6,2.8548,24098.0,KY,ANDERSON,0.0,,-1.0,1.3493191249949954,0.0,1.3493191249949954,0.37708298538516616,0.6229170146148338,VALID,561.0,Good Access
21007,Ballard County,KY,101.6,3.9,3.9624,7678.0,KY,BALLARD,0.0,,-1.0,1.6018894946767708,0.0,1.6018894946767708,0.4476667244393296,0.5523332755606705,INSUFFICIENT DATA,,
21009,Barren County,KY,83.0,8.1,6.723,44670.0,KY,BARREN,1.0,11.8,1.0,2.044202889587127,0.6931471805599453,1.4917812734301075,0.4168956962859295,0.5831043037140705,VALID,751.0,Good Access
21011,Bath County,KY,113.1,7.7,8.7087,12812.0,KY,BATH,0.0,,-1.0,2.273022390744896,0.0,2.273022390744896,0.6352226490175866,0.3647773509824134,VALID,1846.0,Low Access
21013,Bell County,KY,117.9,6.7,7.8993,23878.0,KY,BELL,0.0,,-1.0,2.185972621959495,0.0,2.185972621959495,0.6108955746564274,0.3891044253435726,VALID,1741.0,Low Access
21015,Boone County,KY,76.7,5.3,4.0651,137676.0,KY,BOONE,1.0,12.9,1.0,1.6223738808423736,0.6931471805599453,1.1839465574924422,0.3308676903526408,0.6691323096473591,VALID,346.0,Good Access
21017,Bourbon County,KY,95.4,2.8,2.6712,20174.0,KY,BOURBON,0.0,,-1.0,1.3005185840984868,0.0,1.3005185840984868,0.3634451043911243,0.6365548956088757,VALID,491.0,Good Access
21019,Boyd County,KY,92.2,4.7,4.3334,48043.0,KY,BOYD,1.0,16.0,1.0,1.6739889334935472,0.6931471805599453,1.2216132535744937,0.3413940884041532,0.6586059115958468,VALID,388.0,Good Access
21021,Boyle County,KY,78.5,6.1,4.7885,30708.0,KY,BOYLE,1.0,15.6,1.0,1.755873190663646,0.6931471805599453,1.2813692602102928,0.35809360222524905,0.641906397774751,VALID,468.0,Good Access
21023,Bracken County,KY,115.2,5.0,5.76,8427.0,KY,BRACKEN,0.0,,-1.0,1.9110228900548727,0.0,1.9110228900548727,0.5340576615068375,0.46594233849316247,INSUFFICIENT DATA,,
21025,Breathitt County,KY,92.4,2.7,2.4948,13438.0,KY,BREATHITT,0.0,,-1.0,1.2512761494418025,0.0,1.2512761494418025,0.34968373102583883,0.6503162689741612,VALID,424.0,Good Access
21027,Breckinridge County,KY,91.8,6.6,6.0588,20722.0,KY,BRECKINRIDGE,0.0,,-1.0,1.954275065386941,0.0,1.954275065386941,0.5461449869560188,0.45385501304398124,VALID,1433.0,Moderate Access
21029,Bullitt County,KY,69.4,2.9,2.0126000000000004,83209.0,KY,BULLITT,0.0,,-1.0,1.102803493286578,0.0,1.102803493286578,0.3081913135584106,0.6918086864415893,VALID,261.0,Good Access
21031,Butler County,KY,91.3,9.4,8.5822,12373.0,KY,BUTLER,0.0,,-1.0,2.2599072107123166,0.0,2.2599072107123166,0.6315574588124397,0.36844254118756026,VALID,1824.0,Low Access
21033,Caldwell County,KY,89.4,9.6,8.5824,12631.0,KY,CALDWELL,0.0,,-1.0,2.2599280825280608,0.0,2.2599280825280608,0.6315632916850682,0.3684367083149318,VALID,1825.0,Low Access
21035,Calloway County,KY,83.0,7.1,5.893,37882.0,KY,CALLOWAY,1.0,16.8,1.0,1.9305064039035147,0.6931471805599453,1.408809916202507,0.393708381657925,0.606291618342075,VALID,640.0,Good Access
21037,Campbell County,KY,92.6,4.6,4.259599999999999,93193.0,KY,CAMPBELL,1.0,11.1,1.0,1.6600549782306264,0.6931471805599453,1.2114447846656975,0.3385523910310878,0.6614476089689122,VALID,372.0,Good Access
21039,Carlisle County,KY,100.7,6.3,6.3441,4763.0,KY,CARLISLE,0.0,,-1.0,1.9938972697832191,0.0,1.9938972697832191,0.5572178746402761,0.44278212535972394,INSUFFICIENT DATA,,
21041,Carroll County,KY,80.7,9.8,7.908600000000002,10878.0,KY,CARROLL,0.0,,-1.0,2.187017102313212,0.0,2.187017102313212,0.611187466887598,0.38881253311240205,VALID,1743.0,Low Access
21043,Carter County,KY,86.9,8.4,7.299600000000001,26515.0,KY,CARTER,0.0,,-1.0,2.116207320870159,0.0,2.116207320870159,0.5913988466224575,0.40860115337754255,VALID,1659.0,Moderate Access
21045,Casey County,KY,79.8,11.5,9.177,15951.0,KY,CASEY,0.0,,-1.0,2.3201302722097945,0.0,2.3201302722097945,0.6483874965683988,0.3516125034316012,VALID,1905.0,Low Access
21047,Christian County,KY,94.6,9.6,9.0816,72599.0,KY,CHRISTIAN,1.0,14.7,-0.5,2.310711980205654,0.0,2.310711980205654,0.6457554448911029,0.3542445551088971,VALID,1889.0,Low Access
21049,Clark County,KY,89.5,3.8,3.401,37004.0,KY,CLARK,1.0,14.3,1.0,1.4818317878289542,0.6931471805599453,1.081384300314322,0.3022054699718912,0.6977945300281088,VALID,238.0,Highest Access
21051,Clay County,KY,111.3,4.6,5.1198,20105.0,KY,CLAY,0.0,,-1.0,1.8115294162516782,0.0,1.8115294162516782,0.5062530484741804,0.4937469515258196,VALID,1224.0,Moderate Access
21053,Clinton County,KY,86.6,6.2,5.369199999999999,9240.0,KY,CLINTON,0.0,,-1.0,1.8514738730001339,0.0,1.8514738730001339,0.5174159933411719,0.48258400665882806,INSUFFICIENT DATA,,
21055,Crittenden County,KY,93.3,10.3,9.6099,8972.0,KY,CRITTENDEN,0.0,,-1.0,2.3617875275107876,0.0,2.3617875275107876,0.6600291029911262,0.33997089700887384,INSUFFICIENT DATA,,
21057,Cumberland County,KY,90.4,10.7,9.6728,5948.0,KY,CUMBERLAND,0.0,,-1.0,2.3676984488824595,0.0,2.3676984488824595,0.6616809789898564,0.33831902101014355,INSUFFICIENT DATA,,
21059,Daviess County,KY,79.8,5.5,4.388999999999999,103195.0,KY,DAVIESS,1.0,14.8,1.0,1.6843598389513597,0.6931471805599453,1.2291815446816465,0.34350913572845443,0.6564908642715456,VALID,400.0,Good Access
21061,Edmonson County,KY,85.8,7.1,6.091799999999999,12243.0,KY,EDMONSON,0.0,,-1.0,1.9589391870246895,0.0,1.9589391870246895,0.5474484302103108,0.45255156978968925,VALID,1444.0,Moderate Access
21063,Elliott County,KY,70.1,7.6,5.327599999999999,7336.0,KY,ELLIOTT,0.0,,-1.0,1.8449210173422872,0.0,1.8449210173422872,0.5155847213103482,0.48441527868965184,INSUFFICIENT DATA,,
21065,Estill County,KY,104.2,6.2,6.460400000000001,14079.0,KY,ESTILL,0.0,,-1.0,2.0096090320811553,0.0,2.0096090320811553,0.5616087100795868,0.4383912899204132,VALID,1502.0,Moderate Access
21067,Fayette County,KY,79.3,6.8,5.3924,321122.0,KY,FAYETTE,4.0,12.475,0.14285714285714285,1.8551097847288167,0.4519851237430572,1.528209753284362,0.42707606035401946,0.5729239396459805,VALID,811.0,Good Access
21069,Fleming County,KY,120.3,7.7,9.2631,15221.0,KY,FLEMING,0.0,,-1.0,2.3285549383557544,0.0,2.3285549383557544,0.6507418678971263,0.3492581321028737,VALID,1917.0,Low Access
21071,Floyd County,KY,100.0,4.4,4.4,35342.0,KY,FLOYD,1.0,12.4,-0.3333333333333333,1.6863989535702286,0.0,1.6863989535702286,0.4712838795381638,0.5287161204618362,VALID,1046.0,Moderate Access
21073,Franklin County,KY,133.9,6.1,8.1679,51563.0,KY,FRANKLIN,1.0,12.9,1.0,2.2157082524085334,0.6931471805599453,1.6169393435282693,0.45187258043691625,0.5481274195630838,VALID,946.0,Good Access
21075,Fulton County,KY,83.3,7.6,6.330799999999999,6440.0,KY,FULTON,0.0,,-1.0,1.9920846504615843,0.0,1.9920846504615843,0.5567113170050157,0.44328868299498425,INSUFFICIENT DATA,,
21077,Gallatin County,KY,76.3,9.9,7.5537,8749.0,KY,GALLATIN,0.0,,-1.0,2.146363937878037,0.0,2.146363937878037,0.5998264653820224,0.40017353461797756,INSUFFICIENT DATA,,
21079,Garrard County,KY,81.5,7.2,5.868,17346.0,KY,GARRARD,0.0,,-1.0,1.9268729430352292,0.0,1.9268729430352292,0.5384871438921613,0.46151285610783865,VALID,1383.0,Moderate Access
21081,Grant County,KY,82.7,4.9,4.0523,25238.0,KY,GRANT,0.0,,-1.0,1.619843585147981,0.0,1.619843585147981,0.45268420467017156,0.5473157953298284,VALID,950.0,Good Access
21083,Graves County,KY,91.5,8.1,7.4115,36612.0,KY,GRAVES,1.0,13.4,1.0,2.1295998171770782,0.6931471805599453,1.554100692914387,0.4343115857603263,0.5656884142396736,VALID,848.0,Good Access
21085,Grayson County,KY,95.0,7.9,7.505,26586.0,KY,GRAYSON,0.0,,-1.0,2.140654225847825,0.0,2.140654225847825,0.5982308196832705,0.4017691803167295,VALID,1688.0,Moderate Access
21087,Green County,KY,92.4,8.7,8.0388,11278.0,KY,GREEN,0.0,,-1.0,2.2015264222300734,0.0,2.2015264222300734,0.6152422657626816,0.3847577342373184,VALID,1761.0,Low Access
21089,Greenup County,KY,82.2,5.5,4.521,35639.0,KY,GREENUP,0.0,,-1.0,1.7085590033019076,0.0,1.7085590033019076,0.47747676419703666,0.5225232358029633,VALID,1077.0,Moderate Access
21091,Hancock County,KY,85.5,3.9,3.3345,9032.0,KY,HANCOCK,0.0,,-1.0,1.466606263326558,0.0,1.466606263326558,0.40986024574565544,0.5901397542543445,INSUFFICIENT DATA,,
21093,Hardin County,KY,75.8,5.5,4.169,111452.0,KY,HARDIN,1.0,12.9,0.0,1.6426792462139022,0.0,1.6426792462139022,0.4590658968054648,0.5409341031945352,VALID,983.0,Moderate Access
21095,Harlan County,KY,131.6,4.7,6.1852,26185.0,KY,HARLAN,0.0,,-1.0,1.9720233549125434,0.0,1.9720233549125434,0.5511049537094873,0.4488950462905127,VALID,1458.0,Moderate Access
21097,Harrison County,KY,131.0,3.6,4.716,18971.0,KY,HARRISON,0.0,,-1.0,1.743269260067621,0.0,1.743269260067621,0.48717695075946266,0.5128230492405373,VALID,1126.0,Moderate Access
21099,Hart County,KY,85.2,10.1,8.6052,19470.0,KY,HART,0.0,,-1.0,2.2623046184920224,0.0,2.2623046184920224,0.6322274424108419,0.36777255758915806,VALID,1829.0,Low Access
21101,Henderson County,KY,78.3,4.7,3.6801,44493.0,KY,HENDERSON,1.0,15.7,1.0,1.5433194772226406,0.6931471805599453,1.1262556700062583,0.31474529819215713,0.6852547018078429,VALID,282.0,Good Access
21103,Henry County,KY,81.7,7.8,6.3726,15774.0,KY,HENRY,0.0,,-1.0,1.997770425535278,0.0,1.997770425535278,0.5583002732417585,0.44169972675824154,VALID,1485.0,Moderate Access
21105,Hickman County,KY,89.7,7.9,7.086300000000001,4470.0,KY,HICKMAN,0.0,,-1.0,2.090171271692851,0.0,2.090171271692851,0.5841227686587284,0.41587723134127164,INSUFFICIENT DATA,,
21107,Hopkins County,KY,89.5,4.9,4.3855,45143.0,KY,HOPKINS,1.0,12.9,1.0,1.6837101568086879,0.6931471805599453,1.2287074314421749,0.34337663924749684,0.6566233607525032,VALID,397.0,Good Access
21109,Jackson County,KY,78.7,5.2,4.0924000000000005,13003.0,KY,JACKSON,0.0,,-1.0,1.6277492322053533,0.0,1.6277492322053533,0.45489353005404354,0.5451064699459565,VALID,964.0,Good Access
21111,Jefferson County,KY,68.2,5.6,3.8192,777392.0,KY,JEFFERSON,4.0,13.975,0.0,1.5726079391833827,0.0,1.5726079391833827,0.439483651838021,0.560516348161979,VALID,878.0,Good Access
21113,Jessamine County,KY,77.6,6.5,5.044,53792.0,KY,JESSAMINE,0.0,,-1.0,1.7990660444104931,0.0,1.7990660444104931,0.5027700136792376,0.49722998632076243,VALID,1199.0,Moderate Access
21115,Johnson County,KY,88.3,6.3,5.5629,22464.0,KY,JOHNSON,0.0,,-1.0,1.8814325784411736,0.0,1.8814325784411736,0.5257883034023845,0.47421169659761553,VALID,1324.0,Moderate Access
21117,Kenton County,KY,86.3,4.5,3.8835,169817.0,KY,KENTON,1.0,12.6,0.0,1.5858621759053948,0.0,1.5858621759053948,0.44318770305878513,0.5568122969412148,VALID,897.0,Good Access
21119,Knott County,KY,104.3,2.0,2.086,14046.0,KY,KNOTT,0.0,,-1.0,1.126875753940969,0.0,1.126875753940969,0.31491858788838895,0.6850814121116111,VALID,283.0,Good Access
21121,Knox County,KY,106.1,6.5,6.8965,30034.0,KY,KNOX,0.0,,-1.0,2.066419623327972,0.0,2.066419623327972,0.5774850931768215,0.4225149068231785,VALID,1582.0,Moderate Access
21123,Larue County,KY,86.3,4.3,3.7109,15028.0,KY,LARUE,0.0,,-1.0,1.5498789725768807,0.0,1.5498789725768807,0.4331317767152762,0.5668682232847237,VALID,843.0,Good Access
21125,Laurel County,KY,93.3,8.2,7.6506,62731.0,KY,LAUREL,1.0,13.6,1.0,2.1576286827000555,0.6931471805599453,1.5745550895477434,0.4400278057440806,0.5599721942559194,VALID,881.0,Good Access
21127,Lawrence County,KY,89.9,6.1,5.4839,16171.0,KY,LAWRENCE,0.0,,-1.0,1.8693221811758454,0.0,1.8693221811758454,0.5224039114743242,0.4775960885256758,VALID,1303.0,Moderate Access
21129,Lee County,KY,93.2,4.9,4.566800000000001,7375.0,KY,LEE,0.0,,-1.0,1.7168203825635613,0.0,1.7168203825635613,0.4797855030992552,0.5202144969007447,INSUFFICIENT DATA,,
21131,Leslie County,KY,101.8,2.2,2.2396000000000003,10261.0,KY,LESLIE,0.0,,-1.0,1.175449865392698,0.0,1.175449865392698,0.3284931905300862,0.6715068094699138,VALID,339.0,Good Access
21133,Letcher County,KY,115.6,3.8,4.392799999999999,21146.0,KY,LETCHER,0.0,,-1.0,1.6850647305570918,0.0,1.6850647305570918,0.47091101533751367,0.5290889846624863,VALID,1045.0,Moderate Access
21135,Lewis County,KY,84.3,5.5,4.6365,13028.0,KY,LEWIS,0.0,,-1.0,1.7292633055024489,0.0,1.7292633055024489,0.48326282320967073,0.5167371767903293,VALID,1108.0,Moderate Access
21137,Lincoln County,KY,78.2,5.6,4.3792,24415.0,KY,LINCOLN,0.0,,-1.0,1.6825396642321593,0.0,1.6825396642321593,0.4702053560679879,0.529794643932012,VALID,1044.0,Moderate Access
21139,Livingston County,KY,89.6,4.6,4.1216,8941.0,KY,LIVINGSTON,0.0,,-1.0,1.6334668902334615,0.0,1.6334668902334615,0.4564913963546924,0.5435086036453076,INSUFFICIENT DATA,,
21141,Logan County,KY,87.1,8.3,7.2293,27731.0,KY,LOGAN,0.0,,-1.0,2.107700956393617,0.0,2.107700956393617,0.5890216437412631,0.4109783562587369,VALID,1647.0,Moderate Access
21143,Lyon County,KY,78.4,4.8,3.7632,8831.0,KY,LYON,0.0,,-1.0,1.560919711279375,0.0,1.560919711279375,0.436217240067624,0.5637827599323759,INSUFFICIENT DATA,,
21145,McCracken County,KY,93.6,5.6,5.2416,67584.0,KY,MCCRACKEN,0.0,,-1.0,1.8312365597702551,0.0,1.8312365597702551,0.5117604398493871,0.4882395601506129,VALID,1252.0,Moderate Access
21147,McCreary County,KY,86.1,8.3,7.1463,16905.0,KY,MCCREARY,0.0,,-1.0,2.0975638364390803,0.0,2.0975638364390803,0.5861887071995251,0.4138112928004749,VALID,1633.0,Moderate Access
21149,McLean County,KY,85.0,4.2,3.57,9127.0,KY,MCLEAN,0.0,,-1.0,1.5195132049061133,0.0,1.5195132049061133,0.424645708360729,0.575354291639271,INSUFFICIENT DATA,,
21151,Madison County,KY,77.9,5.6,4.3624,94064.0,KY,MADISON,1.0,12.4,0.0,1.679411636061611,0.0,1.679411636061611,0.4693311920699614,0.5306688079300386,VALID,1035.0,Moderate Access
21153,Magoffin County,KY,94.6,3.8,3.5948,11495.0,KY,MAGOFFIN,0.0,,-1.0,1.5249252292891122,0.0,1.5249252292891122,0.42615816177038934,0.5738418382296107,VALID,805.0,Good Access
21155,Marion County,KY,76.8,3.1,2.3808,19680.0,KY,MARION,0.0,,-1.0,1.2181123678796553,0.0,1.2181123678796553,0.34041572501713246,0.6595842749828675,VALID,383.0,Good Access
21157,Marshall County,KY,81.8,7.1,5.807799999999999,31728.0,KY,MARSHALL,0.0,,-1.0,1.9180690136362641,0.0,1.9180690136362641,0.5360267830187511,0.46397321698124894,VALID,1376.0,Moderate Access
21159,Martin County,KY,95.3,2.0,1.906,11181.0,KY,MARTIN,0.0,,-1.0,1.066777565148091,0.0,1.066777565148091,0.29812344726786016,0.7018765527321398,VALID,227.0,Highest Access
21161,Mason County,KY,114.8,6.1,7.0028,16995.0,KY,MASON,0.0,,-1.0,2.0797914804441238,0.0,2.0797914804441238,0.5812220147901731,0.4187779852098269,VALID,1604.0,Moderate Access
21163,Meade County,KY,70.2,3.5,2.4570000000000003,30032.0,KY,MEADE,0.0,,-1.0,1.2404011609394876,0.0,1.2404011609394876,0.34664458850238467,0.6533554114976153,VALID,410.0,Good Access
21165,Menifee County,KY,95.8,5.3,5.0774,6203.0,KY,MENIFEE,0.0,,-1.0,1.8045769729386694,0.0,1.8045769729386694,0.5043101070071644,0.4956898929928356,INSUFFICIENT DATA,,
21167,Mercer County,KY,79.8,4.9,3.910200000000001,22824.0,KY,MERCER,0.0,,-1.0,1.5913146741744113,0.0,1.5913146741744113,0.44471146736850375,0.5552885326314962,VALID,908.0,Good Access
21169,Metcalfe County,KY,87.5,7.7,6.7375,10372.0,KY,METCALFE,0.0,,-1.0,2.0460786380107145,0.0,2.0460786380107145,0.571800567309647,0.428199432690353,VALID,1547.0,Moderate Access
21171,Monroe County,KY,93.9,5.5,5.1645,11318.0,KY,MONROE,0.0,,-1.0,1.8188070303264705,0.0,1.8188070303264705,0.5082868627075732,0.4917131372924268,VALID,1235.0,Moderate Access
21173,Montgomery County,KY,85.6,8.0,6.848,28271.0,KY,MONTGOMERY,0.0,,-1.0,2.060258722263062,0.0,2.060258722263062,0.5757633574338203,0.42423664256617966,VALID,1575.0,Moderate Access
21175,Morgan County,KY,85.6,8.7,7.447199999999999,13938.0,KY,MORGAN,0.0,,-1.0,2.1338350255101672,0.0,2.1338350255101672,0.5963251145215854,0.40367488547841457,VALID,1680.0,Moderate Access
21177,Muhlenberg County,KY,92.5,4.9,4.532500000000001,30712.0,KY,MUHLENBERG,0.0,,-1.0,1.7106397929430677,0.0,1.7106397929430677,0.47805826515949434,0.5219417348405057,VALID,1079.0,Moderate Access
21179,Nelson County,KY,75.2,5.1,3.8352,47102.0,KY,NELSON,0.0,,-1.0,1.5759224930962834,0.0,1.5759224930962834,0.44040994263279604,0.5595900573672039,VALID,883.0,Good Access
21181,Nicholas County,KY,112.0,5.2,5.824,7655.0,KY,NICHOLAS,0.0,,-1.0,1.920445810189378,0.0,1.920445810189378,0.5366910065692063,0.4633089934307937,INSUFFICIENT DATA,,
21183,Ohio County,KY,93.0,6.1,5.672999999999999,23704.0,KY,OHIO,0.0,,-1.0,1.8980695339214693,0.0,1.8980695339214693,0.5304376948799219,0.4695623051200781,VALID,1346.0,Moderate Access
21185,Oldham County,KY,65.3,2.7,1.7631,68600.0,KY,OLDHAM,0.0,,-1.0,1.016353237830681,0.0,1.016353237830681,0.2840317801976567,0.7159682198023434,VALID,184.0,Highest Access
21187,Owen County,KY,101.4,7.8,7.909200000000001,11270.0,KY,OWEN,0.0,,-1.0,2.1870844506951927,0.0,2.1870844506951927,0.6112062881793648,0.38879371182063516,VALID,1744.0,Low Access
21189,Owsley County,KY,94.8,6.3,5.9724,4021.0,KY,OWSLEY,0.0,,-1.0,1.9419594983585733,0.0,1.9419594983585733,0.5427032579419242,0.4572967420580758,INSUFFICIENT DATA,,
21191,Pendleton County,KY,93.3,5.4,5.0382,14683.0,KY,PENDLETON,0.0,,-1.0,1.7981059542869189,0.0,1.7981059542869189,0.5025017052832993,0.4974982947167007,VALID,1195.0,Moderate Access
21193,Perry County,KY,107.8,3.0,3.234,27847.0,KY,PERRY,1.0,13.0,1.0,1.4431471727126735,0.6931471805599453,1.053153744191796,0.2943161114172164,0.7056838885827836,VALID,218.0,Highest Access
21195,Pike County,KY,106.8,5.0,5.34,57466.0,KY,PIKE,1.0,16.2,0.0,1.8468787684491346,0.0,1.8468787684491346,0.5161318377176798,0.4838681622823202,VALID,1267.0,Moderate Access
21197,Powell County,KY,112.9,5.0,5.645,13057.0,KY,POWELL,0.0,,-1.0,1.8938646921652085,0.0,1.8938646921652085,0.5292626027514908,0.47073739724850916,VALID,1344.0,Moderate Access
21199,Pulaski County,KY,81.9,6.7,5.4873,65503.0,KY,PULASKI,1.0,12.7,1.0,1.869846419500421,0.6931471805599453,1.3645425740320951,0.3813373559817363,0.6186626440182637,VALID,584.0,Good Access
21201,Robertson County,KY,137.2,4.1,5.625199999999999,2239.0,KY,ROBERTSON,0.0,,-1.0,1.890880560095862,0.0,1.890880560095862,0.52842865219921,0.47157134780079,INSUFFICIENT DATA,,
21203,Rockcastle County,KY,79.6,4.9,3.9004,16144.0,KY,ROCKCASTLE,0.0,,-1.0,1.5893168344378785,0.0,1.5893168344378785,0.4441531477254944,0.5558468522745056,VALID,905.0,Good Access
21205,Rowan County,KY,77.6,5.7,4.4232,24525.0,KY,ROWAN,1.0,13.0,1.0,1.6906860471346188,0.6931471805599453,1.2337981700409388,0.344799305593121,0.655200694406879,VALID,404.0,Good Access
21207,Russell County,KY,77.3,6.5,5.0245,18117.0,KY,RUSSELL,0.0,,-1.0,1.795834488381194,0.0,1.795834488381194,0.5018669176121955,0.4981330823878045,VALID,1191.0,Moderate Access
21209,Scott County,KY,103.3,4.9,5.0617,58269.0,KY,SCOTT,0.0,,-1.0,1.8019902887933914,0.0,1.8019902887933914,0.5035872279182362,0.4964127720817638,VALID,1204.0,Moderate Access
21211,Shelby County,KY,61.4,6.2,3.8068,48599.0,KY,SHELBY,0.0,,-1.0,1.5700315820550077,0.0,1.5700315820550077,0.43876365875455414,0.5612363412454459,VALID,875.0,Good Access
21213,Simpson County,KY,97.6,8.4,8.1984,19786.0,KY,SIMPSON,0.0,,-1.0,2.2190295558868893,0.0,2.2190295558868893,0.6201337208459498,0.37986627915405025,VALID,1787.0,Low Access
21215,Spencer County,KY,68.0,4.5,3.06,19875.0,KY,SPENCER,0.0,,-1.0,1.4011829736136412,0.0,1.4011829736136412,0.3915769434921898,0.6084230565078101,VALID,629.0,Good Access
21217,Taylor County,KY,92.5,3.8,3.515,26205.0,KY,TAYLOR,0.0,,-1.0,1.5074051868689489,0.0,1.5074051868689489,0.42126198133576126,0.5787380186642388,VALID,780.0,Good Access
21219,Todd County,KY,95.4,18.2,17.3628,12330.0,KY,TODD,0.0,,-1.0,2.910326879011194,0.0,2.910326879011194,0.8133248300236644,0.1866751699763356,VALID,2352.0,Lowest Access
21221,Trigg County,KY,81.6,14.4,11.7504,14211.0,KY,TRIGG,0.0,,-1.0,2.5455626436613468,0.0,2.5455626436613468,0.7113872051286139,0.28861279487138614,VALID,2134.0,Low Access
21223,Trimble County,KY,75.5,5.5,4.1525,8531.0,KY,TRIMBLE,0.0,,-1.0,1.639482033782477,0.0,1.639482033782477,0.45817239845787644,0.5418276015421235,INSUFFICIENT DATA,,
21225,Union County,KY,77.4,5.4,4.179600000000001,13379.0,KY,UNION,0.0,,-1.0,1.6447278332125481,0.0,1.6447278332125481,0.4596383983634439,0.5403616016365561,VALID,990.0,Moderate Access
21227,Warren County,KY,86.7,7.0,6.069,137549.0,KY,WARREN,2.0,13.5,0.3333333333333333,1.955719027188817,0.5108256237659907,1.5662254143545038,0.43769998074629357,0.5623000192537064,VALID,867.0,Good Access
21229,Washington County,KY,78.1,9.4,7.3414,12091.0,KY,WASHINGTON,0.0,,-1.0,2.121231067990218,0.0,2.121231067990218,0.5928027914171027,0.4071972085828973,VALID,1665.0,Moderate Access
21231,Wayne County,KY,77.3,6.6,5.1018,19592.0,KY,WAYNE,0.0,,-1.0,1.8085838096183577,0.0,1.8085838096183577,0.5054298643048558,0.4945701356951442,VALID,1219.0,Moderate Access
21233,Webster County,KY,84.8,5.9,5.0032,12873.0,KY,WEBSTER,0.0,,-1.0,1.7922926603897138,0.0,1.7922926603897138,0.5008771124222979,0.49912288757770207,VALID,1185.0,Moderate Access
21235,Whitley County,KY,96.8,7.7,7.4536,36755.0,KY,WHITLEY,1.0,11.2,1.0,2.134592386144684,0.6931471805599453,1.5577440792583357,0.435329772617711,0.564670227382289,VALID,854.0,Good Access
21237,Wolfe County,KY,105.2,2.3,2.4196,6484.0,KY,WOLFE,0.0,,-1.0,1.2295235851699415,0.0,1.2295235851699415,0.3436047229368914,0.6563952770631085,INSUFFICIENT DATA,,
21239,Woodford County,KY,78.3,4.1,3.2103,27017.0,KY,WOODFORD,0.0,,-1.0,1.437533904062858,0.0,1.437533904062858,0.40173563547350305,0.5982643645264969,VALID,678.0,Good Access
00021,Kentucky,KY,83.6,,,,KY,KENTUCKY,0.0,,-1.0,,0.0,,,,VALID,,
22001,Acadia Parish,LA,132.0,5.9,7.788,57218.0,LA,ACADIA,0.0,,-1.0,2.1733871545223638,0.0,2.1733871545223638,0.6073784188214957,0.3926215811785043,VALID,1723.0,Low Access
22003,Allen Parish,LA,110.0,8.1,8.91,22552.0,LA,ALLEN,0.0,,-1.0,2.2935443483418965,0.0,2.2935443483418965,0.640957749701536,0.35904225029846404,VALID,1867.0,Low Access
22005,Ascension Parish,LA,92.0,6.6,6.071999999999999,128593.0,LA,ASCENSION,0.0,,-1.0,1.9561433253353422,0.0,1.9561433253353422,0.5466670940141406,0.4533329059858594,VALID,1437.0,Moderate Access
22007,Assumption Parish,LA,90.9,8.8,7.999200000000001,20720.0,LA,ASSUMPTION,0.0,,-1.0,2.1971356844964793,0.0,2.1971356844964793,0.6140152228326904,0.3859847771673096,VALID,1754.0,Low Access
22009,Avoyelles Parish,LA,113.1,7.6,8.5956,39176.0,LA,AVOYELLES,0.0,,-1.0,2.26130466007363,0.0,2.26130466007363,0.6319479923543775,0.3680520076456225,VALID,1827.0,Low Access
22011,Beauregard Parish,LA,121.3,8.1,9.8253,36646.0,LA,BEAUREGARD,0.0,,-1.0,2.381885987130404,0.0,2.381885987130404,0.6656458522201392,0.33435414777986083,VALID,1975.0,Low Access
22013,Bienville Parish,LA,107.5,8.8,9.46,12769.0,LA,BIENVILLE,0.0,,-1.0,2.347558458636777,0.0,2.347558458636777,0.656052623542439,0.343947376457561,VALID,1937.0,Low Access
22015,Bossier Parish,LA,106.0,9.8,10.388000000000002,129134.0,LA,BOSSIER,0.0,,-1.0,2.4325601694157912,0.0,2.4325601694157912,0.6798073441786829,0.32019265582131706,VALID,2030.0,Low Access
22017,Caddo Parish,LA,105.6,7.7,8.1312,232973.0,LA,CADDO,3.0,13.4,-0.4,2.2116971208003067,0.0,2.2116971208003067,0.6180845862406711,0.3819154137593289,VALID,1773.0,Low Access
22019,Calcasieu Parish,LA,165.3,7.7,12.7281,208668.0,LA,CALCASIEU,3.0,13.4,-0.14285714285714285,2.61944482710136,0.0,2.61944482710136,0.7320344440080286,0.26796555599197136,VALID,2188.0,Lowest Access
22021,Caldwell Parish,LA,73.9,4.9,3.6211000000000007,9563.0,LA,CALDWELL,0.0,,-1.0,1.53063277199157,0.0,1.53063277199157,0.42775320122516924,0.5722467987748308,INSUFFICIENT DATA,,
22023,Cameron Parish,LA,111.4,2.8,3.1192,5222.0,LA,CAMERON,0.0,,-1.0,1.4156589697497945,0.0,1.4156589697497945,0.3956224296476351,0.6043775703523648,INSUFFICIENT DATA,,
22025,Catahoula Parish,LA,115.5,7.7,8.8935,8738.0,LA,CATAHOULA,0.0,,-1.0,2.291877975850358,0.0,2.291877975850358,0.6404920624506601,0.35950793754933985,INSUFFICIENT DATA,,
22027,Claiborne Parish,LA,95.9,4.4,4.219600000000001,14019.0,LA,CLAIBORNE,0.0,,-1.0,1.6524207706059548,0.0,1.6524207706059548,0.46178827954792484,0.5382117204520751,VALID,1000.0,Moderate Access
22029,Concordia Parish,LA,120.6,9.4,11.3364,18325.0,LA,CONCORDIA,0.0,,-1.0,2.5125542417168116,0.0,2.5125542417168116,0.7021626217684062,0.29783737823159384,VALID,2100.0,Low Access
22031,De Soto Parish,LA,110.9,6.0,6.654000000000001,26897.0,LA,DE SOTO,0.0,,-1.0,2.0352283870035106,0.0,2.0352283870035106,0.5687683379680596,0.4312316620319404,VALID,1529.0,Moderate Access
22033,East Baton Rouge Parish,LA,105.0,8.7,9.134999999999998,452821.0,LA,EAST BATON ROUGE,0.0,,-1.0,2.315994779903963,0.0,2.315994779903963,0.6472317849536791,0.35276821504632094,VALID,1896.0,Low Access
22035,East Carroll Parish,LA,110.4,6.2,6.8448,7195.0,LA,EAST CARROLL,0.0,,-1.0,2.0598508919148317,0.0,2.0598508919148317,0.5756493844808009,0.42435061551919906,INSUFFICIENT DATA,,
22037,East Feliciana Parish,LA,96.7,6.1,5.8987,19378.0,LA,EAST FELICIANA,0.0,,-1.0,1.9313329880555106,0.0,1.9313329880555106,0.5397335555527136,0.46026644444728637,VALID,1394.0,Moderate Access
22039,Evangeline Parish,LA,105.1,8.5,8.933499999999999,32162.0,LA,EVANGELINE,1.0,14.6,0.0,2.295912883225981,0.0,2.295912883225981,0.64161966443211,0.35838033556788995,VALID,1871.0,Low Access
22041,Franklin Parish,LA,78.5,6.4,5.024,19590.0,LA,FRANKLIN,0.0,,-1.0,1.7957514904975924,0.0,1.7957514904975924,0.5018437228844626,0.49815627711553745,VALID,1190.0,Moderate Access
22043,Grant Parish,LA,93.4,9.5,8.873000000000001,22123.0,LA,GRANT,0.0,,-1.0,2.2898037586293127,0.0,2.2898037586293127,0.6399123982277493,0.36008760177225074,VALID,1864.0,Low Access
22045,Iberia Parish,LA,107.7,7.4,7.9698,69194.0,LA,IBERIA,1.0,11.7,1.0,2.1938633792780973,0.6931471805599453,1.6009977885963012,0.44741752676275265,0.5525824732372473,VALID,926.0,Good Access
22047,Iberville Parish,LA,100.4,7.9,7.9316,29950.0,LA,IBERVILLE,0.0,,-1.0,2.1895955501717284,0.0,2.1895955501717284,0.6119080442500161,0.3880919557499839,VALID,1747.0,Low Access
22049,Jackson Parish,LA,82.6,8.2,6.773199999999999,14939.0,LA,JACKSON,0.0,,-1.0,2.050681920008411,0.0,2.050681920008411,0.5730870082161063,0.42691299178389375,VALID,1557.0,Moderate Access
22051,Jefferson Parish,LA,74.1,10.9,8.0769,432484.0,LA,JEFFERSON,4.0,13.4,0.0,2.2057327246280147,0.0,2.2057327246280147,0.616417766084486,0.38358223391551405,VALID,1764.0,Low Access
22053,Jefferson Davis Parish,LA,152.5,6.1,9.3025,32083.0,LA,JEFFERSON DAVIS,0.0,,-1.0,2.3323865842308353,0.0,2.3323865842308353,0.6518126660787793,0.3481873339212207,VALID,1922.0,Low Access
22055,Lafayette Parish,LA,87.4,8.4,7.341600000000001,245075.0,LA,LAFAYETTE,2.0,14.0,-0.5,2.1212550444932465,0.0,2.1212550444932465,0.592809491930846,0.407190508069154,VALID,1667.0,Moderate Access
22057,Lafourche Parish,LA,82.4,6.6,5.438400000000001,96670.0,LA,LAFOURCHE,1.0,15.8,-0.3333333333333333,1.8622800620431736,0.0,1.8622800620431736,0.5204359090523651,0.47956409094763486,VALID,1289.0,Moderate Access
22059,La Salle Parish,LA,125.7,5.1,6.410699999999999,14804.0,LA,LA SALLE,0.0,,-1.0,2.0029249017828477,0.0,2.0029249017828477,0.5597407518176014,0.4402592481823986,VALID,1488.0,Moderate Access
22061,Lincoln Parish,LA,82.3,5.7,4.6911000000000005,48160.0,LA,LINCOLN,1.0,13.0,0.0,1.7389035510708957,0.0,1.7389035510708957,0.4859569024022483,0.5140430975977517,VALID,1115.0,Moderate Access
22063,Livingston Parish,LA,85.1,8.9,7.5739,145583.0,LA,LIVINGSTON,0.0,,-1.0,2.1487227049400537,0.0,2.1487227049400537,0.6004856503806615,0.3995143496193385,VALID,1701.0,Moderate Access
22065,Madison Parish,LA,117.8,9.5,11.191,9757.0,LA,MADISON,0.0,,-1.0,2.500697974583009,0.0,2.500697974583009,0.6988492494730606,0.3011507505269394,INSUFFICIENT DATA,,
22067,Morehouse Parish,LA,108.0,6.2,6.696000000000001,24967.0,LA,MOREHOUSE,0.0,,-1.0,2.0407007133634054,0.0,2.0407007133634054,0.5702976434693054,0.42970235653069455,VALID,1538.0,Moderate Access
22069,Natchitoches Parish,LA,136.6,7.3,9.9718,37047.0,LA,NATCHITOCHES,0.0,,-1.0,2.3953283446919404,0.0,2.3953283446919404,0.6694024760061822,0.3305975239938178,VALID,1989.0,Low Access
22071,Orleans Parish,LA,73.3,8.4,6.1572000000000005,376035.0,LA,ORLEANS,2.0,12.2,-0.5,1.9681188430355698,0.0,1.9681188430355698,0.5500137922727543,0.44998620772724574,VALID,1453.0,Moderate Access
22073,Ouachita Parish,LA,81.2,8.1,6.5772,158916.0,LA,OUACHITA,3.0,12.233333333333334,0.2,2.0251437382719866,0.4700036292457356,1.6540545766231556,0.46224486571727047,0.5377551342827296,VALID,1002.0,Moderate Access
22075,Plaquemines Parish,LA,73.3,5.7,4.1781,23070.0,LA,PLAQUEMINES,0.0,,-1.0,1.6444381936187218,0.0,1.6444381936187218,0.4595574551968478,0.5404425448031522,VALID,988.0,Moderate Access
22077,Pointe Coupee Parish,LA,117.1,7.1,8.3141,20438.0,LA,POINTE COUPEE,0.0,,-1.0,2.2315293810282095,0.0,2.2315293810282095,0.6236269429412781,0.3763730570587219,VALID,1798.0,Low Access
22079,Rapides Parish,LA,123.5,8.9,10.9915,128470.0,LA,RAPIDES,2.0,13.149999999999999,-0.6,2.484198065468083,0.0,2.484198065468083,0.6942381572026066,0.3057618427973934,VALID,2074.0,Low Access
22081,Red River Parish,LA,109.8,8.4,9.2232,7529.0,LA,RED RIVER,0.0,,-1.0,2.3246596473123566,0.0,2.3246596473123566,0.6496532833300069,0.35034671666999306,INSUFFICIENT DATA,,
22083,Richland Parish,LA,96.3,8.1,7.8003,19908.0,LA,RICHLAND,0.0,,-1.0,2.17478581181217,0.0,2.17478581181217,0.6077692899331556,0.3922307100668444,VALID,1724.0,Low Access
22085,Sabine Parish,LA,110.5,8.2,9.061,22085.0,LA,SABINE,0.0,,-1.0,2.3086665633099135,0.0,2.3086665633099135,0.6451838292553977,0.35481617074460226,VALID,1885.0,Low Access
22087,St. Bernard Parish,LA,73.4,8.1,5.945399999999999,44172.0,LA,ST. BERNARD,0.0,,-1.0,1.9380795699401248,0.0,1.9380795699401248,0.5416189666397352,0.4583810333602648,VALID,1407.0,Moderate Access
22089,St. Charles Parish,LA,86.1,6.6,5.682599999999999,51863.0,LA,ST. CHARLES,0.0,,-1.0,1.8995071333783793,0.0,1.8995071333783793,0.530839448834904,0.46916055116509603,VALID,1347.0,Moderate Access
22091,St. Helena Parish,LA,91.1,9.0,8.199,10849.0,LA,ST. HELENA,0.0,,-1.0,2.21909478249502,0.0,2.21909478249502,0.6201519491832383,0.37984805081676165,VALID,1788.0,Low Access
22093,St. James Parish,LA,88.5,6.7,5.929500000000001,19797.0,LA,ST. JAMES,0.0,,-1.0,1.9357876605267204,0.0,1.9357876605267204,0.540978465791693,0.45902153420830705,VALID,1403.0,Moderate Access
22095,St. John the Baptist Parish,LA,87.7,7.0,6.138999999999999,41342.0,LA,ST. JOHN THE BAPTIST,0.0,,-1.0,1.9655727105203233,0.0,1.9655727105203233,0.5493022458103568,0.4506977541896432,VALID,1451.0,Moderate Access
22097,St. Landry Parish,LA,116.4,7.2,8.3808,82128.0,LA,ST. LANDRY,1.0,15.4,-0.3333333333333333,2.238665047227814,0.0,2.238665047227814,0.625621088183434,0.374378911816566,VALID,1805.0,Low Access
22099,St. Martin Parish,LA,101.6,6.7,6.8072,51559.0,LA,ST. MARTIN,0.0,,-1.0,2.0550463848451144,0.0,2.0550463848451144,0.5743067088782744,0.4256932911217256,VALID,1564.0,Moderate Access
22101,St. Mary Parish,LA,96.9,6.8,6.589200000000001,48455.0,LA,ST. MARY,0.0,,-1.0,2.0267261840078414,0.0,2.0267261840078414,0.5663922980612885,0.43360770193871145,VALID,1521.0,Moderate Access
22103,St. Tammany Parish,LA,82.6,7.3,6.029799999999999,269331.0,LA,ST. TAMMANY,2.0,12.9,-0.5,1.9501582559157449,0.0,1.9501582559157449,0.544994496477596,0.455005503522404,VALID,1427.0,Moderate Access
22105,Tangipahoa Parish,LA,86.8,7.2,6.2496,135218.0,LA,TANGIPAHOA,1.0,14.9,-0.6666666666666666,1.9809462949307366,0.0,1.9809462949307366,0.5535985734901196,0.44640142650988035,VALID,1465.0,Moderate Access
22107,Tensas Parish,LA,107.1,6.8,7.2828,3992.0,LA,TENSAS,0.0,,-1.0,2.1141810754837325,0.0,2.1141810754837325,0.5908325886888945,0.40916741131110546,INSUFFICIENT DATA,,
22109,Terrebonne Parish,LA,87.0,7.7,6.699,107362.0,LA,TERREBONNE,1.0,13.0,-0.5,2.0410904502959126,0.0,2.0410904502959126,0.5704065600060256,0.42959343999397437,VALID,1540.0,Moderate Access
22111,Union Parish,LA,83.7,8.1,6.7797,20914.0,LA,UNION,0.0,,-1.0,2.0515177770355173,0.0,2.0515177770355173,0.5733205982225752,0.4266794017774248,VALID,1558.0,Moderate Access
22113,Vermilion Parish,LA,80.2,7.4,5.9348,57031.0,LA,VERMILION,0.0,,-1.0,1.9365522141295957,0.0,1.9365522141295957,0.5411921292236556,0.45880787077634444,VALID,1405.0,Moderate Access
22115,Vernon Parish,LA,115.0,7.8,8.97,47764.0,LA,VERNON,0.0,,-1.0,2.299580583973747,0.0,2.299580583973747,0.642644646233559,0.357355353766441,VALID,1876.0,Low Access
22117,Washington Parish,LA,104.7,7.8,8.166599999999999,45238.0,LA,WASHINGTON,0.0,,-1.0,2.2155664432506965,0.0,2.2155664432506965,0.619165913581241,0.38083408641875904,VALID,1780.0,Low Access
22119,Webster Parish,LA,109.2,7.1,7.7532,36189.0,LA,WEBSTER,1.0,12.0,0.0,2.1694193477980677,0.0,2.1694193477980677,0.6062695689005887,0.3937304310994113,VALID,1719.0,Low Access
22121,West Baton Rouge Parish,LA,95.8,5.8,5.5564,27666.0,LA,WEST BATON ROUGE,0.0,,-1.0,1.8804416718330679,0.0,1.8804416718330679,0.5255113829800019,0.4744886170199981,VALID,1321.0,Moderate Access
22123,West Carroll Parish,LA,99.9,6.6,6.5934,9622.0,LA,WEST CARROLL,0.0,,-1.0,2.027279448943641,0.0,2.027279448943641,0.5665469144080337,0.43345308559196627,INSUFFICIENT DATA,,
22125,West Feliciana Parish,LA,84.8,5.2,4.4096,15381.0,LA,WEST FELICIANA,0.0,,-1.0,1.6881751529714846,0.0,1.6881751529714846,0.4717802592014013,0.5282197407985987,VALID,1050.0,Moderate Access
22127,Winn Parish,LA,99.7,8.2,8.1754,13506.0,LA,WINN,0.0,,-1.0,2.2165259897205694,0.0,2.2165259897205694,0.6194340700468041,0.38056592995319594,VALID,1782.0,Low Access
00022,Louisiana,LA,96.4,,,,LA,LOUISIANA,0.0,,-1.0,,0.0,,,,VALID,,
25001,Barnstable County,MA,52.3,2.8,1.4643999999999997,230073.0,MA,BARNSTABLE,2.0,11.35,0.3333333333333333,0.9019483701582784,0.5108256237659907,0.7223197402788948,0.2018606858981664,0.7981393141018336,VALID,48.0,Highest Access
25003,Berkshire County,MA,59.1,2.1,1.2411,128047.0,MA,BERKSHIRE,1.0,12.2,-0.3333333333333333,0.8069668167594056,0.0,0.8069668167594056,0.22551629983865354,0.7744837001613465,VALID,77.0,Highest Access
25005,Bristol County,MA,53.7,3.0,1.6110000000000002,578436.0,MA,BRISTOL,4.0,13.225,0.0,0.9597332897169919,0.0,0.9597332897169919,0.26820867455010106,0.7317913254498989,VALID,145.0,Highest Access
25007,Dukes County,MA,51.0,5.0,2.55,20751.0,MA,DUKES,0.0,,-1.0,1.2669476034873244,0.0,1.2669476034873244,0.3540633018533358,0.6459366981466642,VALID,443.0,Good Access
25009,Essex County,MA,51.5,2.8,1.442,807258.0,MA,ESSEX,5.0,13.080000000000002,0.6666666666666666,0.8928173756885129,1.466337068793427,0.38240916438153166,0.10686870635156048,0.8931312936484395,VALID,5.0,Highest Access
25011,Franklin County,MA,49.9,2.3,1.1476999999999995,70922.0,MA,FRANKLIN,1.0,11.5,1.0,0.7643975020881117,0.6931471805599453,0.557828131874967,0.15589158517264987,0.8441084148273501,VALID,18.0,Highest Access
25013,Hampden County,MA,61.7,3.1,1.9127,462853.0,MA,HAMPDEN,5.0,12.84,0.6666666666666666,1.069080486062072,1.466337068793427,0.45790571113865774,0.12796709791075037,0.8720329020892497,VALID,11.0,Highest Access
25015,Hampshire County,MA,49.9,2.0,0.998,156595.0,MA,HAMPSHIRE,1.0,14.2,0.0,0.6921466802263617,0.0,0.6921466802263617,0.19342847193776821,0.8065715280622318,VALID,42.0,Highest Access
25017,Middlesex County,MA,42.0,2.4,1.008,1622896.0,MA,MIDDLESEX,10.0,13.2,0.35714285714285715,0.6971392018294827,1.5198257537444133,0.2840588773376723,0.0793835702077116,0.9206164297922884,VALID,2.0,Highest Access
25019,Nantucket County,MA,51.0,6.5,3.315,14299.0,MA,NANTUCKET,0.0,,-1.0,1.4620973245353912,0.0,1.4620973245353912,0.4086001701499001,0.5913998298501,VALID,713.0,Good Access
25021,Norfolk County,MA,51.0,1.9,0.969,724540.0,MA,NORFOLK,3.0,12.200000000000001,-0.14285714285714285,0.6775257996569884,0.0,0.6775257996569884,0.18934249613565418,0.8106575038643458,VALID,37.0,Highest Access
25023,Plymouth County,MA,52.7,2.5,1.3175,531889.0,MA,PLYMOUTH,3.0,11.566666666666668,1.0,0.8404890184578732,1.3862943611198906,0.3862246161289029,0.10793497889512733,0.8920650211048726,VALID,6.0,Highest Access
25025,Suffolk County,MA,50.1,3.3,1.6532999999999998,782172.0,MA,SUFFOLK,7.0,12.485714285714286,0.0,0.9758041482951987,0.0,0.9758041482951987,0.27269986363807575,0.7273001363619243,VALID,153.0,Highest Access
25027,Worcester County,MA,44.9,2.6,1.1674,861664.0,MA,WORCESTER,6.0,12.366666666666667,0.08333333333333333,0.7735282925067578,0.4054651081081644,0.6512495692120506,0.181999296712106,0.818000703287894,VALID,30.0,Highest Access
00025,Massachusetts,MA,49.8,,,,MA,MASSACHUSETTS,0.0,,-1.0,,0.0,,,,VALID,,
24001,Allegany County,MD,78.7,4.1,3.2267,67762.0,MD,ALLEGANY,1.0,13.8,0.0,1.4414215467452036,0.0,1.4414215467452036,0.40282208261681696,0.597177917383183,VALID,685.0,Good Access
24003,Anne Arundel County,MD,112.0,4.6,5.151999999999999,590936.0,MD,ANNE ARUNDEL,2.0,13.4,0.3333333333333333,1.8167772322033429,0.5108256237659907,1.4549547423423361,0.4066040921526167,0.5933959078473833,VALID,704.0,Good Access
24005,Baltimore County County,MD,87.6,5.5,4.818,849586.0,MD,BALTIMORE,4.0,13.15,0.14285714285714285,1.76095656007301,0.4519851237430572,1.4506478335496702,0.4054004761990327,0.5945995238009674,VALID,699.0,Good Access
24009,Calvert County,MD,83.7,3.3,2.7621,93791.0,MD,CALVERT,1.0,11.2,1.0,1.324977312131083,0.6931471805599453,0.9669178886427083,0.2702164946139531,0.7297835053860469,VALID,149.0,Highest Access
24011,Caroline County,MD,95.9,7.1,6.8089,33406.0,MD,CAROLINE,0.0,,-1.0,2.0552641088615737,0.0,2.0552641088615737,0.5743675543970221,0.42563244560297786,VALID,1565.0,Moderate Access
24013,Carroll County,MD,65.1,2.8,1.8228,174318.0,MD,CARROLL,1.0,14.6,0.0,1.0377293001445382,0.0,1.0377293001445382,0.29000557041805286,0.7099944295819471,VALID,207.0,Highest Access
24015,Cecil County,MD,120.3,3.8,4.5714,104366.0,MD,CECIL,1.0,11.3,0.0,1.7176463688560557,0.0,1.7176463688560557,0.48001633461367715,0.5199836653863228,VALID,1091.0,Moderate Access
24017,Charles County,MD,95.7,4.4,4.210800000000001,168710.0,MD,CHARLES,1.0,12.3,1.0,1.6507333948412721,0.6931471805599453,1.2046422487678226,0.3366513429416894,0.6633486570583106,VALID,368.0,Good Access
24019,Dorchester County,MD,123.5,5.4,6.6690000000000005,32612.0,MD,DORCHESTER,0.0,,-1.0,2.0371862287827223,0.0,2.0371862287827223,0.5693154797148422,0.4306845202851578,VALID,1531.0,Moderate Access
24021,Frederick County,MD,76.0,4.6,3.496,280341.0,MD,FREDERICK,1.0,14.7,1.0,1.50318811259139,0.6931471805599453,1.0969693312876065,0.3065608888626953,0.6934391111373047,VALID,254.0,Good Access
24023,Garrett County,MD,66.7,6.0,4.002000000000001,28713.0,MD,GARRETT,1.0,14.8,1.0,1.6098378324554274,0.6931471805599453,1.1747982276853959,0.32831108276365256,0.6716889172363474,VALID,337.0,Good Access
24025,Harford County,MD,82.8,3.7,3.0636,262509.0,MD,HARFORD,1.0,15.8,0.0,1.4020692802352528,0.0,1.4020692802352528,0.39182463222693975,0.6081753677730602,VALID,630.0,Good Access
24027,Howard County,MD,76.0,4.0,3.04,333916.0,MD,HOWARD,1.0,12.4,1.0,1.3962446919730587,0.6931471805599453,1.0189261032853176,0.28475079749212534,0.7152492025078747,VALID,191.0,Highest Access
24029,Kent County,MD,99.3,5.3,5.262899999999999,19265.0,MD,KENT,0.0,,-1.0,1.8346433366267265,0.0,1.8346433366267265,0.5127125034226239,0.48728749657737613,VALID,1253.0,Moderate Access
24031,Montgomery County,MD,59.7,6.8,4.0596000000000005,1057586.0,MD,MONTGOMERY,6.0,12.816666666666668,0.7142857142857143,1.6212874287912498,1.6650077635889111,0.5688470957711406,0.15897096330110846,0.8410290366988915,VALID,19.0,Highest Access
24033,Prince George's County,MD,95.3,11.2,10.6736,955584.0,MD,PRINCE GEORGE'S,0.0,,-1.0,2.457329882017766,0.0,2.457329882017766,0.6867295295995113,0.3132704704004887,VALID,2055.0,Low Access
24035,Queen Anne's County,MD,60.5,5.7,3.4485,50951.0,MD,QUEEN ANNE'S,0.0,,-1.0,1.492566960702685,0.0,1.492566960702685,0.4171152657686668,0.5828847342313332,VALID,755.0,Good Access
24037,St. Mary's County,MD,77.6,3.7,2.8712,114372.0,MD,ST. MARY'S,0.0,,-1.0,1.3535645364969717,0.0,1.3535645364969717,0.37826941520276747,0.6217305847972325,VALID,571.0,Good Access
24039,Somerset County,MD,134.8,3.4,4.583200000000001,24685.0,MD,SOMERSET,0.0,,-1.0,1.719762088720805,0.0,1.719762088720805,0.48060759723499463,0.5193924027650054,VALID,1094.0,Moderate Access
24041,Talbot County,MD,52.7,4.5,2.3715,37707.0,MD,TALBOT,1.0,18.3,0.0,1.2153577491924996,0.0,1.2153577491924996,0.33964591465951655,0.6603540853404835,VALID,379.0,Good Access
24043,Washington County,MD,69.6,6.1,4.2456,155033.0,MD,WASHINGTON,1.0,14.7,0.0,1.6573896299672726,0.0,1.6573896299672726,0.46317688531746926,0.5368231146825307,VALID,1005.0,Moderate Access
24045,Wicomico County,MD,145.8,6.5,9.477,104117.0,MD,WICOMICO,1.0,13.8,1.0,2.349182378370828,0.6931471805599453,1.7143436680267137,0.4790933563015103,0.5209066436984897,VALID,1085.0,Moderate Access
24047,Worcester County,MD,106.1,5.5,5.8355,53279.0,MD,WORCESTER,1.0,18.3,0.0,1.9221296203899099,0.0,1.9221296203899099,0.5371615669914792,0.4628384330085208,VALID,1377.0,Moderate Access
24510,Baltimore City,MD,117.4,5.8,6.8092,577193.0,MD,BALTIMORE CITY,10.0,13.62,0.5,2.05530252582651,1.791759469228055,0.6195596515802251,0.17314317918893438,0.8268568208110656,VALID,25.0,Highest Access
00024,Maryland,MD,87.0,,,,MD,MARYLAND,0.0,,-1.0,,0.0,,,,VALID,,
23001,Androscoggin County,ME,60.1,6.8,4.0868,112323.0,ME,ANDROSCOGGIN,1.0,16.4,0.0,1.6266489491644547,0.0,1.6266489491644547,0.45458604311033607,0.5454139568896639,VALID,963.0,Good Access
23003,Aroostook County,ME,69.0,8.0,5.52,67227.0,ME,AROOSTOOK,1.0,17.4,-0.6,1.8748743759385615,0.0,1.8748743759385615,0.5239555371333563,0.4760444628666437,VALID,1312.0,Moderate Access
23005,Cumberland County,ME,56.3,4.7,2.6461,305940.0,ME,CUMBERLAND,3.0,14.133333333333333,0.2,1.2936581031979577,0.4700036292457356,1.056607027808329,0.2952811718476085,0.7047188281523915,VALID,220.0,Highest Access
23007,Franklin County,ME,64.4,9.5,6.118,30145.0,ME,FRANKLIN,1.0,13.8,1.0,1.962626787088001,0.6931471805599453,1.4322501463157193,0.4002590276729944,0.5997409723270055,VALID,673.0,Good Access
23009,Hancock County,ME,55.9,10.2,5.7018,56084.0,ME,HANCOCK,1.0,14.1,-0.3333333333333333,1.902376147031585,0.0,1.902376147031585,0.5316412282015646,0.46835877179843544,VALID,1354.0,Moderate Access
23011,Kennebec County,ME,66.0,6.7,4.422,125614.0,ME,KENNEBEC,1.0,14.5,-0.5,1.6904647510764739,0.0,1.6904647510764739,0.47242011412731794,0.5275798858726821,VALID,1052.0,Moderate Access
23013,Knox County,ME,54.0,6.3,3.402,40860.0,ME,KNOX,1.0,12.7,1.0,1.4820589831042699,0.6931471805599453,1.0815500987577416,0.30225180428292164,0.6977481957170784,VALID,239.0,Highest Access
23015,Lincoln County,ME,55.8,7.5,4.185,35840.0,ME,LINCOLN,1.0,17.4,1.0,1.6457698416814905,0.6931471805599453,1.2010200370533421,0.3356390735817643,0.6643609264182357,VALID,361.0,Good Access
23017,Oxford County,ME,57.5,8.5,4.8875,58728.0,ME,OXFORD,1.0,14.4,0.0,1.772831459342536,0.0,1.772831459342536,0.4954384525425768,0.5045615474574232,VALID,1163.0,Moderate Access
23019,Penobscot County,ME,61.2,7.2,4.4064000000000005,153571.0,ME,PENOBSCOT,2.0,14.6,-0.3333333333333333,1.6875834369778886,0.0,1.6875834369778886,0.4716148972575645,0.5283851027424356,VALID,1047.0,Moderate Access
23021,Piscataquis County,ME,65.6,10.0,6.56,17125.0,ME,PISCATAQUIS,0.0,,-1.0,2.0228711901914416,0.0,2.0228711901914416,0.5653149750248017,0.43468502497519834,VALID,1517.0,Moderate Access
23023,Sagadahoc County,ME,55.9,5.4,3.0186,37093.0,ME,SAGADAHOC,0.0,,-1.0,1.3909335832683156,0.0,1.3909335832683156,0.38871263167877235,0.6112873683212277,VALID,614.0,Good Access
23025,Somerset County,ME,67.0,7.8,5.226,50852.0,ME,SOMERSET,1.0,14.8,0.0,1.8287340720194165,0.0,1.8287340720194165,0.5110610904260404,0.4889389095739596,VALID,1246.0,Moderate Access
23027,Waldo County,ME,64.0,9.4,6.016,40006.0,ME,WALDO,0.0,,-1.0,1.948193255069882,0.0,1.948193255069882,0.5444453540460418,0.4555546459539582,VALID,1421.0,Moderate Access
23029,Washington County,ME,69.7,9.8,6.8306,31261.0,ME,WASHINGTON,0.0,,-1.0,2.0580391354194,0.0,2.0580391354194,0.5751430679723983,0.42485693202760166,VALID,1568.0,Moderate Access
23031,York County,ME,56.7,5.3,3.0051,214731.0,ME,YORK,1.0,14.1,1.0,1.3875685489976213,0.6931471805599453,1.0125945851751101,0.28298138082353247,0.7170186191764676,VALID,180.0,Highest Access
00023,Maine,ME,59.9,,,,ME,MAINE,0.0,,-1.0,,0.0,,,,VALID,,
26001,Alcona County,MI,81.0,3.9,3.159,10310.0,MI,ALCONA,0.0,,-1.0,1.4252746607607745,0.0,1.4252746607607745,0.39830964678240677,0.6016903532175932,VALID,663.0,Good Access
26003,Alger County,MI,58.0,5.1,2.958,8813.0,MI,ALGER,0.0,,-1.0,1.375738847180374,0.0,1.375738847180374,0.38446628525112353,0.6155337147488764,INSUFFICIENT DATA,,
26005,Allegan County,MI,80.1,5.1,4.0851,120913.0,MI,ALLEGAN,0.0,,-1.0,1.6263146949905387,0.0,1.6263146949905387,0.4544926318783726,0.5455073681216274,VALID,962.0,Good Access
26007,Alpena County,MI,77.9,5.1,3.9729,28908.0,MI,ALPENA,1.0,12.8,1.0,1.6040031709440548,0.6931471805599453,1.1705403143325646,0.3271211591578466,0.6728788408421533,VALID,331.0,Good Access
26009,Antrim County,MI,107.3,5.3,5.6869,23876.0,MI,ANTRIM,0.0,,-1.0,1.9001503885709101,0.0,1.9001503885709101,0.5310192140097028,0.46898078599029724,VALID,1348.0,Moderate Access
26011,Arenac County,MI,75.5,6.3,4.7565,15054.0,MI,ARENAC,0.0,,-1.0,1.750329651131582,0.0,1.750329651131582,0.4891500594859806,0.5108499405140194,VALID,1135.0,Moderate Access
26013,Baraga County,MI,65.8,4.5,2.961,8249.0,MI,BARAGA,0.0,,-1.0,1.3764965186397795,0.0,1.3764965186397795,0.38467802538773116,0.6153219746122689,INSUFFICIENT DATA,,
26015,Barry County,MI,86.8,5.3,4.6004,62982.0,MI,BARRY,0.0,,-1.0,1.722838023761633,0.0,1.722838023761633,0.48146720319963293,0.518532796800367,VALID,1099.0,Moderate Access
26017,Bay County,MI,72.8,4.7,3.4216,103235.0,MI,BAY,1.0,14.0,1.0,1.4865016215369162,0.6931471805599453,1.0847921667795617,0.30315783804902147,0.6968421619509786,VALID,243.0,Highest Access
26019,Benzie County,MI,85.3,6.8,5.8004,18177.0,MI,BENZIE,0.0,,-1.0,1.9169814339814368,0.0,1.9169814339814368,0.5357228461846177,0.46427715381538226,VALID,1375.0,Moderate Access
26021,Berrien County,MI,119.3,6.2,7.396599999999999,153411.0,MI,BERRIEN,1.0,12.5,0.0,2.127826862006295,0.0,2.127826862006295,0.5946460630735221,0.4053539369264779,VALID,1676.0,Moderate Access
26023,Branch County,MI,87.6,10.1,8.847599999999998,44914.0,MI,BRANCH,1.0,15.5,1.0,2.2872277706730033,0.6931471805599453,1.6691315591714178,0.46645830454325604,0.533541695456744,VALID,1022.0,Moderate Access
26025,Calhoun County,MI,95.2,5.9,5.6168000000000005,133846.0,MI,CALHOUN,2.0,11.7,0.0,1.8896118693955597,0.0,1.8896118693955597,0.5280741017685976,0.4719258982314024,VALID,1338.0,Moderate Access
26027,Cass County,MI,92.8,6.3,5.8464,51606.0,MI,CASS,0.0,,-1.0,1.9237229666804154,0.0,1.9237229666804154,0.5376068462177545,0.46239315378224555,VALID,1379.0,Moderate Access
26029,Charlevoix County,MI,96.0,6.2,5.952000000000001,26143.0,MI,CHARLEVOIX,0.0,,-1.0,1.939029387963091,0.0,1.939029387963091,0.541884404377212,0.45811559562278803,VALID,1408.0,Moderate Access
26031,Cheboygan County,MI,89.4,6.2,5.542800000000001,25778.0,MI,CHEBOYGAN,0.0,,-1.0,1.8783652084022335,0.0,1.8783652084022335,0.5249310910275367,0.47506890897246334,VALID,1317.0,Moderate Access
26033,Chippewa County,MI,66.5,6.6,4.388999999999999,36448.0,MI,CHIPPEWA,1.0,18.8,1.0,1.6843598389513597,0.6931471805599453,1.2291815446816465,0.34350913572845443,0.6564908642715456,VALID,400.0,Good Access
26035,Clare County,MI,114.4,11.7,13.3848,31109.0,MI,CLARE,1.0,13.3,1.0,2.666172093535291,0.6931471805599453,1.9456706675926905,0.5437403875194626,0.45625961248053737,VALID,1416.0,Moderate Access
26037,Clinton County,MI,87.0,3.4,2.958,79419.0,MI,CLINTON,0.0,,-1.0,1.375738847180374,0.0,1.375738847180374,0.38446628525112353,0.6155337147488764,VALID,601.0,Good Access
26039,Crawford County,MI,90.5,5.6,5.068,13271.0,MI,CRAWFORD,1.0,13.7,1.0,1.8030290614862858,0.6931471805599453,1.3157818155314094,0.3677105926427435,0.6322894073572565,VALID,514.0,Good Access
26041,Delta County,MI,56.4,5.7,3.2148000000000003,36829.0,MI,DELTA,0.0,,-1.0,1.4386021407432357,0.0,1.4386021407432357,0.40203416668755976,0.5979658333124402,VALID,679.0,Good Access
26043,Dickinson County,MI,73.3,4.5,3.2985,25940.0,MI,DICKINSON,1.0,15.7,0.0,1.4582661246323618,0.0,1.4582661246323618,0.4075294966003445,0.5924705033996556,VALID,708.0,Good Access
26045,Eaton County,MI,92.6,4.2,3.8892,109000.0,MI,EATON,0.0,,-1.0,1.5870286909209708,0.0,1.5870286909209708,0.44351369930120227,0.5564863006987977,VALID,899.0,Good Access
26047,Emmet County,MI,90.2,5.5,4.961,34159.0,MI,EMMET,1.0,13.9,1.0,1.7852382522377894,0.6931471805599453,1.3027987617399952,0.36408232665851914,0.6359176733414809,VALID,497.0,Good Access
26049,Genesee County,MI,94.6,4.8,4.5408,404087.0,MI,GENESEE,3.0,13.666666666666666,1.0,1.7121388946660203,1.3862943611198906,0.7867683846304673,0.21987161212453846,0.7801283878754616,VALID,72.0,Highest Access
26051,Gladwin County,MI,87.0,8.3,7.221,25543.0,MI,GLADWIN,0.0,,-1.0,2.1066918561699963,0.0,2.1066918561699963,0.5887396389005793,0.41126036109942066,VALID,1643.0,Moderate Access
26053,Gogebic County,MI,69.0,6.1,4.209,14348.0,MI,GOGEBIC,0.0,,-1.0,1.6503878987630545,0.0,1.6503878987630545,0.4612201697737236,0.5387798302262764,VALID,997.0,Moderate Access
26055,Grand Traverse County,MI,126.6,4.3,5.4438,95757.0,MI,GRAND TRAVERSE,1.0,13.6,1.0,1.8631184282098667,0.6931471805599453,1.3596327426909034,0.37996524628168216,0.6200347537183178,VALID,578.0,Good Access
26057,Gratiot County,MI,83.5,4.9,4.0915,41478.0,MI,GRATIOT,1.0,12.7,1.0,1.627572482629583,0.6931471805599453,1.1877402987270735,0.3319278956399103,0.6680721043600897,VALID,349.0,Good Access
26059,Hillsdale County,MI,83.6,7.0,5.851999999999999,45658.0,MI,HILLSDALE,1.0,16.1,1.0,1.9245405804618734,0.6931471805599453,1.404456285877374,0.3924917088265289,0.607508291173471,VALID,633.0,Good Access
26061,Houghton County,MI,80.5,6.0,4.83,37428.0,MI,HOUGHTON,0.0,,-1.0,1.763017000362401,0.0,1.763017000362401,0.4926956873778251,0.5073043126221749,VALID,1151.0,Moderate Access
26063,Huron County,MI,64.2,5.6,3.5952,31258.0,MI,HURON,0.0,,-1.0,1.5250122804317132,0.0,1.5250122804317132,0.4261824892286793,0.5738175107713207,VALID,806.0,Good Access
26065,Ingham County,MI,95.6,4.9,4.6844,282015.0,MI,INGHAM,2.0,13.05,0.3333333333333333,1.7377255807355694,0.5108256237659907,1.3916467191272162,0.3889119258217798,0.6110880741782202,VALID,615.0,Good Access
26067,Ionia County,MI,85.4,6.0,5.1240000000000006,66706.0,MI,IONIA,0.0,,-1.0,1.8122154777954373,0.0,1.8122154777954373,0.5064447763836767,0.4935552236163233,VALID,1225.0,Moderate Access
26069,Iosco County,MI,81.8,5.6,4.580799999999999,25333.0,MI,IOSCO,0.0,,-1.0,1.7193321352924686,0.0,1.7193321352924686,0.48048744172890984,0.5195125582710902,VALID,1093.0,Moderate Access
26071,Iron County,MI,72.1,4.7,3.3887,11650.0,MI,IRON,0.0,,-1.0,1.479033055670013,0.0,1.479033055670013,0.4133330579728215,0.5866669420271785,VALID,734.0,Good Access
26073,Isabella County,MI,103.1,7.6,7.835599999999999,64475.0,MI,ISABELLA,0.0,,-1.0,2.1787890151805342,0.0,2.1787890151805342,0.6088880318595715,0.3911119681404285,VALID,1730.0,Low Access
26075,Jackson County,MI,85.3,4.9,4.1797,160187.0,MI,JACKSON,1.0,13.5,1.0,1.6447471395363351,0.6931471805599453,1.2002737080484225,0.3354305032265078,0.6645694967734922,VALID,360.0,Good Access
26077,Kalamazoo County,MI,75.6,5.0,3.78,261437.0,MI,KALAMAZOO,2.0,15.7,0.3333333333333333,1.5644405465033646,0.5108256237659907,1.2528724776494466,0.35012984358367816,0.6498701564163218,VALID,425.0,Good Access
26079,Kalkaska County,MI,109.8,6.9,7.5762,18116.0,MI,KALKASKA,0.0,,-1.0,2.1489909249520407,0.0,2.1489909249520407,0.6005606075949976,0.39943939240500237,VALID,1702.0,Moderate Access
26081,Kent County,MI,83.6,4.9,4.0964,658844.0,MI,KENT,3.0,13.466666666666667,0.2,1.6285344081250888,0.4700036292457356,1.330120297162734,0.3717176487640671,0.6282823512359329,VALID,535.0,Good Access
26083,Keweenaw County,MI,80.3,7.6,6.102799999999999,2106.0,MI,KEWEENAW,0.0,,-1.0,1.9604890725025426,0.0,1.9604890725025426,0.5478815638050014,0.4521184361949986,INSUFFICIENT DATA,,
26085,Lake County,MI,82.7,8.0,6.6160000000000005,12393.0,MI,LAKE,0.0,,-1.0,2.0302512974890643,0.0,2.0302512974890643,0.5673774321861205,0.43262256781387953,VALID,1527.0,Moderate Access
26087,Lapeer County,MI,96.6,5.4,5.2164,88703.0,MI,LAPEER,1.0,12.9,1.0,1.8271909610593198,0.6931471805599453,1.3334142479563684,0.3726381817765819,0.6273618182234181,VALID,538.0,Good Access
26089,Leelanau County,MI,95.1,4.1,3.8991,22607.0,MI,LEELANAU,0.0,,-1.0,1.5890515147771558,0.0,1.5890515147771558,0.44407900104818626,0.5559209989518137,VALID,904.0,Good Access
26091,Lenawee County,MI,81.1,5.6,4.541599999999999,98823.0,MI,LENAWEE,1.0,14.8,1.0,1.712283267726258,0.6931471805599453,1.2495589975991337,0.34920385289234274,0.6507961471076573,VALID,420.0,Good Access
26093,Livingston County,MI,85.9,3.0,2.5770000000000004,195143.0,MI,LIVINGSTON,1.0,11.3,0.0,1.2745244602768808,0.0,1.2745244602768808,0.35618074295760566,0.6438192570423944,VALID,456.0,Good Access
26095,Luce County,MI,62.7,4.7,2.9469,6325.0,MI,LUCE,0.0,,-1.0,1.3729304606617574,0.0,1.3729304606617574,0.3836814488451626,0.6163185511548375,INSUFFICIENT DATA,,
26097,Mackinac County,MI,65.9,10.3,6.787700000000001,10865.0,MI,MACKINAC,0.0,,-1.0,2.0525455659667755,0.0,2.0525455659667755,0.573607825840835,0.42639217415916497,VALID,1562.0,Moderate Access
26099,Macomb County,MI,85.5,5.0,4.275,877624.0,MI,MACOMB,3.0,13.233333333333334,0.0,1.6629786793621304,0.0,1.6629786793621304,0.4647388104338023,0.5352611895661977,VALID,1012.0,Moderate Access
26101,Manistee County,MI,97.1,4.2,4.0782,25247.0,MI,MANISTEE,0.0,,-1.0,1.6249568680917708,0.0,1.6249568680917708,0.4541131712962619,0.5458868287037382,VALID,959.0,Good Access
26103,Marquette County,MI,60.3,3.7,2.2311,66430.0,MI,MARQUETTE,1.0,11.1,0.0,1.1728226365336405,0.0,1.1728226365336405,0.32775898074745446,0.6722410192525455,VALID,334.0,Good Access
26105,Mason County,MI,79.9,6.1,4.8739,29177.0,MI,MASON,1.0,10.9,1.0,1.770518808457188,0.6931471805599453,1.29205707328086,0.3610804363886669,0.6389195636113332,VALID,482.0,Good Access
26107,Mecosta County,MI,102.6,7.8,8.0028,40321.0,MI,MECOSTA,1.0,12.9,1.0,2.197535640062304,0.6931471805599453,1.603677664403608,0.4481664493498274,0.5518335506501726,VALID,930.0,Good Access
26109,Menominee County,MI,63.2,5.0,3.16,23295.0,MI,MENOMINEE,0.0,,-1.0,1.425515074273172,0.0,1.425515074273172,0.398376833145738,0.601623166854262,VALID,665.0,Good Access
26111,Midland County,MI,74.1,3.8,2.8158,83641.0,MI,MIDLAND,1.0,13.1,1.0,1.3391503413110732,0.6931471805599453,0.9772608245744534,0.27310694883382075,0.7268930511661793,VALID,155.0,Highest Access
26113,Missaukee County,MI,120.4,9.2,11.0768,15156.0,MI,MISSAUKEE,0.0,,-1.0,2.4912862567520393,0.0,2.4912862567520393,0.6962190350252234,0.3037809649747766,VALID,2076.0,Low Access
26115,Monroe County,MI,84.2,3.6,3.0312,155001.0,MI,MONROE,1.0,14.7,1.0,1.3940640983842514,0.6931471805599453,1.0173347892835056,0.2843060862126564,0.7156939137873436,VALID,186.0,Highest Access
26117,Montcalm County,MI,86.5,8.6,7.439,67174.0,MI,MONTCALM,1.0,11.4,-0.3333333333333333,2.1328638181758297,0.0,2.1328638181758297,0.5960536992912845,0.4039463007087155,VALID,1679.0,Moderate Access
26119,Montmorency County,MI,86.6,5.5,4.763,9372.0,MI,MONTMORENCY,0.0,,-1.0,1.7514581724545293,0.0,1.7514581724545293,0.489465437947343,0.510534562052657,INSUFFICIENT DATA,,
26121,Muskegon County,MI,88.8,4.8,4.2624,175378.0,MI,MUSKEGON,1.0,12.5,1.0,1.6605871964526555,0.6931471805599453,1.2118331772176527,0.33866093186496443,0.6613390681350355,VALID,374.0,Good Access
26123,Newaygo County,MI,85.9,6.9,5.9271,50414.0,MI,NEWAYGO,0.0,,-1.0,1.935441255200161,0.0,1.935441255200161,0.5408816587782351,0.45911834122176487,VALID,1401.0,Moderate Access
26125,Oakland County,MI,86.6,3.9,3.3774,1272294.0,MI,OAKLAND,9.0,13.222222222222221,0.2857142857142857,1.4764549408278478,1.2729656758128873,0.7437011123396835,0.20783595998934412,0.7921640400106559,VALID,57.0,Highest Access
26127,Oceana County,MI,85.8,8.1,6.949799999999999,26788.0,MI,OCEANA,0.0,,-1.0,2.0731467711170875,0.0,2.0731467711170875,0.5793650731789254,0.4206349268210746,VALID,1590.0,Moderate Access
26129,Ogemaw County,MI,82.4,5.2,4.284800000000001,20853.0,MI,OGEMAW,1.0,11.9,1.0,1.6648347756543882,0.6931471805599453,1.2149328984551253,0.33952718516000485,0.6604728148399952,VALID,377.0,Good Access
26131,Ontonagon County,MI,78.5,4.1,3.2185,5870.0,MI,ONTONAGON,0.0,,-1.0,1.4394796146235445,0.0,1.4394796146235445,0.40227938700961335,0.5977206129903867,INSUFFICIENT DATA,,
26133,Osceola County,MI,105.2,9.0,9.468,23122.0,MI,OSCEOLA,0.0,,-1.0,2.3483229846678992,0.0,2.3483229846678992,0.6562662792691533,0.34373372073084674,VALID,1940.0,Low Access
26135,Oscoda County,MI,85.8,13.2,11.3256,8338.0,MI,OSCODA,0.0,,-1.0,2.511678400285428,0.0,2.511678400285428,0.7019178576532668,0.29808214234673325,INSUFFICIENT DATA,,
26137,Otsego County,MI,94.3,6.2,5.8466,25352.0,MI,OTSEGO,1.0,11.8,1.0,1.923752178686552,0.6931471805599453,1.4038809403427626,0.3923309217986121,0.6076690782013878,VALID,632.0,Good Access
26139,Ottawa County,MI,68.9,3.2,2.2048,298614.0,MI,OTTAWA,1.0,13.1,-0.3333333333333333,1.1646496859294169,0.0,1.1646496859294169,0.32547495426613,0.6745250457338701,VALID,326.0,Good Access
26141,Presque Isle County,MI,78.0,5.6,4.367999999999999,13142.0,MI,PRESQUE ISLE,0.0,,-1.0,1.6804553996693805,0.0,1.6804553996693805,0.4696228839981074,0.5303771160018926,VALID,1038.0,Moderate Access
26143,Roscommon County,MI,85.7,4.6,3.9422,23639.0,MI,ROSCOMMON,0.0,,-1.0,1.597810576193121,0.0,1.597810576193121,0.446526823039827,0.5534731769601731,VALID,922.0,Good Access
26145,Saginaw County,MI,88.0,4.1,3.608,189210.0,MI,SAGINAW,2.0,13.399999999999999,0.3333333333333333,1.5277939233935902,0.5108256237659907,1.2235242575488818,0.34192814077945605,0.6580718592205439,VALID,394.0,Good Access
26147,St. Clair County,MI,81.4,4.8,3.907200000000001,160089.0,MI,ST. CLAIR,1.0,12.6,0.0,1.5907035143778503,0.0,1.5907035143778503,0.4445406716268845,0.5554593283731155,VALID,907.0,Good Access
26149,St. Joseph County,MI,116.7,9.6,11.2032,60870.0,MI,ST. JOSEPH,0.0,,-1.0,2.5016982124278373,0.0,2.5016982124278373,0.6991287776185054,0.30087122238149455,VALID,2090.0,Low Access
26151,Sanilac County,MI,78.3,8.1,6.342299999999999,40574.0,MI,SANILAC,0.0,,-1.0,1.9936521450407343,0.0,1.9936521450407343,0.5571493716686842,0.44285062833131583,VALID,1479.0,Moderate Access
26153,Schoolcraft County,MI,61.4,7.2,4.4208,8093.0,MI,SCHOOLCRAFT,0.0,,-1.0,1.6902434060355436,0.0,1.6902434060355436,0.4723582566709994,0.5276417433290006,INSUFFICIENT DATA,,
26155,Shiawassee County,MI,92.4,4.5,4.158,68061.0,MI,SHIAWASSEE,1.0,12.8,1.0,1.640548907459153,0.6931471805599453,1.1972099984596356,0.3345743138071981,0.6654256861928018,VALID,356.0,Good Access
26157,Tuscola County,MI,71.1,4.8,3.4128,53071.0,MI,TUSCOLA,0.0,,-1.0,1.4845094086168455,0.0,1.4845094086168455,0.4148634887508052,0.5851365112491949,VALID,741.0,Good Access
26159,Van Buren County,MI,97.5,7.4,7.215,75681.0,MI,VAN BUREN,0.0,,-1.0,2.1059617514892315,0.0,2.1059617514892315,0.5885356026221582,0.4114643973778418,VALID,1642.0,Moderate Access
26161,Washtenaw County,MI,78.7,3.3,2.5971,368394.0,MI,WASHTENAW,3.0,12.066666666666668,0.0,1.28012796527228,0.0,1.28012796527228,0.35774670786030693,0.6422532921396931,VALID,467.0,Good Access
26163,Wayne County,MI,94.7,5.7,5.397900000000001,1773767.0,MI,WAYNE,13.0,13.407692307692308,0.23809523809523808,1.8559698115208396,1.4098248585300845,0.8358356831990826,0.23358404166496124,0.7664159583350387,VALID,83.0,Highest Access
26165,Wexford County,MI,132.3,6.5,8.5995,33868.0,MI,WEXFORD,1.0,13.2,1.0,2.2617110137840735,0.6931471805599453,1.650510403571123,0.46125440517281846,0.5387455948271815,VALID,998.0,Moderate Access
00026,Michigan,MI,87.5,,,,MI,MICHIGAN,0.0,,-1.0,,0.0,,,,VALID,,
27001,Aitkin County,MN,68.6,5.5,3.773,15930.0,MN,AITKIN,0.0,,-1.0,1.5629750380237595,0.0,1.5629750380237595,0.4367916251262493,0.5632083748737506,VALID,860.0,Good Access
27003,Anoka County,MN,61.5,4.4,2.7060000000000004,367095.0,MN,ANOKA,1.0,14.6,0.0,1.3099531278631682,0.0,1.3099531278631682,0.3660816978126741,0.6339183021873259,VALID,506.0,Good Access
27005,Becker County,MN,58.2,6.5,3.783,35260.0,MN,BECKER,1.0,12.4,1.0,1.5650679646981598,0.6931471805599453,1.1421268863648073,0.31918069493064016,0.6808193050693598,VALID,302.0,Good Access
27007,Beltrami County,MN,57.5,7.8,4.485,46421.0,MN,BELTRAMI,1.0,13.3,-0.3333333333333333,1.7020170937271937,0.0,1.7020170937271937,0.47564855117696103,0.524351448823039,VALID,1066.0,Moderate Access
27009,Benton County,MN,71.3,3.9,2.7807,41458.0,MN,BENTON,0.0,,-1.0,1.3299091776720218,0.0,1.3299091776720218,0.37165864895716,0.62834135104284,VALID,534.0,Good Access
27011,Big Stone County,MN,63.0,3.4,2.142,5152.0,MN,BIG STONE,0.0,,-1.0,1.1448595398334294,0.0,1.1448595398334294,0.31994436685145056,0.6800556331485494,INSUFFICIENT DATA,,
27013,Blue Earth County,MN,83.3,4.6,3.8318,69386.0,MN,BLUE EARTH,1.0,10.8,1.0,1.5752190690474173,0.6931471805599453,1.1495347750093223,0.32125091591374894,0.6787490840862511,VALID,308.0,Good Access
27015,Brown County,MN,69.2,3.9,2.6988,25826.0,MN,BROWN,0.0,,-1.0,1.3080084427213465,0.0,1.3080084427213465,0.3655382328418393,0.6344617671581607,VALID,503.0,Good Access
27017,Carlton County,MN,74.4,4.8,3.5712,36457.0,MN,CARLTON,0.0,,-1.0,1.5197757524943716,0.0,1.5197757524943716,0.42471908035001765,0.5752809196499824,VALID,798.0,Good Access
27019,Carver County,MN,62.3,2.2,1.3706,108622.0,MN,CARVER,1.0,14.8,1.0,0.863143087663263,0.6931471805599453,0.6298888926464444,0.17602980621871692,0.8239701937812831,VALID,26.0,Highest Access
27021,Cass County,MN,56.9,7.1,4.039899999999999,30688.0,MN,CASS,0.0,,-1.0,1.6173862406165953,0.0,1.6173862406165953,0.45199747104663507,0.548002528953365,VALID,947.0,Good Access
27023,Chippewa County,MN,68.7,7.3,5.0151,12388.0,MN,CHIPPEWA,0.0,,-1.0,1.7942729743923538,0.0,1.7942729743923538,0.5014305342943242,0.49856946570567584,VALID,1187.0,Moderate Access
27025,Chisago County,MN,63.2,4.0,2.528,57434.0,MN,CHISAGO,1.0,15.8,1.0,1.260731138144545,0.6931471805599453,0.9200334821433088,0.25711409975175115,0.7428859002482489,VALID,123.0,Highest Access
27027,Clay County,MN,57.6,3.6,2.0736000000000003,65628.0,MN,CLAY,0.0,,-1.0,1.1228495130321552,0.0,1.1228495130321552,0.3137934078522866,0.6862065921477134,VALID,278.0,Good Access
27029,Clearwater County,MN,56.4,12.4,6.9936,8579.0,MN,CLEARWATER,0.0,,-1.0,2.078641221509067,0.0,2.078641221509067,0.580900561499278,0.41909943850072195,INSUFFICIENT DATA,,
27031,Cook County,MN,65.5,5.8,3.799,5633.0,MN,COOK,0.0,,-1.0,1.5684075628761085,0.0,1.5684075628761085,0.43830980763145205,0.561690192368548,INSUFFICIENT DATA,,
27033,Cottonwood County,MN,51.8,5.4,2.7972,11458.0,MN,COTTONWOOD,0.0,,-1.0,1.3342639530255065,0.0,1.3342639530255065,0.3728756417800994,0.6271243582199006,VALID,540.0,Good Access
27035,Crow Wing County,MN,60.0,5.7,3.42,67113.0,MN,CROW WING,1.0,14.3,-0.3333333333333333,1.4861396960896067,0.0,1.4861396960896067,0.41531909162182146,0.5846809083781785,VALID,744.0,Good Access
27037,Dakota County,MN,62.6,3.8,2.3788,442204.0,MN,DAKOTA,1.0,12.6,1.0,1.2175206168712045,0.6931471805599453,0.8885000923907183,0.24830172577219686,0.7516982742278031,VALID,108.0,Highest Access
27039,Dodge County,MN,51.9,5.4,2.8026,20962.0,MN,DODGE,0.0,,-1.0,1.3356850432933487,0.0,1.3356850432933487,0.3732727820494198,0.6267272179505802,VALID,541.0,Good Access
27041,Douglas County,MN,55.5,4.0,2.22,39354.0,MN,DOUGLAS,1.0,14.2,0.0,1.169381359556317,0.0,1.169381359556317,0.32679727571259015,0.6732027242874099,VALID,329.0,Good Access
27043,Faribault County,MN,47.4,5.3,2.5121999999999995,13909.0,MN,FARIBAULT,0.0,,-1.0,1.256242621759617,0.0,1.256242621759617,0.35107166970820297,0.648928330291797,VALID,428.0,Good Access
27045,Fillmore County,MN,48.9,7.8,3.8142,21346.0,MN,FILLMORE,0.0,,-1.0,1.5715698839902041,0.0,1.5715698839902041,0.4391935551929892,0.5608064448070108,VALID,877.0,Good Access
27047,Freeborn County,MN,60.9,5.7,3.4713,30752.0,MN,FREEBORN,1.0,12.8,1.0,1.49767919408378,0.6931471805599453,1.0929491327503835,0.3054373974378904,0.6945626025621097,VALID,248.0,Good Access
27049,Goodhue County,MN,56.5,5.2,2.938,47844.0,MN,GOODHUE,0.0,,-1.0,1.3706729802169337,0.0,1.3706729802169337,0.3830505695744149,0.6169494304255851,VALID,593.0,Good Access
27051,Grant County,MN,57.9,4.3,2.4897,6108.0,MN,GRANT,0.0,,-1.0,1.2498157726341863,0.0,1.2498157726341863,0.3492756116742324,0.6507243883257676,INSUFFICIENT DATA,,
27053,Hennepin County,MN,62.0,4.5,2.79,1268903.0,MN,HENNEPIN,6.0,12.783333333333333,0.3333333333333333,1.332366019094335,1.0986122886681096,0.7616905485152651,0.21286331799000194,0.7871366820099981,VALID,62.0,Highest Access
27055,Houston County,MN,63.1,3.7,2.3347,18768.0,MN,HOUSTON,0.0,,-1.0,1.2043827202989026,0.0,1.2043827202989026,0.3365788146805539,0.663421185319446,VALID,367.0,Good Access
27057,Hubbard County,MN,45.7,5.2,2.3764000000000003,21700.0,MN,HUBBARD,0.0,,-1.0,1.216810053127428,0.0,1.216810053127428,0.340051777952584,0.659948222047416,VALID,381.0,Good Access
27059,Isanti County,MN,63.4,5.4,3.4236,41934.0,MN,ISANTI,0.0,,-1.0,1.486953844219068,0.0,1.486953844219068,0.4155466148233503,0.5844533851766497,VALID,745.0,Good Access
27061,Itasca County,MN,75.1,5.0,3.755,45141.0,MN,ITASCA,1.0,12.6,-0.3333333333333333,1.5591966959973536,0.0,1.5591966959973536,0.43573572332753385,0.5642642766724661,VALID,856.0,Good Access
27063,Jackson County,MN,55.7,3.6,2.0052000000000003,9964.0,MN,JACKSON,0.0,,-1.0,1.1003441215128686,0.0,1.1003441215128686,0.30750401339833483,0.6924959866016651,INSUFFICIENT DATA,,
27065,Kanabec County,MN,65.5,5.0,3.275,16261.0,MN,KANABEC,0.0,,-1.0,1.4527841023887236,0.0,1.4527841023887236,0.4059974814711684,0.5940025185288316,VALID,702.0,Good Access
27067,Kandiyohi County,MN,50.7,6.9,3.4983000000000004,43757.0,MN,KANDIYOHI,1.0,14.2,0.0,1.503699547622495,0.0,1.503699547622495,0.4202263971778487,0.5797736028221513,VALID,772.0,Good Access
27069,Kittson County,MN,56.3,3.8,2.1394,4163.0,MN,KITTSON,0.0,,-1.0,1.1440316988589696,0.0,1.1440316988589696,0.31971301702449645,0.6802869829755036,INSUFFICIENT DATA,,
27071,Koochiching County,MN,75.9,5.0,3.795,11950.0,MN,KOOCHICHING,0.0,,-1.0,1.5675737083354015,0.0,1.5675737083354015,0.4380767772431902,0.5619232227568098,VALID,869.0,Good Access
27073,Lac qui Parle County,MN,65.5,3.8,2.489,6694.0,MN,LAC QUI PARLE,0.0,,-1.0,1.249615162204637,0.0,1.249615162204637,0.3492195487471808,0.6507804512528192,INSUFFICIENT DATA,,
27075,Lake County,MN,77.6,4.9,3.8024,10911.0,MN,LAKE,0.0,,-1.0,1.5691157929554964,0.0,1.5691157929554964,0.43850773079709027,0.5614922692029097,VALID,872.0,Good Access
27077,Lake of the Woods County,MN,65.3,4.4,2.8732,3800.0,MN,LAKE OF THE WOODS,0.0,,-1.0,1.354081038755239,0.0,1.354081038755239,0.37841375779000114,0.6215862422099989,INSUFFICIENT DATA,,
27079,Le Sueur County,MN,58.0,5.7,3.306,28936.0,MN,LE SUEUR,0.0,,-1.0,1.4600093989421712,0.0,1.4600093989421712,0.40801667496231325,0.5919833250376867,VALID,709.0,Good Access
27081,Lincoln County,MN,67.6,5.3,3.5828,5594.0,MN,LINCOLN,0.0,,-1.0,1.5223101650373339,0.0,1.5223101650373339,0.425427351529307,0.574572648470693,INSUFFICIENT DATA,,
27083,Lyon County,MN,57.8,6.4,3.6992,25498.0,MN,LYON,0.0,,-1.0,1.5473922814622185,0.0,1.5473922814622185,0.43243684184636516,0.5675631581536349,VALID,838.0,Good Access
27085,McLeod County,MN,64.1,5.2,3.3332,36771.0,MN,MCLEOD,0.0,,-1.0,1.4663062990892755,0.0,1.4663062990892755,0.40977641723688535,0.5902235827631146,VALID,717.0,Good Access
27087,Mahnomen County,MN,59.3,12.3,7.2939,5371.0,MN,MAHNOMEN,0.0,,-1.0,2.115520304842896,0.0,2.115520304842896,0.5912068519714005,0.40879314802859945,INSUFFICIENT DATA,,
27089,Marshall County,MN,59.1,3.9,2.3049,8961.0,MN,MARSHALL,0.0,,-1.0,1.19540621565981,0.0,1.19540621565981,0.33407022564114086,0.6659297743588591,INSUFFICIENT DATA,,
27091,Martin County,MN,68.7,4.5,3.0915000000000004,19864.0,MN,MARTIN,1.0,12.2,1.0,1.4089116509852995,0.6931471805599453,1.028169966671884,0.2873341030554494,0.7126658969445506,VALID,200.0,Highest Access
27093,Meeker County,MN,60.9,5.7,3.4713,23422.0,MN,MEEKER,0.0,,-1.0,1.49767919408378,0.0,1.49767919408378,0.4185439390822064,0.5814560609177937,VALID,763.0,Good Access
27095,Mille Lacs County,MN,68.6,5.1,3.4986,26912.0,MN,MILLE LACS,0.0,,-1.0,1.5037662372600615,0.0,1.5037662372600615,0.4202450343757969,0.5797549656242031,VALID,773.0,Good Access
27097,Morrison County,MN,60.8,4.0,2.432,34131.0,MN,MORRISON,0.0,,-1.0,1.233143181625716,0.0,1.233143181625716,0.34461626143223295,0.655383738567767,VALID,403.0,Good Access
27099,Mower County,MN,51.9,6.1,3.1659,40069.0,MN,MOWER,0.0,,-1.0,1.426932338710069,0.0,1.426932338710069,0.3987729042419269,0.6012270957580731,VALID,666.0,Good Access
27101,Murray County,MN,53.2,4.5,2.394,8119.0,MN,MURRAY,0.0,,-1.0,1.2220091668120345,0.0,1.2220091668120345,0.34150473098143524,0.6584952690185648,INSUFFICIENT DATA,,
27103,Nicollet County,MN,81.7,3.7,3.0229000000000004,34350.0,MN,NICOLLET,0.0,,-1.0,1.3920030355868722,0.0,1.3920030355868722,0.38901150261711315,0.6109884973828869,VALID,616.0,Good Access
27105,Nobles County,MN,47.3,13.6,6.432799999999999,22067.0,MN,NOBLES,0.0,,-1.0,2.0059026383449656,0.0,2.0059026383449656,0.5605729150707075,0.4394270849292925,VALID,1495.0,Moderate Access
27107,Norman County,MN,59.0,5.9,3.4810000000000003,6411.0,MN,NORMAN,0.0,,-1.0,1.4998462358040061,0.0,1.4998462358040061,0.41914954419531864,0.5808504558046814,INSUFFICIENT DATA,,
27109,Olmsted County,MN,47.4,3.9,1.8486,163425.0,MN,OLMSTED,1.0,10.1,0.0,1.0468276455183487,0.0,1.0468276455183487,0.29254820927350855,0.7074517907264914,VALID,212.0,Highest Access
27111,Otter Tail County,MN,59.6,5.6,3.3376,60281.0,MN,OTTER TAIL,1.0,14.9,-0.3333333333333333,1.4673211997622642,0.0,1.4673211997622642,0.41006004308087646,0.5899399569191235,VALID,719.0,Good Access
27113,Pennington County,MN,58.1,4.0,2.324,13877.0,MN,PENNINGTON,0.0,,-1.0,1.2011688769932016,0.0,1.2011688769932016,0.33568066864095164,0.6643193313590483,VALID,362.0,Good Access
27115,Pine County,MN,63.6,5.6,3.5616,29411.0,MN,PINE,0.0,,-1.0,1.5176734391762705,0.0,1.5176734391762705,0.42413156434470833,0.5758684356552917,VALID,793.0,Good Access
27117,Pipestone County,MN,76.9,6.4,4.921600000000001,9352.0,MN,PIPESTONE,0.0,,-1.0,1.7786066826497546,0.0,1.7786066826497546,0.49705240613265883,0.5029475938673411,INSUFFICIENT DATA,,
27119,Polk County,MN,61.1,4.9,2.9939000000000004,30905.0,MN,POLK,0.0,,-1.0,1.3847681971238441,0.0,1.3847681971238441,0.3869896425279158,0.6130103574720842,VALID,607.0,Good Access
27121,Pope County,MN,52.8,3.4,1.7952,11363.0,MN,POPE,0.0,,-1.0,1.027903660397655,0.0,1.027903660397655,0.2872596806574763,0.7127403193425237,VALID,199.0,Highest Access
27123,Ramsey County,MN,78.5,5.2,4.082,544438.0,MN,RAMSEY,3.0,12.200000000000001,0.5,1.6257048848979723,0.9162907318741551,1.0449455360004218,0.2920222317914623,0.7079777682085377,VALID,211.0,Highest Access
27125,Red Lake County,MN,66.2,2.5,1.655,3922.0,MN,RED LAKE,0.0,,-1.0,0.9764446546939022,0.0,0.9764446546939022,0.27287886063034195,0.727121139369658,INSUFFICIENT DATA,,
27127,Redwood County,MN,52.6,6.9,3.6294,15383.0,MN,REDWOOD,0.0,,-1.0,1.5324272700678514,0.0,1.5324272700678514,0.42825469466681493,0.5717453053331851,VALID,818.0,Good Access
27129,Renville County,MN,69.1,4.2,2.9022,14587.0,MN,RENVILLE,0.0,,-1.0,1.3615404966536613,0.0,1.3615404966536613,0.3804983904032848,0.6195016095967152,VALID,580.0,Good Access
27131,Rice County,MN,60.9,6.4,3.8976,67389.0,MN,RICE,0.0,,-1.0,1.588745289209011,0.0,1.588745289209011,0.4439934227373936,0.5560065772626064,VALID,903.0,Good Access
27133,Rock County,MN,68.0,4.9,3.3320000000000003,9628.0,MN,ROCK,0.0,,-1.0,1.4660293291387443,0.0,1.4660293291387443,0.40969901475005066,0.5903009852499493,INSUFFICIENT DATA,,
27135,Roseau County,MN,59.9,4.3,2.5757,15301.0,MN,ROSEAU,0.0,,-1.0,1.2741609611746356,0.0,1.2741609611746356,0.35607915888892955,0.6439208411110704,VALID,455.0,Good Access
27137,St. Louis County,MN,77.7,3.6,2.7972,200056.0,MN,ST. LOUIS,2.0,14.15,-0.5,1.3342639530255065,0.0,1.3342639530255065,0.3728756417800994,0.6271243582199006,VALID,540.0,Good Access
27139,Scott County,MN,62.0,3.4,2.108,152957.0,MN,SCOTT,1.0,11.2,0.0,1.1339794325054011,0.0,1.1339794325054011,0.31690379381237865,0.6830962061876213,VALID,292.0,Good Access
27141,Sherburne County,MN,63.9,3.7,2.3643,99178.0,MN,SHERBURNE,0.0,,-1.0,1.213219917682599,0.0,1.213219917682599,0.33904847268076543,0.6609515273192346,VALID,375.0,Good Access
27143,Sibley County,MN,63.0,4.2,2.6460000000000004,14933.0,MN,SIBLEY,0.0,,-1.0,1.2936306762564713,0.0,1.2936306762564713,0.36152019811505365,0.6384798018849464,VALID,484.0,Good Access
27145,Stearns County,MN,56.2,4.6,2.5852,159358.0,MN,STEARNS,1.0,11.3,-0.6,1.2768142605010695,0.0,1.2768142605010695,0.3568206543680927,0.6431793456319073,VALID,460.0,Good Access
27147,Steele County,MN,56.2,3.6,2.0232,37413.0,MN,STEELE,1.0,13.2,1.0,1.1063158730531422,0.6931471805599453,0.807347113305612,0.22562257814918715,0.7743774218508128,VALID,78.0,Highest Access
27149,Stevens County,MN,57.7,4.9,2.8273,9686.0,MN,STEVENS,0.0,,-1.0,1.3421595937553126,0.0,1.3421595937553126,0.37508217077888983,0.6249178292211102,INSUFFICIENT DATA,,
27151,Swift County,MN,54.2,6.4,3.4688000000000003,9787.0,MN,SWIFT,0.0,,-1.0,1.4971199162087754,0.0,1.4971199162087754,0.41838764234938763,0.5816123576506124,INSUFFICIENT DATA,,
27153,Todd County,MN,57.3,9.4,5.3862,25402.0,MN,TODD,0.0,,-1.0,1.854139412311415,0.0,1.854139412311415,0.5181609094270261,0.4818390905729739,VALID,1278.0,Moderate Access
27155,Traverse County,MN,47.8,3.2,1.5296,3279.0,MN,TRAVERSE,0.0,,-1.0,0.9280611874730705,0.0,0.9280611874730705,0.25935753574510834,0.7406424642548917,INSUFFICIENT DATA,,
27157,Wabasha County,MN,53.5,3.9,2.0865,21519.0,MN,WABASHA,0.0,,-1.0,1.1270377628518136,0.0,1.1270377628518136,0.3149638631702912,0.6850361368297089,VALID,284.0,Good Access
27159,Wadena County,MN,68.9,5.7,3.9273,14135.0,MN,WADENA,0.0,,-1.0,1.5947911706872622,0.0,1.5947911706872622,0.4456830149138273,0.5543169850861727,VALID,912.0,Good Access
27161,Waseca County,MN,54.4,3.8,2.0672,18958.0,MN,WASECA,0.0,,-1.0,1.120765093309243,0.0,1.120765093309243,0.31321089242109507,0.686789107578905,VALID,276.0,Good Access
27163,Washington County,MN,67.2,3.4,2.2848,272298.0,MN,WASHINGTON,2.0,12.95,1.0,1.1893057672825322,1.0986122886681096,0.6799054833667754,0.19000752653575484,0.8099924734642452,VALID,38.0,Highest Access
27165,Watonwan County,MN,74.3,12.0,8.915999999999999,11169.0,MN,WATONWAN,0.0,,-1.0,2.294149614172944,0.0,2.294149614172944,0.641126898305669,0.35887310169433095,VALID,1869.0,Low Access
27167,Wilkin County,MN,54.3,3.7,2.0091,6413.0,MN,WILKIN,0.0,,-1.0,1.1016410307281193,0.0,1.1016410307281193,0.3078664498224551,0.692133550177545,INSUFFICIENT DATA,,
27169,Winona County,MN,70.4,5.1,3.5904000000000003,49705.0,MN,WINONA,1.0,13.2,1.0,1.5239671662449634,0.6931471805599453,1.112133091831092,0.3107985788127466,0.6892014211872535,VALID,270.0,Good Access
27171,Wright County,MN,61.7,4.5,2.7765000000000004,145270.0,MN,WRIGHT,1.0,12.3,-0.3333333333333333,1.3287976547713658,0.0,1.3287976547713658,0.3713480209033963,0.6286519790966036,VALID,531.0,Good Access
27173,Yellow Medicine County,MN,61.5,4.1,2.5215,9509.0,MN,YELLOW MEDICINE,0.0,,-1.0,1.258887035203328,0.0,1.258887035203328,0.3518106819236793,0.6481893180763207,INSUFFICIENT DATA,,
00027,Minnesota,MN,63.5,,,,MN,MINNESOTA,0.0,,-1.0,,0.0,,,,VALID,,
29001,Adair County,MO,72.4,8.2,5.9368,25224.0,MO,ADAIR,0.0,,-1.0,1.9368405730808136,0.0,1.9368405730808136,0.5412727144997208,0.4587272855002792,VALID,1406.0,Moderate Access
29003,Andrew County,MO,57.8,6.0,3.4679999999999995,18086.0,MO,ANDREW,0.0,,-1.0,1.4969408812069542,0.0,1.4969408812069542,0.4183376089275495,0.5816623910724505,VALID,760.0,Good Access
29005,Atchison County,MO,89.7,12.0,10.764,5216.0,MO,ATCHISON,0.0,,-1.0,2.4650440206917485,0.0,2.4650440206917485,0.6888853357294149,0.3111146642705851,INSUFFICIENT DATA,,
29007,Audrain County,MO,69.0,14.5,10.005,24688.0,MO,AUDRAIN,0.0,,-1.0,2.398349714978425,0.0,2.398349714978425,0.6702468332130704,0.32975316678692956,VALID,1996.0,Low Access
29009,Barry County,MO,69.4,12.9,8.9526,34831.0,MO,BARRY,0.0,,-1.0,2.297833823568559,0.0,2.297833823568559,0.6421564936415298,0.3578435063584702,VALID,1875.0,Low Access
29011,Barton County,MO,83.4,10.9,9.0906,11685.0,MO,BARTON,0.0,,-1.0,2.3116042974142057,0.0,2.3116042974142057,0.6460048133545585,0.3539951866454415,VALID,1891.0,Low Access
29013,Bates County,MO,77.2,10.8,8.337600000000002,16121.0,MO,BATES,0.0,,-1.0,2.234049259906275,0.0,2.234049259906275,0.6243311525182033,0.37566884748179674,VALID,1803.0,Low Access
29015,Benton County,MO,73.5,9.6,7.056,19887.0,MO,BENTON,0.0,,-1.0,2.086417155416261,0.0,2.086417155416261,0.5830736370286814,0.4169263629713186,VALID,1614.0,Moderate Access
29017,Bollinger County,MO,73.2,8.8,6.441600000000001,10591.0,MO,BOLLINGER,0.0,,-1.0,2.0070858794876956,0.0,2.0070858794876956,0.5609035856246677,0.4390964143753323,VALID,1498.0,Moderate Access
29019,Boone County,MO,65.3,6.3,4.1139,185874.0,MO,BOONE,2.0,14.8,-0.25,1.6319623225127726,0.0,1.6319623225127726,0.4560709273364135,0.5439290726635865,VALID,970.0,Good Access
29021,Buchanan County,MO,85.4,12.1,10.3334,83855.0,MO,BUCHANAN,1.0,17.5,-0.5,2.427754118283692,0.0,2.427754118283692,0.6784642370698939,0.3215357629301061,VALID,2026.0,Low Access
29023,Butler County,MO,91.0,13.3,12.103,42166.0,MO,BUTLER,1.0,14.5,0.0,2.5728412116224484,0.0,2.5728412116224484,0.7190105194752793,0.2809894805247207,VALID,2161.0,Low Access
29025,Caldwell County,MO,81.9,10.7,8.763300000000001,8890.0,MO,CALDWELL,0.0,,-1.0,2.2786304580311874,0.0,2.2786304580311874,0.6367898889057513,0.3632101110942487,INSUFFICIENT DATA,,
29027,Callaway County,MO,69.5,8.5,5.9075,44541.0,MO,CALLAWAY,0.0,,-1.0,1.9326077778154345,0.0,1.9326077778154345,0.5400898104367555,0.4599101895632445,VALID,1397.0,Moderate Access
29029,Camden County,MO,73.2,11.6,8.4912,43416.0,MO,CAMDEN,1.0,14.0,0.0,2.250365053521421,0.0,2.250365053521421,0.62889079156234,0.37110920843766004,VALID,1815.0,Low Access
29031,Cape Girardeau County,MO,69.2,7.1,4.9132,82180.0,MO,CAPE GIRARDEAU,2.0,16.5,0.0,1.7771871400447976,0.0,1.7771871400447976,0.4966556983758036,0.5033443016241964,VALID,1168.0,Moderate Access
29033,Carroll County,MO,76.4,7.5,5.73,8459.0,MO,CARROLL,0.0,,-1.0,1.9065751436566365,0.0,1.9065751436566365,0.532814686839826,0.467185313160174,INSUFFICIENT DATA,,
29035,Carter County,MO,96.8,14.2,13.7456,5269.0,MO,CARTER,0.0,,-1.0,2.690944733199271,0.0,2.690944733199271,0.7520159276665067,0.2479840723334933,INSUFFICIENT DATA,,
29037,Cass County,MO,71.4,7.8,5.5692,109393.0,MO,CASS,1.0,12.0,0.0,1.8823920594812689,0.0,1.8823920594812689,0.5260564415828323,0.47394355841716773,VALID,1326.0,Moderate Access
29039,Cedar County,MO,90.1,14.9,13.4249,14440.0,MO,CEDAR,0.0,,-1.0,2.6689558799611217,0.0,2.6689558799611217,0.7458708858668002,0.25412911413319983,VALID,2231.0,Lowest Access
29041,Chariton County,MO,71.2,7.4,5.2688,7406.0,MO,CHARITON,0.0,,-1.0,1.8355849487680844,0.0,1.8355849487680844,0.5129756479306656,0.48702435206933437,INSUFFICIENT DATA,,
29043,Christian County,MO,69.9,8.1,5.6619,91229.0,MO,CHRISTIAN,0.0,,-1.0,1.896404729151474,0.0,1.896404729151474,0.5299724457471375,0.47002755425286247,VALID,1345.0,Moderate Access
29045,Clark County,MO,81.7,11.0,8.987,6680.0,MO,CLARK,0.0,,-1.0,2.301284247260998,0.0,2.301284247260998,0.6431207548327387,0.3568792451672613,INSUFFICIENT DATA,,
29047,Clay County,MO,72.5,7.3,5.2925,255566.0,MO,CLAY,2.0,13.2,0.3333333333333333,1.839358448027334,0.5108256237659907,1.473038768533663,0.41165788443769563,0.5883421155623043,VALID,725.0,Good Access
29049,Clinton County,MO,76.8,9.3,7.1424,21259.0,MO,CLINTON,0.0,,-1.0,2.097084976852431,0.0,2.097084976852431,0.5860548842964259,0.41394511570357406,VALID,1631.0,Moderate Access
29051,Cole County,MO,62.5,6.7,4.1875,76924.0,MO,COLE,1.0,13.7,1.0,1.6462518855568167,0.6931471805599453,1.2013718142814473,0.33573738183583646,0.6642626181641635,VALID,364.0,Good Access
29053,Cooper County,MO,67.7,8.7,5.8899,16835.0,MO,COOPER,0.0,,-1.0,1.9300565711321425,0.0,1.9300565711321425,0.539376845938847,0.46062315406115295,VALID,1389.0,Moderate Access
29055,Crawford County,MO,76.8,13.3,10.2144,22890.0,MO,CRAWFORD,0.0,,-1.0,2.417198666763923,0.0,2.417198666763923,0.6755143928874233,0.3244856071125767,VALID,2018.0,Low Access
29057,Dade County,MO,73.3,10.7,7.8431,7627.0,MO,DADE,0.0,,-1.0,2.179637493909168,0.0,2.179637493909168,0.6091251491479152,0.39087485085208484,INSUFFICIENT DATA,,
29059,Dallas County,MO,75.7,16.2,12.2634,17344.0,MO,DALLAS,0.0,,-1.0,2.585008362146635,0.0,2.585008362146635,0.7224107717642313,0.2775892282357687,VALID,2170.0,Low Access
29061,Daviess County,MO,74.1,15.3,11.3373,8449.0,MO,DAVIESS,0.0,,-1.0,2.51262719388859,0.0,2.51262719388859,0.702183009104667,0.297816990895333,INSUFFICIENT DATA,,
29063,DeKalb County,MO,72.8,8.6,6.2608,11176.0,MO,DEKALB,0.0,,-1.0,1.9824900156033856,0.0,1.9824900156033856,0.5540299842580101,0.4459700157419899,VALID,1468.0,Moderate Access
29065,Dent County,MO,86.6,12.2,10.5652,14506.0,MO,DENT,0.0,,-1.0,2.4480005890920205,0.0,2.4480005890920205,0.6841223497539088,0.31587765024609116,VALID,2046.0,Low Access
29067,Douglas County,MO,89.6,11.3,10.1248,11850.0,MO,DOUGLAS,0.0,,-1.0,2.4091768503626163,0.0,2.4091768503626163,0.6732726026238874,0.32672739737611256,VALID,2014.0,Low Access
29069,Dunklin County,MO,120.9,16.1,19.464900000000004,27795.0,MO,DUNKLIN,0.0,,-1.0,3.018711223541028,0.0,3.018711223541028,0.8436141006989584,0.15638589930104163,VALID,2393.0,Lowest Access
29071,Franklin County,MO,72.9,7.7,5.613300000000001,105316.0,MO,FRANKLIN,1.0,12.8,0.0,1.889082772853334,0.0,1.889082772853334,0.5279262395616492,0.4720737604383508,VALID,1336.0,Moderate Access
29073,Gasconade County,MO,74.9,7.2,5.392800000000001,14774.0,MO,GASCONADE,0.0,,-1.0,1.8551723570781162,0.0,1.8551723570781162,0.5184495779037047,0.4815504220962953,VALID,1280.0,Moderate Access
29075,Gentry County,MO,56.6,13.2,7.4712,6224.0,MO,GENTRY,0.0,,-1.0,2.1366721751341076,0.0,2.1366721751341076,0.5971179891131938,0.4028820108868062,INSUFFICIENT DATA,,
29077,Greene County,MO,68.6,11.5,7.888999999999999,301121.0,MO,GREENE,2.0,14.2,0.0,2.184814557259538,0.0,2.184814557259538,0.6105719399533837,0.38942806004661634,VALID,1740.0,Low Access
29079,Grundy County,MO,72.0,17.0,12.24,9822.0,MO,GRUNDY,0.0,,-1.0,2.5832425505088623,0.0,2.5832425505088623,0.7219172950827963,0.27808270491720366,INSUFFICIENT DATA,,
29081,Harrison County,MO,78.0,7.7,6.006,8198.0,MO,HARRISON,0.0,,-1.0,1.9467669247752952,0.0,1.9467669247752952,0.5440467493900601,0.45595325060993985,INSUFFICIENT DATA,,
29083,Henry County,MO,74.5,10.9,8.1205,22194.0,MO,HENRY,1.0,12.1,0.0,2.210524627144832,0.0,2.210524627144832,0.6177569191975221,0.38224308080247793,VALID,1772.0,Low Access
29085,Hickory County,MO,79.6,10.3,8.1988,8501.0,MO,HICKORY,0.0,,-1.0,2.21907304076503,0.0,2.21907304076503,0.620145873202916,0.37985412679708397,INSUFFICIENT DATA,,
29087,Holt County,MO,87.0,9.5,8.265,4254.0,MO,HOLT,0.0,,-1.0,2.2262438597373233,0.0,2.2262438597373233,0.6221498422978764,0.3778501577021236,INSUFFICIENT DATA,,
29089,Howard County,MO,64.9,8.2,5.3218,10141.0,MO,HOWARD,0.0,,-1.0,1.8440039777346435,0.0,1.8440039777346435,0.5153284438837846,0.4846715561162154,VALID,1262.0,Moderate Access
29091,Howell County,MO,102.1,14.2,14.4982,40168.0,MO,HOWELL,1.0,13.8,0.0,2.7407238881494447,0.0,2.7407238881494447,0.7659272937850532,0.2340727062149468,VALID,2270.0,Lowest Access
29093,Iron County,MO,83.9,11.0,9.229,9482.0,MO,IRON,0.0,,-1.0,2.3252268234748703,0.0,2.3252268234748703,0.6498117873314979,0.3501882126685021,INSUFFICIENT DATA,,
29095,Jackson County,MO,74.3,11.3,8.395900000000001,717021.0,MO,JACKSON,7.0,12.328571428571427,0.16666666666666666,2.240273423913296,0.7731898882334817,1.5649553116047432,0.43734503570197175,0.5626549642980283,VALID,863.0,Good Access
29097,Jasper County,MO,83.5,12.8,10.688,123532.0,MO,JASPER,2.0,15.25,0.3333333333333333,2.4585626744483986,0.5108256237659907,1.9689246205470874,0.5502389762073556,0.4497610237926444,VALID,1456.0,Moderate Access
29099,Jefferson County,MO,77.2,7.3,5.6356,228227.0,MO,JEFFERSON,2.0,13.25,1.0,1.892449093235983,1.0986122886681096,1.081880329583873,0.3023440911433664,0.6976559088566336,VALID,240.0,Highest Access
29101,Johnson County,MO,74.2,9.5,7.049,54331.0,MO,JOHNSON,0.0,,-1.0,2.0855478601115967,0.0,2.0855478601115967,0.5828307023050923,0.41716929769490774,VALID,1612.0,Moderate Access
29103,Knox County,MO,81.2,24.4,19.8128,3760.0,MO,KNOX,0.0,,-1.0,3.03556818205119,0.0,3.03556818205119,0.8483249745921521,0.15167502540784794,INSUFFICIENT DATA,,
29105,Laclede County,MO,121.0,11.2,13.551999999999998,36245.0,MO,LACLEDE,0.0,,-1.0,2.677728441215821,0.0,2.677728441215821,0.7483224805460118,0.2516775194539882,VALID,2232.0,Lowest Access
29107,Lafayette County,MO,74.9,9.0,6.7410000000000005,32974.0,MO,LAFAYETTE,0.0,,-1.0,2.0465308782225766,0.0,2.0465308782225766,0.5719269511176294,0.42807304888237063,VALID,1548.0,Moderate Access
29109,Lawrence County,MO,70.9,15.3,10.8477,38392.0,MO,LAWRENCE,0.0,,-1.0,2.4721337559156855,0.0,2.4721337559156855,0.6908666450240879,0.3091333549759121,VALID,2068.0,Low Access
29111,Lewis County,MO,81.6,10.6,8.6496,9945.0,MO,LEWIS,0.0,,-1.0,2.266916463714585,0.0,2.266916463714585,0.6335162764104821,0.36648372358951786,INSUFFICIENT DATA,,
29113,Lincoln County,MO,80.6,9.0,7.254,61636.0,MO,LINCOLN,0.0,,-1.0,2.11069793133039,0.0,2.11069793133039,0.5898591833828116,0.4101408166171884,VALID,1654.0,Moderate Access
29115,Linn County,MO,69.8,9.8,6.840400000000001,11850.0,MO,LINN,0.0,,-1.0,2.059289853468983,0.0,2.059289853468983,0.5754925957359017,0.4245074042640983,VALID,1574.0,Moderate Access
29117,Livingston County,MO,76.3,10.7,8.1641,14330.0,MO,LIVINGSTON,0.0,,-1.0,2.215293676797097,0.0,2.215293676797097,0.6190896858107077,0.38091031418929233,VALID,1779.0,Low Access
29119,McDonald County,MO,87.5,20.4,17.849999999999998,23492.0,MO,MCDONALD,0.0,,-1.0,2.9365129138940196,0.0,2.9365129138940196,0.820642823244173,0.17935717675582696,VALID,2366.0,Lowest Access
29121,Macon County,MO,69.4,12.6,8.7444,15163.0,MO,MACON,0.0,,-1.0,2.276692761028096,0.0,2.276692761028096,0.6362483768518846,0.3637516231481154,VALID,1852.0,Low Access
29123,Madison County,MO,77.9,13.6,10.5944,12665.0,MO,MADISON,0.0,,-1.0,2.4505222229261694,0.0,2.4505222229261694,0.6848270497738042,0.31517295022619585,VALID,2050.0,Low Access
29125,Maries County,MO,78.1,8.5,6.638499999999999,8435.0,MO,MARIES,0.0,,-1.0,2.0332012488236404,0.0,2.0332012488236404,0.5682018305329438,0.4317981694670562,INSUFFICIENT DATA,,
29127,Marion County,MO,86.6,7.9,6.8414,28493.0,MO,MARION,1.0,13.8,1.0,2.059417389848908,0.6931471805599453,1.502884235220611,0.4199985486067962,0.5800014513932038,VALID,770.0,Good Access
29129,Mercer County,MO,73.8,10.1,7.4538,3501.0,MO,MERCER,0.0,,-1.0,2.1346160444244915,0.0,2.1346160444244915,0.5965433793770967,0.40345662062290333,INSUFFICIENT DATA,,
29131,Miller County,MO,70.2,10.9,7.651800000000001,25081.0,MO,MILLER,0.0,,-1.0,2.157767391781099,0.0,2.157767391781099,0.6030132937325691,0.39698670626743093,VALID,1709.0,Low Access
29133,Mississippi County,MO,108.8,11.1,12.0768,12079.0,MO,MISSISSIPPI,0.0,,-1.0,2.5708396677797283,0.0,2.5708396677797283,0.7184511646765432,0.28154883532345676,VALID,2158.0,Low Access
29135,Moniteau County,MO,68.2,16.1,10.980200000000002,15303.0,MO,MONITEAU,0.0,,-1.0,2.48325528703877,0.0,2.48325528703877,0.6939746867617771,0.3060253132382229,VALID,2073.0,Low Access
29137,Monroe County,MO,77.1,11.5,8.8665,8672.0,MO,MONROE,0.0,,-1.0,2.2891451806273437,0.0,2.2891451806273437,0.6397283509149296,0.36027164908507037,INSUFFICIENT DATA,,
29139,Montgomery County,MO,84.8,10.0,8.48,11422.0,MO,MONTGOMERY,0.0,,-1.0,2.2491843162669305,0.0,2.2491843162669305,0.6285608207491861,0.37143917925081393,VALID,1814.0,Low Access
29141,Morgan County,MO,74.0,24.6,18.204,21430.0,MO,MORGAN,0.0,,-1.0,2.955118590668694,0.0,2.955118590668694,0.8258423968760459,0.17415760312395412,VALID,2371.0,Lowest Access
29143,New Madrid County,MO,122.4,12.7,15.5448,16041.0,MO,NEW MADRID,0.0,,-1.0,2.80607185305633,0.0,2.80607185305633,0.7841895456419108,0.2158104543580892,VALID,2309.0,Lowest Access
29145,Newton County,MO,86.9,13.2,11.4708,59490.0,MO,NEWTON,0.0,,-1.0,2.523389911603694,0.0,2.523389911603694,0.7051907762456571,0.29480922375434293,VALID,2112.0,Low Access
29147,Nodaway County,MO,55.6,8.2,4.5592,20959.0,MO,NODAWAY,0.0,,-1.0,1.7154542130179804,0.0,1.7154542130179804,0.47940371106707613,0.5205962889329239,VALID,1087.0,Moderate Access
29149,Oregon County,MO,96.0,18.2,17.471999999999998,8704.0,MO,OREGON,0.0,,-1.0,2.916256072052194,0.0,2.916256072052194,0.8149818122537456,0.18501818774625445,INSUFFICIENT DATA,,
29151,Osage County,MO,67.5,4.9,3.3075,13379.0,MO,OSAGE,0.0,,-1.0,1.4603576894199477,0.0,1.4603576894199477,0.4081140088032915,0.5918859911967085,VALID,710.0,Good Access
29153,Ozark County,MO,75.6,16.3,12.3228,8773.0,MO,OZARK,0.0,,-1.0,2.5894768532313828,0.0,2.5894768532313828,0.7236595437761227,0.27634045622387726,INSUFFICIENT DATA,,
29155,Pemiscot County,MO,89.1,13.0,11.583,15232.0,MO,PEMISCOT,0.0,,-1.0,2.5323466966098307,0.0,2.5323466966098307,0.7076938544033757,0.29230614559662427,VALID,2120.0,Low Access
29157,Perry County,MO,75.9,6.4,4.857600000000001,18947.0,MO,PERRY,0.0,,-1.0,1.7677399633838349,0.0,1.7677399633838349,0.49401557454387457,0.5059844254561254,VALID,1159.0,Moderate Access
29159,Pettis County,MO,71.5,11.9,8.5085,43205.0,MO,PETTIS,1.0,14.7,1.0,2.2521861354101937,0.6931471805599453,1.6435595107501453,0.4593118970089055,0.5406881029910945,VALID,987.0,Moderate Access
29161,Phelps County,MO,83.1,8.8,7.312799999999999,44948.0,MO,PHELPS,1.0,13.4,1.0,2.1177964955563,0.6931471805599453,1.5454870791445197,0.4319044108117696,0.5680955891882304,VALID,836.0,Good Access
29163,Pike County,MO,86.5,9.0,7.785,17623.0,MO,PIKE,0.0,,-1.0,2.1730457216390606,0.0,2.1730457216390606,0.6072830014153686,0.3927169985846314,VALID,1722.0,Low Access
29165,Platte County,MO,65.0,5.9,3.835,108751.0,MO,PLATTE,1.0,10.6,1.0,1.5758811289052577,0.6931471805599453,1.1500179210330597,0.32138593671174476,0.6786140632882552,VALID,309.0,Good Access
29167,Polk County,MO,77.0,14.5,11.165,32109.0,MO,POLK,1.0,13.2,1.0,2.498562976235486,0.6931471805599453,1.823355928817177,0.5095581055079714,0.4904418944920286,VALID,1241.0,Moderate Access
29169,Pulaski County,MO,87.6,10.4,9.1104,53850.0,MO,PULASKI,0.0,,-1.0,2.313564597037054,0.0,2.313564597037054,0.6465526419744454,0.3534473580255546,VALID,1893.0,Low Access
29171,Putnam County,MO,69.9,10.9,7.6191,4675.0,MO,PUTNAM,0.0,,-1.0,2.153980670872002,0.0,2.153980670872002,0.601955050357246,0.39804494964275405,INSUFFICIENT DATA,,
29173,Ralls County,MO,82.5,5.7,4.7025,10394.0,MO,RALLS,0.0,,-1.0,1.740904675176406,0.0,1.740904675176406,0.48651613990051973,0.5134838600994802,VALID,1120.0,Moderate Access
29175,Randolph County,MO,66.2,10.6,7.0172,24524.0,MO,RANDOLPH,0.0,,-1.0,2.081589233737295,0.0,2.081589233737295,0.5817244179401896,0.4182755820598104,VALID,1606.0,Moderate Access
29177,Ray County,MO,74.6,9.7,7.236199999999999,23149.0,MO,RAY,0.0,,-1.0,2.1085390725035316,0.0,2.1085390725035316,0.5892558650748021,0.4107441349251979,VALID,1649.0,Moderate Access
29179,Reynolds County,MO,96.6,13.4,12.9444,6058.0,MO,REYNOLDS,0.0,,-1.0,2.635077993979544,0.0,2.635077993979544,0.7364033150395365,0.2635966849604635,INSUFFICIENT DATA,,
29181,Ripley County,MO,84.2,16.5,13.893,10755.0,MO,RIPLEY,0.0,,-1.0,2.7008913039037306,0.0,2.7008913039037306,0.7547956129952803,0.2452043870047197,VALID,2250.0,Lowest Access
29183,St. Charles County,MO,67.6,4.3,2.9068,409830.0,MO,ST. CHARLES,4.0,12.45,0.6,1.3627186245911849,1.2237754316221157,0.7125453304724214,0.19912911294264582,0.8008708870573542,VALID,45.0,Highest Access
29185,St. Clair County,MO,87.3,12.7,11.087099999999998,9451.0,MO,ST. CLAIR,0.0,,-1.0,2.4921387681946303,0.0,2.4921387681946303,0.6964572793025722,0.3035427206974278,INSUFFICIENT DATA,,
29186,Ste. Genevieve County,MO,71.0,4.7,3.337,18551.0,MO,STE. GENEVIEVE,0.0,,-1.0,1.4671828648532292,0.0,1.4671828648532292,0.4100213837752195,0.5899786162247804,VALID,718.0,Good Access
29187,St. Francois County,MO,74.6,11.8,8.8028,66864.0,MO,ST. FRANCOIS,1.0,13.6,0.0,2.282668059153687,0.0,2.282668059153687,0.6379182436862205,0.3620817563137795,VALID,1856.0,Low Access
29189,St. Louis County County,MO,81.0,5.8,4.698,996618.0,MO,ST. LOUIS,7.0,11.385714285714286,0.15384615384615385,1.7401152360757166,0.7308875085427924,1.2442658791389276,0.34772462913126306,0.652275370868737,VALID,414.0,Good Access
29195,Saline County,MO,69.4,7.8,5.413200000000001,23177.0,MO,SALINE,0.0,,-1.0,1.8583583663325454,0.0,1.8583583663325454,0.5193399453926628,0.4806600546073372,VALID,1284.0,Moderate Access
29197,Schuyler County,MO,71.3,14.7,10.4811,4044.0,MO,SCHUYLER,0.0,,-1.0,2.440702205116422,0.0,2.440702205116422,0.6820827311292071,0.31791726887079286,INSUFFICIENT DATA,,
29199,Scotland County,MO,71.0,33.9,24.069000000000003,4698.0,MO,SCOTLAND,0.0,,-1.0,3.2216320230619178,0.0,3.2216320230619178,0.9003226876170944,0.09967731238290556,INSUFFICIENT DATA,,
29201,Scott County,MO,98.2,11.8,11.5876,37967.0,MO,SCOTT,1.0,16.6,1.0,2.5327122024023994,0.6931471805599453,1.8482767311296224,0.5165225147126549,0.48347748528734513,VALID,1269.0,Moderate Access
29203,Shannon County,MO,106.2,11.3,12.000600000000002,7137.0,MO,SHANNON,0.0,,-1.0,2.564995510242635,0.0,2.564995510242635,0.7168179466109825,0.2831820533890175,INSUFFICIENT DATA,,
29205,Shelby County,MO,84.6,10.0,8.46,6011.0,MO,SHELBY,0.0,,-1.0,2.247072383063787,0.0,2.247072383063787,0.6279706163546709,0.3720293836453291,INSUFFICIENT DATA,,
29207,Stoddard County,MO,109.4,11.8,12.9092,28547.0,MO,STODDARD,0.0,,-1.0,2.6325504917005627,0.0,2.6325504917005627,0.7356969750142073,0.2643030249857927,VALID,2200.0,Lowest Access
29209,Stone County,MO,64.6,9.4,6.0724,31697.0,MO,STONE,0.0,,-1.0,1.9561998848217972,0.0,1.9561998848217972,0.5466829002230716,0.45331709977692836,VALID,1438.0,Moderate Access
29211,Sullivan County,MO,69.8,8.6,6.0028,5903.0,MO,SULLIVAN,0.0,,-1.0,1.9463100690766402,0.0,1.9463100690766402,0.5439190757303989,0.4560809242696011,INSUFFICIENT DATA,,
29213,Taney County,MO,63.0,14.8,9.324000000000002,56382.0,MO,TANEY,1.0,13.6,1.0,2.3344712818563678,0.6931471805599453,1.7036080710839234,0.4760931683770308,0.5239068316229691,VALID,1067.0,Moderate Access
29215,Texas County,MO,108.9,15.7,17.0973,24956.0,MO,TEXAS,0.0,,-1.0,2.895762755873921,0.0,2.895762755873921,0.8092547157487034,0.19074528425129655,VALID,2345.0,Lowest Access
29217,Vernon County,MO,85.2,15.6,13.291200000000002,19713.0,MO,VERNON,0.0,,-1.0,2.659643963223647,0.0,2.659643963223647,0.7432685619999106,0.25673143800008935,VALID,2224.0,Lowest Access
29219,Warren County,MO,64.5,8.2,5.289,36467.0,MO,WARREN,0.0,,-1.0,1.8388020755613663,0.0,1.8388020755613663,0.5138747115792134,0.4861252884207866,VALID,1256.0,Moderate Access
29221,Washington County,MO,74.9,11.4,8.5386,23483.0,MO,WASHINGTON,0.0,,-1.0,2.2553467241671745,0.0,2.2553467241671745,0.6302829775949165,0.36971702240508353,VALID,1822.0,Low Access
29223,Wayne County,MO,95.2,13.9,13.2328,10942.0,MO,WAYNE,0.0,,-1.0,2.6555491601384285,0.0,2.6555491601384285,0.7421242214630163,0.25787577853698374,VALID,2219.0,Lowest Access
29225,Webster County,MO,83.4,13.4,11.1756,39868.0,MO,WEBSTER,0.0,,-1.0,2.4994339490685378,0.0,2.4994339490685378,0.6984960027831039,0.30150399721689614,VALID,2086.0,Low Access
29227,Worth County,MO,65.5,10.6,6.943,1956.0,MO,WORTH,0.0,,-1.0,2.072291037650995,0.0,2.072291037650995,0.5791259284694859,0.42087407153051415,INSUFFICIENT DATA,,
29229,Wright County,MO,99.1,15.7,15.558699999999998,18722.0,MO,WRIGHT,0.0,,-1.0,2.806911643460179,0.0,2.806911643460179,0.7844242348764404,0.21557576512355958,VALID,2310.0,Lowest Access
29510,St. Louis City,MO,87.2,9.3,8.1096,293109.0,MO,ST. LOUIS CITY,2.0,12.95,0.0,2.2093288025142583,0.0,2.2093288025142583,0.6174227320409474,0.38257726795905256,VALID,1771.0,Low Access
00029,Missouri,MO,77.1,,,,MO,MISSOURI,0.0,,-1.0,,0.0,,,,VALID,,
69000,Mariana Islands County,MP,121.2,,,,MP,MARIANA ISLANDS,0.0,,-1.0,,0.0,,,,VALID,,
00069,Northern Mariana Islands,MP,121.2,,,,MP,NORTHERN MARIANA ISLANDS,0.0,,-1.0,,0.0,,,,VALID,,
28001,Adams County,MS,115.4,11.6,13.386400000000002,29098.0,MS,ADAMS,1.0,12.9,1.0,2.66628331586885,0.6931471805599453,1.9457518334080974,0.5437630702543457,0.45623692974565433,VALID,1417.0,Moderate Access
28003,Alcorn County,MS,101.5,11.2,11.368,34500.0,MS,ALCORN,1.0,13.2,1.0,2.5151124918450662,0.6931471805599453,1.8354331338717582,0.5129332214851553,0.4870667785148447,VALID,1254.0,Moderate Access
28005,Amite County,MS,89.6,11.7,10.4832,12611.0,MS,AMITE,0.0,,-1.0,2.4408850976936702,0.0,2.4408850976936702,0.6821338425955431,0.3178661574044569,VALID,2037.0,Low Access
28007,Attala County,MS,120.6,9.1,10.9746,17685.0,MS,ATTALA,0.0,,-1.0,2.482787739816333,0.0,2.482787739816333,0.6938440252309508,0.3061559747690492,VALID,2072.0,Low Access
28009,Benton County,MS,84.9,13.3,11.2917,7592.0,MS,BENTON,0.0,,-1.0,2.5089242378526038,0.0,2.5089242378526038,0.7011481748012514,0.29885182519874864,INSUFFICIENT DATA,,
28011,Bolivar County,MS,149.5,13.6,20.332,30163.0,MS,BOLIVAR,1.0,13.1,1.0,3.0602082927383556,0.6931471805599453,2.2332232515455632,0.6241003148365604,0.37589968516343963,VALID,1800.0,Low Access
28013,Calhoun County,MS,110.2,10.7,11.7914,13029.0,MS,CALHOUN,0.0,,-1.0,2.548773070116414,0.0,2.548773070116414,0.7122843962894082,0.2877156037105918,VALID,2138.0,Low Access
28015,Carroll County,MS,116.9,8.5,9.9365,9828.0,MS,CARROLL,0.0,,-1.0,2.3921058189324578,0.0,2.3921058189324578,0.6685019035534863,0.33149809644651373,INSUFFICIENT DATA,,
28017,Chickasaw County,MS,120.6,11.0,13.265999999999998,16994.0,MS,CHICKASAW,0.0,,-1.0,2.657879083855846,0.0,2.657879083855846,0.7427753458522054,0.2572246541477946,VALID,2222.0,Lowest Access
28019,Choctaw County,MS,108.8,11.0,11.968,8172.0,MS,CHOCTAW,0.0,,-1.0,2.562484784433375,0.0,2.562484784433375,0.7161162949660147,0.2838837050339853,INSUFFICIENT DATA,,
28021,Claiborne County,MS,125.2,18.1,22.661200000000004,8908.0,MS,CLAIBORNE,0.0,,-1.0,3.1638365757763576,0.0,3.1638365757763576,0.8841710749997376,0.11582892500026243,INSUFFICIENT DATA,,
28023,Clarke County,MS,115.3,12.7,14.6431,15424.0,MS,CLARKE,0.0,,-1.0,2.7500299251948843,0.0,2.7500299251948843,0.7685279745033469,0.23147202549665313,VALID,2272.0,Lowest Access
28025,Clay County,MS,112.5,10.5,11.8125,18462.0,MS,CLAY,0.0,,-1.0,2.550421256898627,0.0,2.550421256898627,0.7127450013314597,0.2872549986685403,VALID,2140.0,Low Access
28027,Coahoma County,MS,155.0,13.2,20.46,20808.0,MS,COAHOMA,0.0,,-1.0,3.0661907372025525,0.0,3.0661907372025525,0.856882805206641,0.14311719479335905,VALID,2403.0,Lowest Access
28029,Copiah County,MS,97.0,14.0,13.58,27994.0,MS,COPIAH,0.0,,-1.0,2.6796507265805123,0.0,2.6796507265805123,0.748859685637567,0.251140314362433,VALID,2235.0,Lowest Access
28031,Covington County,MS,118.6,11.2,13.2832,18226.0,MS,COVINGTON,0.0,,-1.0,2.6590840214429607,0.0,2.6590840214429607,0.7431120797308967,0.25688792026910334,VALID,2223.0,Lowest Access
28033,DeSoto County,MS,93.3,8.3,7.7439,188598.0,MS,DESOTO,0.0,,-1.0,2.1683563143953006,0.0,2.1683563143953006,0.6059724918032185,0.39402750819678145,VALID,1717.0,Low Access
28035,Forrest County,MS,96.5,11.0,10.615,78027.0,MS,FORREST,1.0,13.2,1.0,2.4522973662223726,0.6931471805599453,1.7895930518674614,0.5001226752976141,0.4998773247023859,VALID,1181.0,Moderate Access
28037,Franklin County,MS,95.8,10.6,10.1548,7655.0,MS,FRANKLIN,0.0,,-1.0,2.411869898544026,0.0,2.411869898544026,0.6740252063847182,0.3259747936152818,INSUFFICIENT DATA,,
28039,George County,MS,119.0,13.1,15.589,24870.0,MS,GEORGE,0.0,,-1.0,2.808739825110138,0.0,2.808739825110138,0.7849351415860711,0.21506485841392886,VALID,2311.0,Lowest Access
28041,Greene County,MS,104.4,15.6,16.2864,13595.0,MS,GREENE,0.0,,-1.0,2.8499200651761045,0.0,2.8499200651761045,0.7964434405312966,0.20355655946870344,VALID,2328.0,Lowest Access
28043,Grenada County,MS,125.4,11.8,14.797200000000002,21342.0,MS,GRENADA,1.0,14.5,1.0,2.7598327091385806,0.6931471805599453,2.0140206112928203,0.5628415774039894,0.43715842259601057,VALID,1508.0,Moderate Access
28045,Hancock County,MS,85.6,9.2,7.875199999999999,46057.0,MS,HANCOCK,0.0,,-1.0,2.1832608703188328,0.0,2.1832608703188328,0.6101377439955096,0.3898622560044904,VALID,1735.0,Low Access
28047,Harrison County,MS,93.6,13.7,12.8232,209443.0,MS,HARRISON,3.0,14.4,-0.14285714285714285,2.626348340016775,0.0,2.626348340016775,0.7339637113040802,0.2660362886959198,VALID,2195.0,Lowest Access
28049,Hinds County,MS,130.2,12.8,16.665599999999998,222494.0,MS,HINDS,4.0,12.2,0.3333333333333333,2.8716192457027354,0.8472978603872036,1.9230169523854765,0.5374095422789541,0.4625904577210459,VALID,1378.0,Moderate Access
28051,Holmes County,MS,139.0,10.6,14.733999999999998,16491.0,MS,HOLMES,0.0,,-1.0,2.7558239759070506,0.0,2.7558239759070506,0.7701471896315878,0.2298528103684122,VALID,2279.0,Lowest Access
28053,Humphreys County,MS,148.0,14.4,21.312,7570.0,MS,HUMPHREYS,0.0,,-1.0,3.105124650325188,0.0,3.105124650325188,0.8677633418573496,0.1322366581426504,INSUFFICIENT DATA,,
28055,Issaquena County,MS,123.0,12.2,15.005999999999998,1095.0,MS,ISSAQUENA,0.0,,-1.0,2.7729636519448544,0.0,2.7729636519448544,0.7749370722391538,0.22506292776084624,INSUFFICIENT DATA,,
28057,Itawamba County,MS,112.9,9.9,11.1771,23942.0,MS,ITAWAMBA,0.0,,-1.0,2.4995571386944846,0.0,2.4995571386944846,0.6985304295625513,0.3014695704374487,VALID,2087.0,Low Access
28059,Jackson County,MS,103.8,12.6,13.0788,144437.0,MS,JACKSON,1.0,14.3,1.0,2.644670119825119,0.6931471805599453,1.9299793475745,0.5393552649139298,0.4606447350860702,VALID,1388.0,Moderate Access
28061,Jasper County,MS,121.5,9.9,12.0285,16211.0,MS,JASPER,0.0,,-1.0,2.5671392655538035,0.0,2.5671392655538035,0.7174170440651698,0.2825829559348302,VALID,2152.0,Low Access
28063,Jefferson County,MS,99.4,8.7,8.6478,7127.0,MS,JEFFERSON,0.0,,-1.0,2.2667299100850578,0.0,2.2667299100850578,0.6334641418203371,0.36653585817966294,INSUFFICIENT DATA,,
28065,Jefferson Davis County,MS,116.9,11.1,12.9759,11183.0,MS,JEFFERSON DAVIS,0.0,,-1.0,2.637334417683089,0.0,2.637334417683089,0.7370338989915943,0.2629661010084057,VALID,2203.0,Lowest Access
28067,Jones County,MS,134.9,12.6,16.9974,66839.0,MS,JONES,1.0,13.4,1.0,2.8902273030186167,0.6931471805599453,2.109177610775416,0.589434312051047,0.410565687948953,VALID,1650.0,Moderate Access
28069,Kemper County,MS,106.1,14.6,15.4906,8855.0,MS,KEMPER,0.0,,-1.0,2.8027905215978604,0.0,2.8027905215978604,0.783272539249963,0.21672746075003702,INSUFFICIENT DATA,,
28071,Lafayette County,MS,96.5,10.3,9.9395,56920.0,MS,LAFAYETTE,1.0,12.7,1.0,2.3923800921102605,0.6931471805599453,1.7458677113297223,0.48790311830659105,0.512096881693409,VALID,1131.0,Moderate Access
28073,Lamar County,MS,59.5,12.8,7.616,65081.0,MS,LAMAR,1.0,11.8,0.0,2.1536209398540875,0.0,2.1536209398540875,0.6018545193237358,0.3981454806762642,VALID,1705.0,Low Access
28075,Lauderdale County,MS,115.4,10.2,11.7708,71984.0,MS,LAUDERDALE,2.0,13.9,0.0,2.5471613149107215,0.0,2.5471613149107215,0.7118339724768243,0.28816602752317566,VALID,2136.0,Low Access
28077,Lawrence County,MS,100.4,12.9,12.9516,11883.0,MS,LAWRENCE,0.0,,-1.0,2.6355941970308687,0.0,2.6355941970308687,0.7365475740098962,0.26345242599010377,VALID,2202.0,Lowest Access
28079,Leake County,MS,109.7,16.1,17.661700000000003,21288.0,MS,LEAKE,0.0,,-1.0,2.9264732952351857,0.0,2.9264732952351857,0.8178371345780351,0.18216286542196491,VALID,2361.0,Lowest Access
28081,Lee County,MS,113.5,11.0,12.485,83138.0,MS,LEE,1.0,15.6,-0.6666666666666666,2.601577956591693,0.0,2.601577956591693,0.7270413384139015,0.2729586615860985,VALID,2179.0,Low Access
28083,Leflore County,MS,157.2,14.1,22.1652,27432.0,MS,LEFLORE,1.0,15.0,1.0,3.142651152545997,0.6931471805599453,2.2933869050730773,0.6409137503416104,0.35908624965838964,VALID,1866.0,Low Access
28085,Lincoln County,MS,103.3,13.7,14.152099999999995,34830.0,MS,LINCOLN,0.0,,-1.0,2.7181391362107505,0.0,2.7181391362107505,0.7596157211352119,0.24038427886478808,VALID,2256.0,Lowest Access
28087,Lowndes County,MS,110.6,10.8,11.9448,58187.0,MS,LOWNDES,1.0,13.6,1.0,2.560694163103461,0.6931471805599453,1.8686968984135717,0.5222291689050237,0.4777708310949763,VALID,1301.0,Moderate Access
28089,Madison County,MS,107.6,8.4,9.0384,110303.0,MS,MADISON,0.0,,-1.0,2.306417739014222,0.0,2.306417739014222,0.6445553690466024,0.3554446309533976,VALID,1883.0,Low Access
28091,Marion County,MS,93.8,14.1,13.2258,24303.0,MS,MARION,0.0,,-1.0,2.6550572174468576,0.0,2.6550572174468576,0.7419867423334763,0.2580132576665237,VALID,2218.0,Lowest Access
28093,Marshall County,MS,92.6,11.7,10.8342,33899.0,MS,MARSHALL,0.0,,-1.0,2.4709936445680034,0.0,2.4709936445680034,0.6905480275949775,0.30945197240502254,VALID,2067.0,Low Access
28095,Monroe County,MS,116.2,9.0,10.458,33928.0,MS,MONROE,0.0,,-1.0,2.4386881759863863,0.0,2.4386881759863863,0.681519887171141,0.318480112828859,VALID,2036.0,Low Access
28097,Montgomery County,MS,125.0,10.8,13.5,9708.0,MS,MONTGOMERY,0.0,,-1.0,2.6741486494265287,0.0,2.6741486494265287,0.7473220659295151,0.2526779340704849,INSUFFICIENT DATA,,
28099,Neshoba County,MS,124.4,13.0,16.172,28927.0,MS,NESHOBA,1.0,14.7,-0.3333333333333333,2.843280150362314,0.0,2.843280150362314,0.7945878388027607,0.20541216119723926,VALID,2323.0,Lowest Access
28101,Newton County,MS,107.0,13.3,14.231000000000002,21151.0,MS,NEWTON,0.0,,-1.0,2.723332824633367,0.0,2.723332824633367,0.7610671580112496,0.23893284198875042,VALID,2260.0,Lowest Access
28103,Noxubee County,MS,104.1,20.0,20.82,10136.0,MS,NOXUBEE,0.0,,-1.0,3.0828269804049246,0.0,3.0828269804049246,0.8615319976297955,0.1384680023702045,VALID,2405.0,Lowest Access
28105,Oktibbeha County,MS,107.5,8.1,8.7075,51473.0,MS,OKTIBBEHA,1.0,15.7,1.0,2.2728987826236855,0.6931471805599453,1.6586748104073588,0.4635360439984137,0.5364639560015863,VALID,1006.0,Moderate Access
28107,Panola County,MS,93.3,13.7,12.782099999999998,32965.0,MS,PANOLA,0.0,,-1.0,2.6233706487496447,0.0,2.6233706487496447,0.7331315607091874,0.2668684392908126,VALID,2193.0,Lowest Access
28109,Pearl River County,MS,89.3,13.1,11.6983,56781.0,MS,PEARL RIVER,0.0,,-1.0,2.5414681262370116,0.0,2.5414681262370116,0.710242944422989,0.28975705557701104,VALID,2128.0,Low Access
28111,Perry County,MS,83.5,14.8,12.358,11459.0,MS,PERRY,0.0,,-1.0,2.592115456303444,0.0,2.592115456303444,0.7243969322153944,0.27560306778460564,VALID,2174.0,Low Access
28113,Pike County,MS,108.3,13.7,14.837099999999998,39930.0,MS,PIKE,0.0,,-1.0,2.762355288816862,0.0,2.762355288816862,0.7719724412899198,0.22802755871008018,VALID,2282.0,Lowest Access
28115,Pontotoc County,MS,114.4,12.0,13.728000000000002,31312.0,MS,PONTOTOC,0.0,,-1.0,2.6897504439307767,0.0,2.6897504439307767,0.7516821695847934,0.2483178304152066,VALID,2244.0,Lowest Access
28117,Prentiss County,MS,110.8,8.5,9.418,24999.0,MS,PRENTISS,0.0,,-1.0,2.343535079323,0.0,2.343535079323,0.6549282432124843,0.34507175678751567,VALID,1934.0,Low Access
28119,Quitman County,MS,108.1,12.8,13.8368,5908.0,MS,QUITMAN,0.0,,-1.0,2.6971105810638245,0.0,2.6971105810638245,0.7537390458504316,0.2462609541495684,INSUFFICIENT DATA,,
28121,Rankin County,MS,79.6,9.2,7.323199999999999,158218.0,MS,RANKIN,1.0,12.6,-0.6666666666666666,2.1190467962721953,0.0,2.1190467962721953,0.5921923711799127,0.40780762882008725,VALID,1660.0,Moderate Access
28123,Scott County,MS,81.5,11.9,9.6985,27754.0,MS,SCOTT,0.0,,-1.0,2.3701035447248686,0.0,2.3701035447248686,0.6623531111071541,0.3376468888928459,VALID,1965.0,Low Access
28125,Sharkey County,MS,133.8,14.2,18.9996,3848.0,MS,SHARKEY,0.0,,-1.0,2.9957122733539885,0.0,2.9957122733539885,0.8371867755120529,0.1628132244879471,INSUFFICIENT DATA,,
28127,Simpson County,MS,85.1,11.7,9.956699999999998,25817.0,MS,SIMPSON,0.0,,-1.0,2.3939511412911907,0.0,2.3939511412911907,0.6690176004343347,0.33098239956566533,VALID,1987.0,Low Access
28129,Smith County,MS,101.1,14.3,14.4573,14193.0,MS,SMITH,0.0,,-1.0,2.738081383663986,0.0,2.738081383663986,0.7651888150502513,0.23481118494974873,VALID,2267.0,Lowest Access
28131,Stone County,MS,91.9,12.3,11.3037,18515.0,MS,STONE,0.0,,-1.0,2.50990003015134,0.0,2.50990003015134,0.7014208713533918,0.2985791286466082,VALID,2097.0,Low Access
28133,Sunflower County,MS,149.7,11.4,17.0658,25328.0,MS,SUNFLOWER,0.0,,-1.0,2.8940206481471655,0.0,2.8940206481471655,0.8087678634019911,0.19123213659800886,VALID,2343.0,Lowest Access
28135,Tallahatchie County,MS,121.4,16.4,19.9096,12363.0,MS,TALLAHATCHIE,0.0,,-1.0,3.0402083836545084,0.0,3.0402083836545084,0.8496217331135099,0.15037826688649014,VALID,2398.0,Lowest Access
28137,Tate County,MS,90.3,12.5,11.2875,28135.0,MS,TATE,0.0,,-1.0,2.5085824854732848,0.0,2.5085824854732848,0.701052668108232,0.29894733189176803,VALID,2094.0,Low Access
28139,Tippah County,MS,102.2,12.4,12.6728,21621.0,MS,TIPPAH,0.0,,-1.0,2.6154084578521584,0.0,2.6154084578521584,0.730906433488937,0.269093566511063,VALID,2187.0,Lowest Access
28141,Tishomingo County,MS,93.8,11.2,10.5056,18738.0,MS,TISHOMINGO,0.0,,-1.0,2.4428338733660926,0.0,2.4428338733660926,0.6826784507129191,0.3173215492870809,VALID,2041.0,Low Access
28143,Tunica County,MS,92.0,13.1,12.052,9586.0,MS,TUNICA,0.0,,-1.0,2.568941378731074,0.0,2.568941378731074,0.717920665635708,0.282079334364292,INSUFFICIENT DATA,,
28145,Union County,MS,104.6,11.4,11.9244,28009.0,MS,UNION,1.0,10.9,1.0,2.5591169976535313,0.6931471805599453,1.8675459432440573,0.5219075210432796,0.47809247895672036,VALID,1300.0,Moderate Access
28147,Walthall County,MS,112.1,8.1,9.080099999999998,13864.0,MS,WALTHALL,0.0,,-1.0,2.310563183228934,0.0,2.310563183228934,0.6457138618384666,0.3542861381615334,VALID,1886.0,Low Access
28149,Warren County,MS,129.6,10.6,13.7376,43623.0,MS,WARREN,1.0,14.8,1.0,2.690402051251834,0.6931471805599453,1.963352766254063,0.548681856463016,0.45131814353698396,VALID,1449.0,Moderate Access
28151,Washington County,MS,134.8,12.2,16.4456,43674.0,MS,WASHINGTON,1.0,15.3,1.0,2.8590874678563982,0.6931471805599453,2.086452947196606,0.5830836394596369,0.4169163605403631,VALID,1615.0,Moderate Access
28153,Wayne County,MS,117.9,16.4,19.3356,19699.0,MS,WAYNE,1.0,13.5,1.0,3.012373044702116,0.6931471805599453,2.19831491265521,0.6143447719114127,0.3856552280885873,VALID,1756.0,Low Access
28155,Webster County,MS,118.9,12.3,14.624700000000002,9942.0,MS,WEBSTER,1.0,12.3,1.0,2.748852995438143,0.6931471805599453,2.0060080351589296,0.560602369441081,0.439397630558919,VALID,1496.0,Moderate Access
28157,Wilkinson County,MS,93.5,14.6,13.651,8376.0,MS,WILKINSON,0.0,,-1.0,2.684508592519176,0.0,2.684508592519176,0.7502172729990882,0.24978272700091175,INSUFFICIENT DATA,,
28159,Winston County,MS,103.8,11.7,12.1446,17609.0,MS,WINSTON,0.0,,-1.0,2.576011027897623,0.0,2.576011027897623,0.7198963616471004,0.28010363835289964,VALID,2162.0,Low Access
28161,Yalobusha County,MS,103.3,12.5,12.9125,12439.0,MS,YALOBUSHA,0.0,,-1.0,2.6327877166016633,0.0,2.6327877166016633,0.7357632702828786,0.2642367297171214,VALID,2201.0,Lowest Access
28163,Yazoo County,MS,126.2,13.4,16.910800000000002,26837.0,MS,YAZOO,0.0,,-1.0,2.885403882858406,0.0,2.885403882858406,0.8063598077246801,0.19364019227531992,VALID,2340.0,Lowest Access
00028,Mississippi,MS,105.3,,,,MS,MISSISSIPPI,0.0,,-1.0,,0.0,,,,VALID,,
30001,Beaverhead County,MT,64.5,5.6,3.612,9590.0,MT,BEAVERHEAD,0.0,,-1.0,1.5286616024068127,0.0,1.5286616024068127,0.42720233486749903,0.572797665132501,INSUFFICIENT DATA,,
30003,Big Horn County,MT,58.5,18.5,10.8225,12963.0,MT,BIG HORN,0.0,,-1.0,2.470004495535894,0.0,2.470004495535894,0.6902715983477302,0.3097284016522698,VALID,2065.0,Low Access
30005,Blaine County,MT,64.6,17.2,11.111199999999998,6997.0,MT,BLAINE,0.0,,-1.0,2.4941306443155318,0.0,2.4941306443155318,0.6970139323435566,0.3029860676564434,INSUFFICIENT DATA,,
30007,Broadwater County,MT,55.8,6.6,3.6828,7310.0,MT,BROADWATER,0.0,,-1.0,1.5438962216233802,0.0,1.5438962216233802,0.4314598271011549,0.5685401728988451,INSUFFICIENT DATA,,
30009,Carbon County,MT,54.3,7.5,4.0725,10877.0,MT,CARBON,0.0,,-1.0,1.6238337927178328,0.0,1.6238337927178328,0.4537993147689421,0.5462006852310579,VALID,957.0,Good Access
30011,Carter County,MT,45.9,8.9,4.0851,1361.0,MT,CARTER,0.0,,-1.0,1.6263146949905387,0.0,1.6263146949905387,0.4544926318783726,0.5455073681216274,INSUFFICIENT DATA,,
30013,Cascade County,MT,44.0,6.7,2.948,84601.0,MT,CASCADE,1.0,17.7,-0.5,1.3732091215712352,0.0,1.3732091215712352,0.38375932389022016,0.6162406761097798,VALID,599.0,Good Access
30015,Chouteau County,MT,47.9,5.9,2.8261000000000003,5888.0,MT,CHOUTEAU,0.0,,-1.0,1.341846007634155,0.0,1.341846007634155,0.37499453547560907,0.625005464524391,INSUFFICIENT DATA,,
30017,Custer County,MT,52.8,7.6,4.0128,11938.0,MT,CUSTER,0.0,,-1.0,1.6119946412157904,0.0,1.6119946412157904,0.45049072563674997,0.54950927436325,VALID,943.0,Good Access
30019,Daniels County,MT,71.6,2.3,1.6467999999999998,1524.0,MT,DANIELS,0.0,,-1.0,0.9733513631557673,0.0,0.9733513631557673,0.2720144041898606,0.7279855958101393,INSUFFICIENT DATA,,
30021,Dawson County,MT,82.0,5.4,4.428,8874.0,MT,DAWSON,0.0,,-1.0,1.6915707419726227,0.0,1.6915707419726227,0.4727291961978253,0.5272708038021747,INSUFFICIENT DATA,,
30023,Deer Lodge County,MT,56.1,6.8,3.8148,9512.0,MT,DEER LODGE,0.0,,-1.0,1.5716945075234428,0.0,1.5716945075234428,0.43922838269457304,0.5607716173054269,INSUFFICIENT DATA,,
30025,Fallon County,MT,39.0,8.4,3.276,2817.0,MT,FALLON,0.0,,-1.0,1.4530179931627987,0.0,1.4530179931627987,0.40606284497910994,0.5939371550208901,INSUFFICIENT DATA,,
30027,Fergus County,MT,73.6,15.1,11.113599999999998,11581.0,MT,FERGUS,0.0,,-1.0,2.494328788366905,0.0,2.494328788366905,0.6970693060124271,0.3029306939875729,VALID,2080.0,Low Access
30029,Flathead County,MT,56.6,9.1,5.1506,108445.0,MT,FLATHEAD,1.0,11.6,0.0,1.8165496380352737,0.0,1.8165496380352737,0.5076560080723859,0.49234399192761413,VALID,1231.0,Moderate Access
30031,Gallatin County,MT,53.6,7.3,3.9128,122194.0,MT,GALLATIN,1.0,14.3,0.0,1.5918440440330524,0.0,1.5918440440330524,0.4448594059569159,0.555140594043084,VALID,910.0,Good Access
30033,Garfield County,MT,53.6,10.9,5.8424000000000005,938.0,MT,GARFIELD,0.0,,-1.0,1.923138547284435,0.0,1.923138547284435,0.5374435233933232,0.46255647660667676,INSUFFICIENT DATA,,
30035,Glacier County,MT,52.6,29.3,15.4118,13713.0,MT,GLACIER,0.0,,-1.0,2.7980005883004715,0.0,2.7980005883004715,0.7819339364582906,0.21806606354170943,VALID,2301.0,Lowest Access
30037,Golden Valley County,MT,58.4,15.2,8.8768,840.0,MT,GOLDEN VALLEY,0.0,,-1.0,2.2901885726574944,0.0,2.2901885726574944,0.6400199390013712,0.3599800609986288,INSUFFICIENT DATA,,
30039,Granite County,MT,58.7,7.9,4.6373,3419.0,MT,GRANITE,0.0,,-1.0,1.7294052274810796,0.0,1.7294052274810796,0.4833024849638121,0.5166975150361879,INSUFFICIENT DATA,,
30041,Hill County,MT,74.1,8.7,6.446699999999998,16260.0,MT,HILL,0.0,,-1.0,2.007770981238665,0.0,2.007770981238665,0.5610950453088613,0.43890495469113866,VALID,1500.0,Moderate Access
30043,Jefferson County,MT,57.0,5.1,2.907,12501.0,MT,JEFFERSON,0.0,,-1.0,1.3627698160729336,0.0,1.3627698160729336,0.3808419380696776,0.6191580619303224,VALID,583.0,Good Access
30045,Judith Basin County,MT,44.4,6.4,2.8416,2053.0,MT,JUDITH BASIN,0.0,,-1.0,1.3458889464848518,0.0,1.3458889464848518,0.3761243819465513,0.6238756180534487,INSUFFICIENT DATA,,
30047,Lake County,MT,54.0,14.1,7.614,32073.0,MT,LAKE,0.0,,-1.0,2.153388786631919,0.0,2.153388786631919,0.6017896413949637,0.3982103586050363,VALID,1704.0,Moderate Access
30049,Lewis and Clark County,MT,59.5,6.2,3.689000000000001,72580.0,MT,LEWIS AND CLARK,1.0,16.6,-0.3333333333333333,1.5452193401074494,0.0,1.5452193401074494,0.4318295880114903,0.5681704119885097,VALID,834.0,Good Access
30051,Liberty County,MT,60.2,4.4,2.6488000000000005,1968.0,MT,LIBERTY,0.0,,-1.0,1.2943983464153537,0.0,1.2943983464153537,0.3617347325049842,0.6382652674950158,INSUFFICIENT DATA,,
30053,Lincoln County,MT,57.7,14.2,8.1934,20656.0,MT,LINCOLN,0.0,,-1.0,2.21848583530237,0.0,2.21848583530237,0.6199817717796186,0.38001822822038145,VALID,1785.0,Low Access
30055,McCone County,MT,78.4,5.8,4.5472,1818.0,MT,MCCONE,0.0,,-1.0,1.713293295948622,0.0,1.713293295948622,0.47879981755916606,0.5212001824408339,INSUFFICIENT DATA,,
30057,Madison County,MT,53.7,7.4,3.9738000000000007,8975.0,MT,MADISON,0.0,,-1.0,1.6041841354855524,0.0,1.6041841354855524,0.4483079886077043,0.5516920113922956,INSUFFICIENT DATA,,
30059,Meagher County,MT,49.0,3.3,1.617,1979.0,MT,MEAGHER,0.0,,-1.0,0.9620286235480088,0.0,0.9620286235480088,0.2688501323916318,0.7311498676083682,INSUFFICIENT DATA,,
30061,Mineral County,MT,57.5,8.3,4.772500000000001,4796.0,MT,MINERAL,0.0,,-1.0,1.7531052622465135,0.0,1.7531052622465135,0.4899257364226656,0.5100742635773343,INSUFFICIENT DATA,,
30063,Missoula County,MT,55.4,6.4,3.5456,119639.0,MT,MISSOULA,2.0,12.649999999999999,1.0,1.5141597321177864,1.0986122886681096,0.8656188617602874,0.24190729868998873,0.7580927013100113,VALID,96.0,Highest Access
30065,Musselshell County,MT,54.5,9.0,4.905,5068.0,MT,MUSSELSHELL,0.0,,-1.0,1.7757994496493257,0.0,1.7757994496493257,0.496267892090825,0.503732107909175,INSUFFICIENT DATA,,
30067,Park County,MT,52.3,8.5,4.445499999999999,17484.0,MT,PARK,1.0,15.6,1.0,1.6947895795336039,0.6931471805599453,1.2367927714177895,0.3456361819156334,0.6543638180843666,VALID,406.0,Good Access
30069,Petroleum County,MT,66.3,6.2,4.1106,401.0,MT,PETROLEUM,0.0,,-1.0,1.6313168141525423,0.0,1.6313168141525423,0.45589053248759104,0.544109467512409,INSUFFICIENT DATA,,
30071,Phillips County,MT,62.2,7.5,4.665,4224.0,MT,PHILLIPS,0.0,,-1.0,1.7343068944799698,0.0,1.7343068944799698,0.4846723130430756,0.5153276869569243,INSUFFICIENT DATA,,
30073,Pondera County,MT,51.7,7.6,3.9292,6012.0,MT,PONDERA,0.0,,-1.0,1.595176703081831,0.0,1.595176703081831,0.4457907564433244,0.5542092435566757,INSUFFICIENT DATA,,
30075,Powder River County,MT,63.6,5.6,3.5616,1762.0,MT,POWDER RIVER,0.0,,-1.0,1.5176734391762705,0.0,1.5176734391762705,0.42413156434470833,0.5758684356552917,INSUFFICIENT DATA,,
30077,Powell County,MT,57.2,7.6,4.3472,7029.0,MT,POWELL,0.0,,-1.0,1.6765730594189376,0.0,1.6765730594189376,0.46853791868130484,0.5314620813186952,INSUFFICIENT DATA,,
30079,Prairie County,MT,58.0,5.7,3.306,1251.0,MT,PRAIRIE,0.0,,-1.0,1.4600093989421712,0.0,1.4600093989421712,0.40801667496231325,0.5919833250376867,INSUFFICIENT DATA,,
30081,Ravalli County,MT,58.8,8.8,5.1744,45807.0,MT,RAVALLI,1.0,14.1,1.0,1.8204117118012173,0.6931471805599453,1.3284670105061784,0.3712556185025797,0.6287443814974203,VALID,530.0,Good Access
30083,Richland County,MT,70.0,6.1,4.27,11329.0,MT,RICHLAND,0.0,,-1.0,1.6620303625532709,0.0,1.6620303625532709,0.46447379222813723,0.5355262077718628,VALID,1011.0,Moderate Access
30085,Roosevelt County,MT,63.2,29.6,18.707200000000004,10665.0,MT,ROOSEVELT,0.0,,-1.0,2.980984051205083,0.0,2.980984051205083,0.8330708018521185,0.16692919814788154,VALID,2379.0,Lowest Access
30087,Rosebud County,MT,55.2,15.0,8.28,8236.0,MT,ROSEBUD,0.0,,-1.0,2.2278615467981093,0.0,2.2278615467981093,0.622601923836632,0.37739807616336796,INSUFFICIENT DATA,,
30089,Sanders County,MT,56.4,13.4,7.5576,12936.0,MT,SANDERS,0.0,,-1.0,2.146819777009784,0.0,2.146819777009784,0.5999538549501909,0.40004614504980907,VALID,1698.0,Moderate Access
30091,Sheridan County,MT,63.2,9.6,6.067200000000001,3677.0,MT,SHERIDAN,0.0,,-1.0,1.955464361860125,0.0,1.955464361860125,0.5464773497427821,0.45352265025721794,INSUFFICIENT DATA,,
30093,Silver Bow County,MT,54.7,6.6,3.6102,35589.0,MT,SILVER BOW,1.0,13.3,1.0,1.5282712400154401,0.6931471805599453,1.115274040649316,0.31167635363663954,0.6883236463633604,VALID,271.0,Good Access
30095,Stillwater County,MT,54.2,4.6,2.4932,9052.0,MT,STILLWATER,0.0,,-1.0,1.2508182215574408,0.0,1.2508182215574408,0.349555757731362,0.6504442422686381,INSUFFICIENT DATA,,
30097,Sweet Grass County,MT,51.5,9.2,4.738,3713.0,MT,SWEET GRASS,0.0,,-1.0,1.7471107175591731,0.0,1.7471107175591731,0.48825049091190814,0.5117495090880919,INSUFFICIENT DATA,,
30099,Teton County,MT,51.9,5.5,2.8545,6291.0,MT,TETON,0.0,,-1.0,1.3492412969171799,0.0,1.3492412969171799,0.37706123542002756,0.6229387645799724,INSUFFICIENT DATA,,
30101,Toole County,MT,47.4,7.6,3.6023999999999994,5028.0,MT,TOOLE,0.0,,-1.0,1.5265779065669465,0.0,1.5265779065669465,0.4266200217338774,0.5733799782661226,INSUFFICIENT DATA,,
30103,Treasure County,MT,57.3,5.4,3.0942000000000003,761.0,MT,TREASURE,0.0,,-1.0,1.409571338024384,0.0,1.409571338024384,0.39392116987711806,0.6060788301228819,INSUFFICIENT DATA,,
30105,Valley County,MT,60.7,6.4,3.8848,7540.0,MT,VALLEY,0.0,,-1.0,1.5861283429984763,0.0,1.5861283429984763,0.44326208656096133,0.5567379134390387,INSUFFICIENT DATA,,
30107,Wheatland County,MT,74.7,17.7,13.2219,2049.0,MT,WHEATLAND,0.0,,-1.0,2.654783030076741,0.0,2.654783030076741,0.7419101174712305,0.2580898825287695,INSUFFICIENT DATA,,
30109,Wibaux County,MT,70.3,6.3,4.4289,1148.0,MT,WIBAUX,0.0,,-1.0,1.6917365351552183,0.0,1.6917365351552183,0.47277552903865705,0.527224470961343,INSUFFICIENT DATA,,
30111,Yellowstone County,MT,56.4,6.9,3.8916,167340.0,MT,YELLOWSTONE,2.0,12.8,1.0,1.5875194483330777,1.0986122886681096,0.9075573393874273,0.25362749597557127,0.7463725040244287,VALID,117.0,Highest Access
00030,Montana,MT,55.0,,,,MT,MONTANA,0.0,,-1.0,,0.0,,,,VALID,,
37001,Alamance County,NC,84.3,9.9,8.3457,174286.0,NC,ALAMANCE,1.0,13.5,1.0,2.2349163444692257,0.6931471805599453,1.63095667624041,0.45578988774274043,0.5442101122572596,VALID,968.0,Good Access
37003,Alexander County,NC,96.9,8.8,8.5272,36440.0,NC,ALEXANDER,0.0,,-1.0,2.254150865471649,0.0,2.254150865471649,0.6299487809184934,0.3700512190815066,VALID,1820.0,Low Access
37005,Alleghany County,NC,89.7,14.7,13.185899999999998,11075.0,NC,ALLEGHANY,0.0,,-1.0,2.652248513551609,0.0,2.652248513551609,0.7412018172329096,0.25879818276709043,VALID,2212.0,Lowest Access
37007,Anson County,NC,156.8,13.3,20.8544,21903.0,NC,ANSON,0.0,,-1.0,3.0844022742664903,0.0,3.0844022742664903,0.8619722318940065,0.1380277681059935,VALID,2406.0,Lowest Access
37009,Ashe County,NC,74.5,12.1,9.0145,26831.0,NC,ASHE,1.0,14.1,1.0,2.30403404275915,0.6931471805599453,1.681396135306201,0.46988578355672134,0.5301142164432786,VALID,1040.0,Moderate Access
37011,Avery County,NC,72.9,14.1,10.2789,17643.0,NC,AVERY,0.0,,-1.0,2.4229337235842534,0.0,2.4229337235842534,0.677117121483723,0.32288287851627695,VALID,2021.0,Low Access
37013,Beaufort County,NC,92.9,10.5,9.7545,44597.0,NC,BEAUFORT,0.0,,-1.0,2.3753242716343506,0.0,2.3753242716343506,0.6638121042040728,0.3361878957959272,VALID,1969.0,Low Access
37015,Bertie County,NC,89.3,11.2,10.001599999999998,17482.0,NC,BERTIE,1.0,13.7,1.0,2.3980407167663382,0.6931471805599453,1.7499986192258359,0.4890575487544834,0.5109424512455166,VALID,1134.0,Moderate Access
37017,Bladen County,NC,97.1,8.9,8.6419,29591.0,NC,BLADEN,0.0,,-1.0,2.2661181846373855,0.0,2.2661181846373855,0.6332931880009096,0.3667068119990904,VALID,1831.0,Low Access
37019,Brunswick County,NC,79.4,8.0,6.352,145889.0,NC,BRUNSWICK,1.0,13.9,-0.3333333333333333,1.994972385053386,0.0,1.994972385053386,0.5575183281565702,0.4424816718434298,VALID,1480.0,Moderate Access
37021,Buncombe County,NC,73.4,11.9,8.734600000000002,271790.0,NC,BUNCOMBE,1.0,13.5,-0.3333333333333333,2.275686549125345,0.0,2.275686549125345,0.6359671791861947,0.3640328208138053,VALID,1850.0,Low Access
37023,Burke County,NC,103.2,11.5,11.868,87863.0,NC,BURKE,1.0,14.6,0.0,2.55474360937678,0.0,2.55474360937678,0.713952933203288,0.286047066796712,VALID,2144.0,Low Access
37025,Cabarrus County,NC,87.0,7.8,6.7860000000000005,231262.0,NC,CABARRUS,1.0,12.1,1.0,2.0523272491882643,0.6931471805599453,1.4977101210867296,0.41855258199431317,0.5814474180056868,VALID,764.0,Good Access
37027,Caldwell County,NC,96.2,11.3,10.8706,80618.0,NC,CALDWELL,1.0,13.2,1.0,2.474064754943079,0.6931471805599453,1.8054780616335822,0.5045619267649076,0.49543807323509237,VALID,1209.0,Moderate Access
37029,Camden County,NC,84.5,3.0,2.535,10743.0,NC,CAMDEN,0.0,,-1.0,1.2627132993485362,0.0,1.2627132993485362,0.3528799761180773,0.6471200238819227,VALID,439.0,Good Access
37031,Carteret County,NC,88.7,9.3,8.2491,68652.0,NC,CARTERET,1.0,14.4,1.0,2.2245262494933473,0.6931471805599453,1.6233743813551376,0.4536709268991225,0.5463290731008775,VALID,955.0,Good Access
37033,Caswell County,NC,78.3,9.1,7.125299999999999,22689.0,NC,CASWELL,0.0,,-1.0,2.094982650611084,0.0,2.094982650611084,0.5854673646795646,0.4145326353204354,VALID,1628.0,Moderate Access
37035,Catawba County,NC,98.9,11.8,11.6702,162051.0,NC,CATAWBA,2.0,14.100000000000001,1.0,2.5392527795281135,1.0986122886681096,1.4516467807940538,0.405679643671113,0.594320356328887,VALID,701.0,Good Access
37037,Chatham County,NC,71.0,8.6,6.106,78319.0,NC,CHATHAM,0.0,,-1.0,1.9609394975988352,0.0,1.9609394975988352,0.5480074403577427,0.45199255964225726,VALID,1447.0,Moderate Access
37039,Cherokee County,NC,88.4,14.8,13.0832,29197.0,NC,CHEROKEE,1.0,14.2,1.0,2.6449825976346353,0.6931471805599453,1.9302073819574732,0.5394189917849932,0.4605810082150068,VALID,1390.0,Moderate Access
37041,Chowan County,NC,73.2,8.9,6.5148,13814.0,NC,CHOWAN,1.0,12.5,1.0,2.016874409411007,0.6931471805599453,1.4718379913000859,0.4113223132183805,0.5886776867816195,VALID,722.0,Good Access
37043,Clay County,NC,83.5,15.3,12.7755,11391.0,NC,CLAY,0.0,,-1.0,2.622891652020888,0.0,2.622891652020888,0.7329976994801249,0.26700230051987506,VALID,2191.0,Lowest Access
37045,Cleveland County,NC,97.4,10.4,10.129600000000002,100170.0,NC,CLEVELAND,1.0,16.0,1.0,2.4096082257377724,0.6931471805599453,1.7584401459215082,0.4914166319607075,0.5085833680392925,VALID,1144.0,Moderate Access
37047,Columbus County,NC,116.0,13.6,15.776,50453.0,NC,COLUMBUS,1.0,11.7,1.0,2.8199492935996187,0.6931471805599453,2.0578914009186335,0.5751017818410736,0.42489821815892637,VALID,1567.0,Moderate Access
37049,Craven County,NC,88.3,8.8,7.7704,101074.0,NC,CRAVEN,1.0,12.2,1.0,2.171382415378193,0.6931471805599453,1.5845920388904542,0.4428327484386586,0.5571672515613414,VALID,895.0,Good Access
37051,Cumberland County,NC,85.9,10.4,8.933600000000002,336749.0,NC,CUMBERLAND,1.0,11.6,-0.3333333333333333,2.2959229501204956,0.0,2.2959229501204956,0.6416224777433326,0.3583775222566674,VALID,1872.0,Low Access
37053,Currituck County,NC,95.9,9.5,9.1105,29612.0,NC,CURRITUCK,0.0,,-1.0,2.3135744877936473,0.0,2.3135744877936473,0.6465554060618691,0.3534445939381309,VALID,1894.0,Low Access
37055,Dare County,NC,82.8,8.9,7.369199999999999,37534.0,NC,DARE,1.0,12.3,1.0,2.124558300482959,0.6931471805599453,1.550421586387201,0.43328341648063384,0.5667165835193662,VALID,845.0,Good Access
37057,Davidson County,NC,91.0,10.4,9.464,171063.0,NC,DAVIDSON,2.0,16.0,1.0,2.3479407947148427,1.0986122886681096,1.3422770366234418,0.37511499155976075,0.6248850084402393,VALID,549.0,Good Access
37059,Davie County,NC,94.4,10.0,9.44,43526.0,NC,DAVIE,0.0,,-1.0,2.3456445824544927,0.0,2.3456445824544927,0.655517768495101,0.344482231504899,VALID,1935.0,Low Access
37061,Duplin County,NC,102.9,15.2,15.6408,49053.0,NC,DUPLIN,1.0,13.7,1.0,2.8118575111604813,0.6931471805599453,2.051986326831876,0.573451539934391,0.426548460065609,VALID,1559.0,Moderate Access
37063,Durham County,NC,71.5,11.6,8.294,329405.0,NC,DURHAM,2.0,12.3,0.0,2.2293690306627867,0.0,2.2293690306627867,0.6230232078054001,0.3769767921945999,VALID,1796.0,Low Access
37065,Edgecombe County,NC,138.1,10.8,14.9148,48777.0,NC,EDGECOMBE,1.0,13.9,1.0,2.7672494938941763,0.6931471805599453,2.019433097824279,0.5643541599664333,0.43564584003356666,VALID,1513.0,Moderate Access
37067,Forsyth County,NC,91.7,10.5,9.6285,386740.0,NC,FORSYTH,2.0,13.1,0.0,2.363539072331043,0.0,2.363539072331043,0.6605185926438133,0.3394814073561867,VALID,1957.0,Low Access
37069,Franklin County,NC,105.0,9.8,10.29,71962.0,NC,FRANKLIN,0.0,,-1.0,2.423917378161571,0.0,2.423917378161571,0.6773920152414203,0.32260798475857966,VALID,2023.0,Low Access
37071,Gaston County,NC,102.2,10.9,11.1398,231485.0,NC,GASTON,1.0,11.7,1.0,2.4964893110310666,0.6931471805599453,1.8218426470705,0.5091352012533772,0.4908647987466228,VALID,1237.0,Moderate Access
37073,Gates County,NC,82.8,6.6,5.464799999999999,10437.0,NC,GATES,0.0,,-1.0,1.8663720759371007,0.0,1.8663720759371007,0.521579470117184,0.478420529882816,VALID,1298.0,Moderate Access
37075,Graham County,NC,89.8,13.7,12.3026,8041.0,NC,GRAHAM,0.0,,-1.0,2.587959504844082,0.0,2.587959504844082,0.7232355030513203,0.27676449694867966,INSUFFICIENT DATA,,
37077,Granville County,NC,88.5,10.1,8.9385,61439.0,NC,GRANVILLE,1.0,15.5,-0.3333333333333333,2.2964161038485167,0.0,2.2964161038485167,0.6417602953111498,0.35823970468885025,VALID,1873.0,Low Access
37079,Greene County,NC,112.1,15.8,17.7118,20421.0,NC,GREENE,0.0,,-1.0,2.929154340896412,0.0,2.929154340896412,0.818586384094448,0.18141361590555205,VALID,2364.0,Lowest Access
37081,Guilford County,NC,89.2,9.0,8.028,542987.0,NC,GUILFORD,2.0,14.55,1.0,2.2003308589552892,1.0986122886681096,1.2578909960582352,0.35153232715390353,0.6484676728460965,VALID,431.0,Good Access
37083,Halifax County,NC,117.0,10.0,11.7,48219.0,NC,HALIFAX,1.0,16.1,1.0,2.5416019934645457,0.6931471805599453,1.85476416146189,0.5183355028722785,0.4816644971277215,VALID,1279.0,Moderate Access
37085,Harnett County,NC,93.3,10.7,9.9831,136503.0,NC,HARNETT,1.0,12.6,0.0,2.3963577277451833,0.0,2.3963577277451833,0.669690149120445,0.330309850879555,VALID,1991.0,Low Access
37087,Haywood County,NC,75.0,11.3,8.475,62432.0,NC,HAYWOOD,1.0,14.0,1.0,2.24865675096849,0.6931471805599453,1.6409839006462321,0.45859211269014744,0.5414078873098526,VALID,980.0,Moderate Access
37089,Henderson County,NC,80.0,12.2,9.76,117387.0,NC,HENDERSON,2.0,11.4,1.0,2.3758355547336385,1.0986122886681096,1.358223987202278,0.3795715531104462,0.6204284468895538,VALID,576.0,Good Access
37091,Hertford County,NC,83.1,9.7,8.060699999999999,20492.0,NC,HERTFORD,1.0,13.4,1.0,2.2039463797634364,0.6931471805599453,1.6083559776393925,0.4494738586119048,0.5505261413880952,VALID,937.0,Good Access
37093,Hoke County,NC,86.7,11.4,9.8838,53102.0,NC,HOKE,0.0,,-1.0,2.38727544515496,0.0,2.38727544515496,0.6671519991974267,0.33284800080257326,VALID,1981.0,Low Access
37095,Hyde County,NC,87.7,11.5,10.0855,4625.0,NC,HYDE,0.0,,-1.0,2.4056379480501278,0.0,2.4056379480501278,0.672283615049147,0.327716384950853,INSUFFICIENT DATA,,
37097,Iredell County,NC,91.1,9.5,8.654499999999999,191800.0,NC,IREDELL,2.0,14.5,0.3333333333333333,2.267424127900456,0.5108256237659907,1.8158525048165968,0.5074611860540506,0.49253881394594945,VALID,1228.0,Moderate Access
37099,Jackson County,NC,61.1,15.2,9.2872,43089.0,NC,JACKSON,1.0,12.8,1.0,2.330900403974092,0.6931471805599453,1.7010021806502393,0.4753649218665369,0.5246350781334631,VALID,1064.0,Moderate Access
37101,Johnston County,NC,106.9,11.1,11.8659,226623.0,NC,JOHNSTON,1.0,12.2,1.0,2.5545804005351616,0.6931471805599453,1.864235307758336,0.5209823252987351,0.4790176747012649,VALID,1292.0,Moderate Access
37103,Jones County,NC,101.1,10.6,10.716599999999998,9245.0,NC,JONES,0.0,,-1.0,2.46100663967195,0.0,2.46100663967195,0.6877570424592157,0.31224295754078435,INSUFFICIENT DATA,,
37105,Lee County,NC,87.2,12.4,10.8128,64565.0,NC,LEE,1.0,14.6,1.0,2.469183689322764,0.6931471805599453,1.8019160461781396,0.5035664799524782,0.49643352004752184,VALID,1203.0,Moderate Access
37107,Lenoir County,NC,113.1,10.2,11.5362,54917.0,NC,LENOIR,1.0,11.9,1.0,2.5286204589787844,0.6931471805599453,1.8452907328971955,0.51568804263931,0.48431195736069,VALID,1264.0,Moderate Access
37109,Lincoln County,NC,95.4,9.2,8.7768,90359.0,NC,LINCOLN,1.0,13.3,1.0,2.2800122321416536,0.6931471805599453,1.6638659344559792,0.46498676423019414,0.5350132357698059,VALID,1014.0,Moderate Access
37111,McDowell County,NC,98.8,11.7,11.559599999999998,44679.0,NC,MCDOWELL,0.0,,-1.0,2.5304853133991636,0.0,2.5304853133991636,0.7071736691299129,0.29282633087008714,VALID,2119.0,Low Access
37113,Macon County,NC,83.5,14.4,12.024,37533.0,NC,MACON,1.0,12.0,0.0,2.5667938092601843,0.0,2.5667938092601843,0.717320502270049,0.28267949772995105,VALID,2151.0,Low Access
37115,Madison County,NC,85.0,8.7,7.394999999999999,21640.0,NC,MADISON,0.0,,-1.0,2.127636290529504,0.0,2.127636290529504,0.5945928056490429,0.40540719435095707,VALID,1675.0,Moderate Access
37117,Martin County,NC,103.4,7.7,7.9618,21773.0,NC,MARTIN,0.0,,-1.0,2.192971099667714,0.0,2.192971099667714,0.6128513809727254,0.3871486190272746,VALID,1751.0,Low Access
37119,Mecklenburg County,NC,80.4,11.6,9.3264,1130906.0,NC,MECKLENBURG,7.0,12.857142857142858,0.875,2.3347037228755054,1.9636097261547143,0.5473596863971125,0.1529660558445557,0.8470339441554443,VALID,17.0,Highest Access
37121,Mitchell County,NC,76.4,10.0,7.64,14973.0,NC,MITCHELL,1.0,13.9,1.0,2.1564025828159643,0.6931471805599453,1.5736603286334725,0.43977775435852684,0.5602222456414732,VALID,879.0,Good Access
37123,Montgomery County,NC,100.6,13.1,13.1786,25874.0,NC,MONTGOMERY,0.0,,-1.0,2.651733785623306,0.0,2.651733785623306,0.7410579705029032,0.25894202949709677,VALID,2211.0,Lowest Access
37125,Moore County,NC,97.1,7.8,7.5737999999999985,102840.0,NC,MOORE,1.0,15.3,1.0,2.1487110415682893,0.6931471805599453,1.5680473352972708,0.4382091378281936,0.5617908621718064,VALID,870.0,Good Access
37127,Nash County,NC,115.4,11.8,13.617200000000002,95451.0,NC,NASH,1.0,11.4,1.0,2.682198917511777,0.6931471805599453,1.9573664322364392,0.5470089055197862,0.4529910944802138,VALID,1441.0,Moderate Access
37129,New Hanover County,NC,88.2,10.6,9.3492,231214.0,NC,NEW HANOVER,1.0,13.0,0.0,2.3369092220379994,0.0,2.3369092220379994,0.6530765700245176,0.3469234299754824,VALID,1924.0,Low Access
37131,Northampton County,NC,75.4,9.9,7.464600000000001,17212.0,NC,NORTHAMPTON,0.0,,-1.0,2.135892761072284,0.0,2.135892761072284,0.5969001727524536,0.40309982724754645,VALID,1681.0,Moderate Access
37133,Onslow County,NC,91.7,10.1,9.2617,208537.0,NC,ONSLOW,1.0,13.6,-0.3333333333333333,2.328418518025016,0.0,2.328418518025016,0.6507037436427308,0.34929625635726924,VALID,1916.0,Low Access
37135,Orange County,NC,67.4,6.6,4.4484,147292.0,NC,ORANGE,1.0,13.3,1.0,1.6953219875910497,0.6931471805599453,1.237181302504389,0.34574476146463395,0.654255238535366,VALID,407.0,Good Access
37137,Pamlico County,NC,87.6,8.6,7.533599999999999,12315.0,NC,PAMLICO,0.0,,-1.0,2.1440113123291358,0.0,2.1440113123291358,0.5991689967009376,0.4008310032990624,VALID,1693.0,Moderate Access
37139,Pasquotank County,NC,78.9,9.7,7.653300000000001,40830.0,NC,PASQUOTANK,1.0,14.3,1.0,2.157940751080237,0.6931471805599453,1.5747828251448095,0.44009144911593345,0.5599085508840665,VALID,882.0,Good Access
37141,Pender County,NC,101.3,9.7,9.8261,63475.0,NC,PENDER,0.0,,-1.0,2.3819598853541093,0.0,2.3819598853541093,0.665666503941658,0.33433349605834195,VALID,1976.0,Low Access
37143,Perquimans County,NC,77.6,10.2,7.915199999999999,13146.0,NC,PERQUIMANS,0.0,,-1.0,2.1877576851632945,0.0,2.1877576851632945,0.6113944314127877,0.3886055685872123,VALID,1745.0,Low Access
37145,Person County,NC,75.7,8.3,6.283100000000001,39275.0,NC,PERSON,0.0,,-1.0,1.985556595747034,0.0,1.985556595747034,0.5548869758873951,0.4451130241126049,VALID,1471.0,Moderate Access
37147,Pitt County,NC,100.1,10.0,10.01,172279.0,NC,PITT,1.0,13.7,0.0,2.3988039507345884,0.0,2.3988039507345884,0.6703737746992096,0.32962622530079044,VALID,1998.0,Low Access
37149,Polk County,NC,74.7,9.7,7.245899999999999,19689.0,NC,POLK,0.0,,-1.0,2.109716107119251,0.0,2.109716107119251,0.5895848011423159,0.41041519885768407,VALID,1652.0,Moderate Access
37151,Randolph County,NC,88.0,12.4,10.912,145322.0,NC,RANDOLPH,1.0,12.7,1.0,2.477546295381708,0.6931471805599453,1.8080187570095119,0.5052719537552339,0.4947280462447661,VALID,1216.0,Moderate Access
37153,Richmond County,NC,195.6,9.5,18.582,42818.0,NC,RICHMOND,0.0,,-1.0,2.9746107769318795,0.0,2.9746107769318795,0.8312897159361926,0.1687102840638074,VALID,2378.0,Lowest Access
37155,Robeson County,NC,108.8,14.3,15.5584,116858.0,NC,ROBESON,1.0,14.1,1.0,2.8068935259317715,0.6931471805599453,2.0483637998099775,0.5724391824581261,0.4275608175418739,VALID,1555.0,Moderate Access
37157,Rockingham County,NC,90.1,10.1,9.1001,91585.0,NC,ROCKINGHAM,1.0,12.8,1.0,2.312545324788298,0.6931471805599453,1.6876073441879815,0.4716215784065878,0.5283784215934122,VALID,1048.0,Moderate Access
37159,Rowan County,NC,93.8,10.2,9.5676,148487.0,NC,ROWAN,1.0,16.7,0.0,2.3577927163901404,0.0,2.3577927163901404,0.6589127063763305,0.3410872936236695,VALID,1951.0,Low Access
37161,Rutherford County,NC,120.7,11.8,14.242600000000005,64850.0,NC,RUTHERFORD,1.0,14.7,1.0,2.724094139381889,0.6931471805599453,1.9879399666690494,0.5555530367220083,0.4444469632779917,VALID,1474.0,Moderate Access
37163,Sampson County,NC,98.8,16.0,15.808,59245.0,NC,SAMPSON,1.0,14.7,1.0,2.8218549635426995,0.6931471805599453,2.0592820861333485,0.57549042506326,0.42450957493674,VALID,1573.0,Moderate Access
37165,Scotland County,NC,127.9,11.8,15.092200000000002,34353.0,NC,SCOTLAND,1.0,13.5,1.0,2.7783346825462267,0.6931471805599453,2.027522645553521,0.5666148785404546,0.43338512145954544,VALID,1522.0,Moderate Access
37167,Stanly County,NC,98.8,10.5,10.374,63557.0,NC,STANLY,1.0,14.5,1.0,2.431330048884608,0.6931471805599453,1.7742919036703462,0.4958465907634899,0.5041534092365101,VALID,1164.0,Moderate Access
37169,Stokes County,NC,89.4,8.6,7.688400000000001,44889.0,NC,STOKES,0.0,,-1.0,2.1619888026474015,0.0,2.1619888026474015,0.6041930162922775,0.3958069837077225,VALID,1714.0,Low Access
37171,Surry County,NC,98.9,11.9,11.769100000000002,71407.0,NC,SURRY,2.0,14.8,1.0,2.5470281898787124,1.0986122886681096,1.4560918480578562,0.406921869622723,0.593078130377277,VALID,707.0,Good Access
37173,Swain County,NC,98.7,23.2,22.8984,14065.0,NC,SWAIN,0.0,,-1.0,3.1738115110898133,0.0,3.1738115110898133,0.8869586871497067,0.11304131285029329,VALID,2418.0,Lowest Access
37175,Transylvania County,NC,74.9,11.8,8.838200000000002,33243.0,NC,TRANSYLVANIA,0.0,,-1.0,2.2862727675017407,0.0,2.2862727675017407,0.6389256215260121,0.36107437847398793,VALID,1859.0,Low Access
37177,Tyrrell County,NC,80.4,12.8,10.291200000000002,3376.0,NC,TYRRELL,0.0,,-1.0,2.424023661264429,0.0,2.424023661264429,0.6774217172955744,0.32257828270442557,INSUFFICIENT DATA,,
37179,Union County,NC,82.3,7.9,6.5017,244975.0,NC,UNION,1.0,13.1,1.0,2.0151296615239236,0.6931471805599453,1.4705647408619489,0.41096648851578654,0.5890335114842135,VALID,720.0,Good Access
37181,Vance County,NC,93.9,12.9,12.1131,42361.0,NC,VANCE,1.0,14.1,1.0,2.5736117305401893,0.6931471805599453,1.8781236462665079,0.5248635836680039,0.4751364163319961,VALID,1316.0,Moderate Access
37183,Wake County,NC,112.6,8.2,9.233199999999998,1151009.0,NC,WAKE,3.0,12.333333333333334,0.0,2.3256373365241982,0.0,2.3256373365241982,0.6499265099966649,0.3500734900033351,VALID,1914.0,Low Access
37185,Warren County,NC,96.9,10.6,10.271400000000002,18751.0,NC,WARREN,0.0,,-1.0,2.4222685439390568,0.0,2.4222685439390568,0.6769312292646166,0.3230687707353834,VALID,2020.0,Low Access
37187,Washington County,NC,94.1,8.4,7.904399999999999,10905.0,NC,WASHINGTON,0.0,,-1.0,2.186545536594037,0.0,2.186545536594037,0.6110556823409344,0.38894431765906556,VALID,1742.0,Low Access
37189,Watauga County,NC,55.4,10.7,5.9278,54607.0,NC,WATAUGA,1.0,13.2,1.0,1.9355423024831577,0.6931471805599453,1.412484922844104,0.39473540517671557,0.6052645948232844,VALID,644.0,Good Access
37191,Wayne County,NC,109.1,12.1,13.2011,117606.0,NC,WAYNE,1.0,12.5,0.0,2.6533194263957056,0.0,2.6533194263957056,0.741501096332167,0.258498903667833,VALID,2214.0,Lowest Access
37193,Wilkes County,NC,86.4,11.4,9.849600000000002,65983.0,NC,WILKES,1.0,13.8,1.0,2.3841282129474406,0.6931471805599453,1.7398458047624201,0.4862202261989755,0.5137797738010246,VALID,1118.0,Moderate Access
37195,Wilson County,NC,110.4,12.8,14.131200000000002,78648.0,NC,WILSON,1.0,14.3,1.0,2.716758837279111,0.6931471805599453,1.9825869430686929,0.5540570717700055,0.4459429282299945,VALID,1469.0,Moderate Access
37197,Yadkin County,NC,98.4,11.9,11.7096,37419.0,NC,YADKIN,0.0,,-1.0,2.5423576134236767,0.0,2.5423576134236767,0.7104915220037824,0.2895084779962176,VALID,2129.0,Low Access
37199,Yancey County,NC,67.9,9.4,6.382600000000001,18676.0,NC,YANCEY,0.0,,-1.0,1.9991258800911023,0.0,1.9991258800911023,0.5586790708449318,0.44132092915506815,VALID,1486.0,Moderate Access
00037,North Carolina,NC,91.7,,,,NC,NORTH CAROLINA,0.0,,-1.0,,0.0,,,,VALID,,
38001,Adams County,ND,43.0,8.1,3.483,2179.0,ND,ADAMS,0.0,,-1.0,1.5002924651733025,0.0,1.5002924651733025,0.41927424820315773,0.5807257517968423,INSUFFICIENT DATA,,
38003,Barnes County,ND,59.3,4.8,2.8464,10794.0,ND,BARNES,0.0,,-1.0,1.3471376459186968,0.0,1.3471376459186968,0.37647334558431544,0.6235266544156846,VALID,557.0,Good Access
38005,Benson County,ND,79.8,7.7,6.1446000000000005,5861.0,ND,BENSON,0.0,,-1.0,1.9663568266096743,0.0,1.9663568266096743,0.5495213762075948,0.4504786237924052,INSUFFICIENT DATA,,
38007,Billings County,ND,45.3,4.0,1.812,948.0,ND,BILLINGS,0.0,,-1.0,1.0338959739484186,0.0,1.0338959739484186,0.28893430265106457,0.7110656973489354,INSUFFICIENT DATA,,
38009,Bottineau County,ND,88.6,7.5,6.645,6390.0,ND,BOTTINEAU,0.0,,-1.0,2.0340518393810254,0.0,2.0340518393810254,0.5684395379964916,0.4315604620035084,INSUFFICIENT DATA,,
38011,Bowman County,ND,27.8,7.8,2.1684,2935.0,ND,BOWMAN,0.0,,-1.0,1.1532267286079876,0.0,1.1532267286079876,0.3222826754575806,0.6777173245424194,INSUFFICIENT DATA,,
38013,Burke County,ND,59.0,4.4,2.596,2163.0,ND,BURKE,0.0,,-1.0,1.279822116609374,0.0,1.279822116609374,0.3576612348800844,0.6423387651199156,INSUFFICIENT DATA,,
38015,Burleigh County,ND,54.6,4.7,2.5662000000000003,98986.0,ND,BURLEIGH,2.0,13.4,1.0,1.2715006031178093,1.0986122886681096,0.7268948456705746,0.2031392525230579,0.7968607474769421,VALID,49.0,Highest Access
38017,Cass County,ND,57.2,5.7,3.2604,189286.0,ND,CASS,2.0,13.15,0.0,1.4493630525868737,0.0,1.4493630525868737,0.4050414291566815,0.5949585708433185,VALID,697.0,Good Access
38019,Cavalier County,ND,66.5,3.5,2.3275,3663.0,ND,CAVALIER,0.0,,-1.0,1.2022212712871296,0.0,1.2022212712871296,0.3359747725151246,0.6640252274848755,INSUFFICIENT DATA,,
38021,Dickey County,ND,59.6,8.0,4.768,4959.0,ND,DICKEY,0.0,,-1.0,1.7523253999826478,0.0,1.7523253999826478,0.48970779480663107,0.5102922051933689,INSUFFICIENT DATA,,
38023,Divide County,ND,57.8,8.3,4.7974,2174.0,ND,DIVIDE,0.0,,-1.0,1.757409541184643,0.0,1.757409541184643,0.4911286174326909,0.5088713825673091,INSUFFICIENT DATA,,
38025,Dunn County,ND,49.2,17.3,8.511600000000001,4043.0,ND,DUNN,0.0,,-1.0,2.2525121063596054,0.0,2.2525121063596054,0.6294908105489568,0.37050918945104316,INSUFFICIENT DATA,,
38027,Eddy County,ND,72.6,5.8,4.210799999999999,2319.0,ND,EDDY,0.0,,-1.0,1.6507333948412717,0.0,1.6507333948412717,0.461316722687115,0.538683277312885,INSUFFICIENT DATA,,
38029,Emmons County,ND,58.5,6.5,3.8025,3269.0,ND,EMMONS,0.0,,-1.0,1.5691366156605748,0.0,1.5691366156605748,0.4385135499451697,0.5614864500548302,INSUFFICIENT DATA,,
38031,Foster County,ND,67.1,4.7,3.1537,3372.0,ND,FOSTER,0.0,,-1.0,1.4239995032985393,0.0,1.4239995032985393,0.3979532891396604,0.6020467108603396,INSUFFICIENT DATA,,
38035,Grand Forks County,ND,57.9,4.9,2.8371000000000004,72764.0,ND,GRAND FORKS,1.0,11.8,0.0,1.3447168729528325,0.0,1.3447168729528325,0.3757968323118076,0.6242031676881924,VALID,553.0,Good Access
38037,Grant County,ND,50.0,5.0,2.5,2276.0,ND,GRANT,0.0,,-1.0,1.252762968495368,0.0,1.252762968495368,0.3500992399718401,0.6499007600281599,INSUFFICIENT DATA,,
38039,Griggs County,ND,59.8,5.7,3.4086000000000003,2340.0,ND,GRIGGS,0.0,,-1.0,1.4835571787401005,0.0,1.4835571787401005,0.41459737699262694,0.585402623007373,INSUFFICIENT DATA,,
38041,Hettinger County,ND,46.1,5.3,2.4433,2453.0,ND,HETTINGER,0.0,,-1.0,1.2364303138744703,0.0,1.2364303138744703,0.34553488892276135,0.6544651110772386,INSUFFICIENT DATA,,
38043,Kidder County,ND,58.4,3.4,1.9856,2374.0,ND,KIDDER,0.0,,-1.0,1.0938007316708878,0.0,1.0938007316708878,0.3056753867002865,0.6943246132997135,INSUFFICIENT DATA,,
38045,LaMoure County,ND,55.0,5.5,3.025,4107.0,ND,LAMOURE,0.0,,-1.0,1.3925249108705267,0.0,1.3925249108705267,0.38915734675903163,0.6108426532409683,INSUFFICIENT DATA,,
38047,Logan County,ND,62.9,3.0,1.887,1848.0,ND,LOGAN,0.0,,-1.0,1.0602179006807981,0.0,1.0602179006807981,0.2962902724357307,0.7037097275642693,INSUFFICIENT DATA,,
38049,McHenry County,ND,58.2,7.3,4.2486,5264.0,ND,MCHENRY,0.0,,-1.0,1.657961374374988,0.0,1.657961374374988,0.4633366659684249,0.5366633340315752,INSUFFICIENT DATA,,
38051,McIntosh County,ND,74.6,6.7,4.9982,2512.0,ND,MCINTOSH,0.0,,-1.0,1.791459424219053,0.0,1.791459424219053,0.5006442548447662,0.49935574515523384,INSUFFICIENT DATA,,
38053,McKenzie County,ND,64.1,13.5,8.6535,14280.0,ND,MCKENZIE,0.0,,-1.0,2.2673205438937343,0.0,2.2673205438937343,0.6336292013349615,0.3663707986650385,VALID,1835.0,Low Access
38055,McLean County,ND,53.8,5.6,3.0128,9807.0,ND,MCLEAN,0.0,,-1.0,1.3894892520164097,0.0,1.3894892520164097,0.38830899644507194,0.6116910035549281,INSUFFICIENT DATA,,
38057,Mercer County,ND,48.1,8.0,3.848,8341.0,ND,MERCER,0.0,,-1.0,1.5785662487670133,0.0,1.5785662487670133,0.4411487710259321,0.5588512289740679,INSUFFICIENT DATA,,
38059,Morton County,ND,53.7,4.8,2.5776,33479.0,ND,MORTON,0.0,,-1.0,1.2746921845385883,0.0,1.2746921845385883,0.3562276154610443,0.6437723845389557,VALID,457.0,Good Access
38061,Mountrail County,ND,54.4,16.4,8.921599999999998,9567.0,ND,MOUNTRAIL,0.0,,-1.0,2.2947141986134763,0.0,2.2947141986134763,0.641284678020189,0.35871532197981104,INSUFFICIENT DATA,,
38063,Nelson County,ND,63.0,4.7,2.9610000000000003,3015.0,ND,NELSON,0.0,,-1.0,1.3764965186397797,0.0,1.3764965186397797,0.3846780253877312,0.6153219746122688,INSUFFICIENT DATA,,
38065,Oliver County,ND,52.8,3.0,1.584,1821.0,ND,OLIVER,0.0,,-1.0,0.9493385859203555,0.0,0.9493385859203555,0.26530375319589977,0.7346962468041003,INSUFFICIENT DATA,,
38067,Pembina County,ND,55.4,6.4,3.5456,6787.0,ND,PEMBINA,0.0,,-1.0,1.5141597321177864,0.0,1.5141597321177864,0.42314961787790273,0.5768503821220973,INSUFFICIENT DATA,,
38069,Pierce County,ND,81.8,8.7,7.1166,3961.0,ND,PIERCE,0.0,,-1.0,2.093911347274396,0.0,2.093911347274396,0.5851679764525929,0.4148320235474071,INSUFFICIENT DATA,,
38071,Ramsey County,ND,69.5,8.0,5.56,11563.0,ND,RAMSEY,0.0,,-1.0,1.8809906029559977,0.0,1.8809906029559977,0.5256647881921351,0.47433521180786486,VALID,1322.0,Moderate Access
38073,Ransom County,ND,57.0,4.0,2.28,5662.0,ND,RANSOM,0.0,,-1.0,1.1878434223960523,0.0,1.1878434223960523,0.33195671475337435,0.6680432852466256,INSUFFICIENT DATA,,
38075,Renville County,ND,64.0,5.9,3.776,2277.0,ND,RENVILLE,0.0,,-1.0,1.563603376090301,0.0,1.563603376090301,0.43696722153600415,0.5630327784639959,INSUFFICIENT DATA,,
38077,Richland County,ND,57.0,6.5,3.705,16550.0,ND,RICHLAND,0.0,,-1.0,1.548625773037343,0.0,1.548625773037343,0.4327815554704288,0.5672184445295712,VALID,840.0,Good Access
38079,Rolette County,ND,87.6,24.2,21.1992,12065.0,ND,ROLETTE,0.0,,-1.0,3.1000562521928843,0.0,3.1000562521928843,0.8663469188159458,0.13365308118405417,VALID,2409.0,Lowest Access
38081,Sargent County,ND,57.0,4.1,2.337,3822.0,ND,SARGENT,0.0,,-1.0,1.205072199769237,0.0,1.205072199769237,0.33677149776954257,0.6632285022304574,INSUFFICIENT DATA,,
38083,Sheridan County,ND,56.7,6.6,3.7422,1327.0,ND,SHERIDAN,0.0,,-1.0,1.55650116305074,0.0,1.55650116305074,0.4349824251700525,0.5650175748299475,INSUFFICIENT DATA,,
38085,Sioux County,ND,54.1,24.3,13.146300000000002,3789.0,ND,SIOUX,0.0,,-1.0,2.649453105797379,0.0,2.649453105797379,0.7404206078942086,0.2595793921057914,INSUFFICIENT DATA,,
38087,Slope County,ND,37.4,2.9,1.0846,795.0,ND,SLOPE,0.0,,-1.0,0.7345769903230849,0.0,0.7345769903230849,0.2052861175500692,0.7947138824499308,INSUFFICIENT DATA,,
38089,Stark County,ND,51.8,7.5,3.885,33116.0,ND,STARK,0.0,,-1.0,1.586169285494746,0.0,1.586169285494746,0.4432735284196266,0.5567264715803735,VALID,898.0,Good Access
38091,Steele County,ND,60.2,3.9,2.3478,1731.0,ND,STEELE,0.0,,-1.0,1.2083034136863824,0.0,1.2083034136863824,0.33767449822934836,0.6623255017706516,INSUFFICIENT DATA,,
38093,Stutsman County,ND,61.3,5.3,3.2489,21525.0,ND,STUTSMAN,0.0,,-1.0,1.4466601259063234,0.0,1.4466601259063234,0.4042860647339154,0.5957139352660846,VALID,693.0,Good Access
38095,Towner County,ND,85.5,5.3,4.531499999999999,2113.0,ND,TOWNER,0.0,,-1.0,1.7104590264928283,0.0,1.7104590264928283,0.47800774786417777,0.5219922521358222,INSUFFICIENT DATA,,
38097,Traill County,ND,60.1,5.1,3.0651,7980.0,ND,TRAILL,0.0,,-1.0,1.4024383429431952,0.0,1.4024383429431952,0.3919277711101938,0.6080722288898062,INSUFFICIENT DATA,,
38099,Walsh County,ND,56.7,7.5,4.2525,10488.0,ND,WALSH,0.0,,-1.0,1.6587041537370184,0.0,1.6587041537370184,0.4635442443345271,0.5364557556654729,VALID,1007.0,Moderate Access
38101,Ward County,ND,53.2,6.1,3.2452,69232.0,ND,WARD,1.0,13.2,0.0,1.4457889329055305,0.0,1.4457889329055305,0.40404259967698386,0.5959574003230161,VALID,691.0,Good Access
38103,Wells County,ND,70.6,5.1,3.6006,3942.0,ND,WELLS,0.0,,-1.0,1.5261867297717813,0.0,1.5261867297717813,0.42651070281072434,0.5734892971892757,INSUFFICIENT DATA,,
38105,Williams County,ND,67.0,11.7,7.838999999999999,39368.0,ND,WILLIAMS,0.0,,-1.0,2.179173748078811,0.0,2.179173748078811,0.6089955499604942,0.3910044500395058,VALID,1731.0,Low Access
00038,North Dakota,ND,57.5,,,,ND,NORTH DAKOTA,0.0,,-1.0,,0.0,,,,VALID,,
31001,Adams County,NE,60.4,5.4,3.2616,31034.0,NE,ADAMS,1.0,15.0,1.0,1.4496446766206523,0.6931471805599453,1.0578953746352984,0.2956412154123411,0.7043587845876589,VALID,221.0,Highest Access
31003,Antelope County,NE,65.8,6.0,3.948,6302.0,NE,ANTELOPE,0.0,,-1.0,1.5989834545302415,0.0,1.5989834545302415,0.4468545975867539,0.5531454024132461,INSUFFICIENT DATA,,
31007,Banner County,NE,59.9,6.4,3.8336,657.0,NE,BANNER,0.0,,-1.0,1.5755915316502704,0.0,1.5755915316502704,0.44031745159209396,0.559682548407906,INSUFFICIENT DATA,,
31009,Blaine County,NE,56.1,5.7,3.1977,385.0,NE,BLAINE,0.0,,-1.0,1.4345367562436293,0.0,1.4345367562436293,0.4008980475179335,0.5991019524820664,INSUFFICIENT DATA,,
31011,Boone County,NE,72.0,4.8,3.4559999999999995,5366.0,NE,BOONE,0.0,,-1.0,1.4942515026249827,0.0,1.4942515026249827,0.4175860306791314,0.5824139693208685,INSUFFICIENT DATA,,
31013,Box Butte County,NE,63.3,7.9,5.0007,10754.0,NE,BOX BUTTE,0.0,,-1.0,1.7918761290896954,0.0,1.7918761290896954,0.5007607078867009,0.4992392921132991,VALID,1184.0,Moderate Access
31015,Boyd County,NE,75.4,9.1,6.8614,1704.0,NE,BOYD,0.0,,-1.0,2.061964707628503,0.0,2.061964707628503,0.576240114964865,0.42375988503513495,INSUFFICIENT DATA,,
31017,Brown County,NE,61.2,6.5,3.978,2739.0,NE,BROWN,0.0,,-1.0,1.6050282039454002,0.0,1.6050282039454002,0.44854387339493734,0.5514561266050626,INSUFFICIENT DATA,,
31019,Buffalo County,NE,61.1,7.5,4.5825,50323.0,NE,BUFFALO,2.0,13.0,1.0,1.7196367047321757,1.0986122886681096,0.9830864838213007,0.27473499733616896,0.725265002663831,VALID,162.0,Highest Access
31021,Burt County,NE,51.7,8.4,4.3428,6730.0,NE,BURT,0.0,,-1.0,1.6757498601208134,0.0,1.6757498601208134,0.46830786602500324,0.5316921339749967,INSUFFICIENT DATA,,
31023,Butler County,NE,73.3,6.0,4.398,8413.0,NE,BUTLER,0.0,,-1.0,1.686028514595813,0.0,1.686028514595813,0.47118035604117325,0.5288196439588267,INSUFFICIENT DATA,,
31025,Cass County,NE,72.2,5.1,3.6822,26963.0,NE,CASS,0.0,,-1.0,1.5437680849440807,0.0,1.5437680849440807,0.43142401780988154,0.5685759821901184,VALID,831.0,Good Access
31027,Cedar County,NE,58.5,6.6,3.861,8344.0,NE,CEDAR,0.0,,-1.0,1.5812441780633184,0.0,1.5812441780633184,0.44189714963777815,0.5581028503622218,INSUFFICIENT DATA,,
31029,Chase County,NE,66.3,9.5,6.298500000000001,3639.0,NE,CHASE,0.0,,-1.0,1.9876688475884958,0.0,1.9876688475884958,0.555477269329109,0.444522730670891,INSUFFICIENT DATA,,
31031,Cherry County,NE,76.7,8.0,6.136,5468.0,NE,CHERRY,0.0,,-1.0,1.9651523952777084,0.0,1.9651523952777084,0.5491847838078162,0.4508152161921838,INSUFFICIENT DATA,,
31033,Cheyenne County,NE,61.1,5.9,3.6049,9478.0,NE,CHEYENNE,0.0,,-1.0,1.5271209539448831,0.0,1.5271209539448831,0.4267717826647682,0.5732282173352319,INSUFFICIENT DATA,,
31035,Clay County,NE,62.3,7.9,4.9217,6084.0,NE,CLAY,0.0,,-1.0,1.7786235698349144,0.0,1.7786235698349144,0.4970571254537422,0.5029428745462579,INSUFFICIENT DATA,,
31037,Colfax County,NE,68.2,11.3,7.706600000000001,10541.0,NE,COLFAX,0.0,,-1.0,2.164081358742965,0.0,2.164081358742965,0.6047778055278143,0.39522219447218565,VALID,1716.0,Low Access
31039,Cuming County,NE,60.7,8.6,5.2202,8976.0,NE,CUMING,1.0,14.4,1.0,1.8278020605749843,0.6931471805599453,1.3338602050667483,0.3727628096984877,0.6272371903015124,VALID,539.0,Good Access
31041,Custer County,NE,66.5,7.2,4.788,10544.0,NE,CUSTER,0.0,,-1.0,1.7557868087692374,0.0,1.7557868087692374,0.4906751259106725,0.5093248740893275,VALID,1140.0,Moderate Access
31043,Dakota County,NE,77.9,7.8,6.0762,21331.0,NE,DAKOTA,0.0,,-1.0,1.9567370404543503,0.0,1.9567370404543503,0.5468330146369175,0.45316698536308253,VALID,1439.0,Moderate Access
31045,Dawes County,NE,72.7,10.1,7.3427,8212.0,NE,DAWES,0.0,,-1.0,2.1213869049850373,0.0,2.1213869049850373,0.5928463418850026,0.4071536581149974,INSUFFICIENT DATA,,
31047,Dawson County,NE,63.8,11.5,7.337,24020.0,NE,DAWSON,0.0,,-1.0,2.1207034394284765,0.0,2.1207034394284765,0.592655339454442,0.40734466054555796,VALID,1664.0,Moderate Access
31049,Deuel County,NE,63.3,10.6,6.709799999999999,1865.0,NE,DEUEL,0.0,,-1.0,2.042492246901557,0.0,2.042492246901557,0.5707983084361542,0.4292016915638458,INSUFFICIENT DATA,,
31051,Dixon County,NE,86.2,8.9,7.671800000000001,5561.0,NE,DIXON,0.0,,-1.0,2.1600763817007143,0.0,2.1600763817007143,0.6036585679275198,0.3963414320724802,INSUFFICIENT DATA,,
31053,Dodge County,NE,70.1,6.2,4.3462,37146.0,NE,DODGE,1.0,12.2,1.0,1.6763860281654699,0.6931471805599453,1.2233625618062884,0.34188295301607846,0.6581170469839215,VALID,393.0,Good Access
31055,Douglas County,NE,69.7,8.7,6.0639,585461.0,NE,DOUGLAS,5.0,13.1,-0.16666666666666666,1.954997306916067,0.0,1.954997306916067,0.546346825784897,0.453653174215103,VALID,1436.0,Moderate Access
31057,Dundy County,NE,69.2,5.2,3.5984000000000003,1811.0,NE,DUNDY,0.0,,-1.0,1.5257084169025688,0.0,1.5257084169025688,0.4263770326941969,0.5736229673058031,INSUFFICIENT DATA,,
31059,Fillmore County,NE,67.5,4.2,2.835,5551.0,NE,FILLMORE,0.0,,-1.0,1.3441694348192195,0.0,1.3441694348192195,0.37564384433297254,0.6243561556670274,INSUFFICIENT DATA,,
31061,Franklin County,NE,66.8,6.7,4.4756,2868.0,NE,FRANKLIN,0.0,,-1.0,1.7003018587392202,0.0,1.7003018587392202,0.4751692087308925,0.5248307912691075,INSUFFICIENT DATA,,
31063,Frontier County,NE,65.3,7.2,4.7016,2562.0,NE,FRONTIER,0.0,,-1.0,1.740746837205524,0.0,1.740746837205524,0.4864720302364938,0.5135279697635062,INSUFFICIENT DATA,,
31065,Furnas County,NE,51.5,6.4,3.2960000000000003,4605.0,NE,FURNAS,0.0,,-1.0,1.4576843572065636,0.0,1.4576843572065636,0.40736691489994753,0.5926330851000525,INSUFFICIENT DATA,,
31067,Gage County,NE,73.3,5.2,3.8116,21646.0,NE,GAGE,0.0,,-1.0,1.5710296691377805,0.0,1.5710296691377805,0.4390425858444283,0.5609574141555718,VALID,876.0,Good Access
31069,Garden County,NE,67.3,9.2,6.191599999999999,1620.0,NE,GARDEN,0.0,,-1.0,1.9729136782700027,0.0,1.9729136782700027,0.5513537649679731,0.44864623503202694,INSUFFICIENT DATA,,
31071,Garfield County,NE,72.7,5.5,3.9985,1797.0,NE,GARFIELD,0.0,,-1.0,1.6091378674250985,0.0,1.6091378674250985,0.44969236684259284,0.5503076331574072,INSUFFICIENT DATA,,
31073,Gosper County,NE,57.9,11.5,6.6585,1929.0,NE,GOSPER,0.0,,-1.0,2.0358161421224716,0.0,2.0358161421224716,0.5689325929992288,0.4310674070007712,INSUFFICIENT DATA,,
31075,Grant County,NE,61.5,8.6,5.289,695.0,NE,GRANT,0.0,,-1.0,1.8388020755613663,0.0,1.8388020755613663,0.5138747115792134,0.4861252884207866,INSUFFICIENT DATA,,
31077,Greeley County,NE,67.3,4.5,3.0285,2211.0,NE,GREELEY,0.0,,-1.0,1.3933940982351136,0.0,1.3933940982351136,0.3894002513175057,0.6105997486824943,INSUFFICIENT DATA,,
31079,Hall County,NE,58.3,12.4,7.2292,62431.0,NE,HALL,1.0,12.8,0.0,2.1076888046179385,0.0,2.1076888046179385,0.5890182477856543,0.41098175221434574,VALID,1646.0,Moderate Access
31081,Hamilton County,NE,59.4,5.8,3.4452,9438.0,NE,HAMILTON,0.0,,-1.0,1.4918248623293544,0.0,1.4918248623293544,0.4169078777128086,0.5830921222871914,INSUFFICIENT DATA,,
31083,Harlan County,NE,56.2,8.4,4.7208000000000006,3006.0,NE,HARLAN,0.0,,-1.0,1.7441086557520493,0.0,1.7441086557520493,0.48741152968504103,0.512588470314959,INSUFFICIENT DATA,,
31085,Hayes County,NE,71.5,5.5,3.9325,854.0,NE,HAYES,0.0,,-1.0,1.5958459589146334,0.0,1.5958459589146334,0.4459777878006547,0.5540222121993452,INSUFFICIENT DATA,,
31087,Hitchcock County,NE,47.0,7.2,3.3840000000000003,2601.0,NE,HITCHCOCK,0.0,,-1.0,1.4779615496457146,0.0,1.4779615496457146,0.41303361310243014,0.5869663868975699,INSUFFICIENT DATA,,
31089,Holt County,NE,69.3,7.0,4.851,10093.0,NE,HOLT,0.0,,-1.0,1.7666125868060991,0.0,1.7666125868060991,0.49370051599492865,0.5062994840050714,VALID,1158.0,Moderate Access
31093,Howard County,NE,61.5,7.0,4.305,6492.0,NE,HOWARD,0.0,,-1.0,1.6686497720659463,0.0,1.6686497720659463,0.4663236635108376,0.5336763364891624,INSUFFICIENT DATA,,
31095,Jefferson County,NE,67.3,7.7,5.1821,7155.0,NE,JEFFERSON,0.0,,-1.0,1.8216580195739183,0.0,1.8216580195739183,0.509083604943575,0.49091639505642504,INSUFFICIENT DATA,,
31097,Johnson County,NE,73.3,5.0,3.665,5263.0,NE,JOHNSON,0.0,,-1.0,1.5400878342993072,0.0,1.5400878342993072,0.4303955287931695,0.5696044712068304,INSUFFICIENT DATA,,
31099,Kearney County,NE,61.7,5.2,3.2084,6697.0,NE,KEARNEY,0.0,,-1.0,1.4370825279519956,0.0,1.4370825279519956,0.40160949314863514,0.5983905068513649,INSUFFICIENT DATA,,
31101,Keith County,NE,74.4,6.9,5.1336,8239.0,NE,KEITH,0.0,,-1.0,1.8137818532625478,0.0,1.8137818532625478,0.5068825182984178,0.4931174817015822,INSUFFICIENT DATA,,
31103,Keya Paha County,NE,79.4,6.3,5.0022,939.0,NE,KEYA PAHA,0.0,,-1.0,1.792126068688927,0.0,1.792126068688927,0.5008305564262334,0.4991694435737666,INSUFFICIENT DATA,,
31105,Kimball County,NE,59.8,16.8,10.0464,3348.0,NE,KIMBALL,0.0,,-1.0,2.4021045830268624,0.0,2.4021045830268624,0.6712961749345385,0.3287038250654615,INSUFFICIENT DATA,,
31107,Knox County,NE,57.5,6.1,3.5075,8362.0,NE,KNOX,0.0,,-1.0,1.5057426760953352,0.0,1.5057426760953352,0.4207973732870526,0.5792026267129474,INSUFFICIENT DATA,,
31109,Lancaster County,NE,72.9,6.3,4.592700000000001,323673.0,NE,LANCASTER,2.0,14.15,-0.4,1.7214621759241893,0.0,1.7214621759241893,0.48108270645578005,0.5189172935442199,VALID,1096.0,Moderate Access
31111,Lincoln County,NE,66.3,7.8,5.1714,34122.0,NE,LINCOLN,1.0,14.5,1.0,1.819925716554405,0.6931471805599453,1.328112349717925,0.371156504403953,0.628843495596047,VALID,529.0,Good Access
31113,Logan County,NE,74.0,6.9,5.106,812.0,NE,LOGAN,0.0,,-1.0,1.809271894312686,0.0,1.809271894312686,0.5056221576074028,0.4943778423925972,INSUFFICIENT DATA,,
31115,Loup County,NE,67.3,12.1,8.1433,564.0,NE,LOUP,0.0,,-1.0,2.2130213706313007,0.0,2.2130213706313007,0.6184546633191152,0.38154533668088475,INSUFFICIENT DATA,,
31117,McPherson County,NE,75.0,3.7,2.775,463.0,NE,MCPHERSON,0.0,,-1.0,1.328400382700988,0.0,1.328400382700988,0.371236998584411,0.6287630014155889,INSUFFICIENT DATA,,
31119,Madison County,NE,68.0,8.2,5.575999999999999,35535.0,NE,MADISON,1.0,14.9,1.0,1.8834266577538785,0.6931471805599453,1.374452913763255,0.3841069161419548,0.6158930838580452,VALID,600.0,Good Access
31121,Merrick County,NE,66.4,7.8,5.179200000000001,7696.0,NE,MERRICK,0.0,,-1.0,1.8211888132520584,0.0,1.8211888132520584,0.5089524797580418,0.4910475202419582,INSUFFICIENT DATA,,
31123,Morrill County,NE,60.1,6.0,3.606,4544.0,NE,MORRILL,0.0,,-1.0,1.5273598013984935,0.0,1.5273598013984935,0.42683853137468464,0.5731614686253154,INSUFFICIENT DATA,,
31125,Nance County,NE,71.6,6.5,4.654,3342.0,NE,NANCE,0.0,,-1.0,1.7323632592713984,0.0,1.7323632592713984,0.4841291414883476,0.5158708585116524,INSUFFICIENT DATA,,
31127,Nemaha County,NE,79.0,10.3,8.137,7035.0,NE,NEMAHA,0.0,,-1.0,2.2123321040164834,0.0,2.2123321040164834,0.6182620397150864,0.3817379602849136,INSUFFICIENT DATA,,
31129,Nuckolls County,NE,72.1,11.1,8.0031,4089.0,NE,NUCKOLLS,0.0,,-1.0,2.1975689624732944,0.0,2.1975689624732944,0.6141363074226681,0.3858636925773319,INSUFFICIENT DATA,,
31131,Otoe County,NE,75.0,5.4,4.05,16075.0,NE,OTOE,0.0,,-1.0,1.6193882432872684,0.0,1.6193882432872684,0.45255695407020025,0.5474430459297998,VALID,949.0,Good Access
31133,Pawnee County,NE,66.5,9.2,6.117999999999999,2539.0,NE,PAWNEE,0.0,,-1.0,1.9626267870880008,0.0,1.9626267870880008,0.5484789731078518,0.45152102689214824,INSUFFICIENT DATA,,
31135,Perkins County,NE,73.7,5.7,4.200900000000001,2835.0,NE,PERKINS,0.0,,-1.0,1.648831687534376,0.0,1.648831687534376,0.46078526837409944,0.5392147316259006,INSUFFICIENT DATA,,
31137,Phelps County,NE,59.5,5.8,3.451,8983.0,NE,PHELPS,0.0,,-1.0,1.4931287900337173,0.0,1.4931287900337173,0.4172722755356657,0.5827277244643343,INSUFFICIENT DATA,,
31139,Pierce County,NE,57.2,6.2,3.5464,7312.0,NE,PIERCE,0.0,,-1.0,1.5143357110007747,0.0,1.5143357110007747,0.42319879723164694,0.5768012027683531,INSUFFICIENT DATA,,
31141,Platte County,NE,66.2,6.9,4.5678,34358.0,NE,PLATTE,1.0,16.3,0.0,1.7170000028467665,0.0,1.7170000028467665,0.47983570008481047,0.5201642999151895,VALID,1089.0,Moderate Access
31143,Polk County,NE,64.1,7.4,4.743399999999999,5209.0,NE,POLK,0.0,,-1.0,1.7480513694654163,0.0,1.7480513694654163,0.4885133670710345,0.5114866329289656,INSUFFICIENT DATA,,
31145,Red Willow County,NE,51.4,10.7,5.499799999999999,10611.0,NE,RED WILLOW,0.0,,-1.0,1.8717714071974396,0.0,1.8717714071974396,0.5230883762855002,0.4769116237144998,VALID,1308.0,Moderate Access
31147,Richardson County,NE,88.4,7.9,6.983600000000001,7797.0,NE,RICHARDSON,0.0,,-1.0,2.0773894375537054,0.0,2.0773894375537054,0.5805507358559584,0.4194492641440416,INSUFFICIENT DATA,,
31149,Rock County,NE,77.4,6.4,4.953600000000001,1335.0,NE,ROCK,0.0,,-1.0,1.7839960786102211,0.0,1.7839960786102211,0.4985585357654119,0.5014414642345881,INSUFFICIENT DATA,,
31151,Saline County,NE,73.4,9.7,7.119800000000001,14642.0,NE,SALINE,0.0,,-1.0,2.094305523328378,0.0,2.094305523328378,0.5852781335536443,0.41472186644635567,VALID,1627.0,Moderate Access
31153,Sarpy County,NE,70.4,4.7,3.3088000000000006,194051.0,NE,SARPY,1.0,11.9,0.0,1.4606594430751976,0.0,1.4606594430751976,0.40819833738580746,0.5918016626141925,VALID,711.0,Good Access
31155,Saunders County,NE,71.3,4.2,2.9946,22761.0,NE,SAUNDERS,0.0,,-1.0,1.3849434490489343,0.0,1.3849434490489343,0.38703861872478673,0.6129613812752133,VALID,608.0,Good Access
31157,Scotts Bluff County,NE,54.4,9.8,5.3312,35937.0,NE,SCOTTS BLUFF,0.0,,-1.0,1.8454897916490227,0.0,1.8454897916490227,0.5157436719319033,0.4842563280680967,VALID,1265.0,Moderate Access
31159,Seward County,NE,73.1,5.0,3.655,17636.0,NE,SEWARD,0.0,,-1.0,1.5379419107290304,0.0,1.5379419107290304,0.4297958253936558,0.5702041746063442,VALID,826.0,Good Access
31161,Sheridan County,NE,71.7,11.9,8.5323,5058.0,NE,SHERIDAN,0.0,,-1.0,2.2546860316745105,0.0,2.2546860316745105,0.6300983393629814,0.36990166063701857,INSUFFICIENT DATA,,
31163,Sherman County,NE,61.4,5.9,3.6226,2974.0,NE,SHERMAN,0.0,,-1.0,1.5309573173604516,0.0,1.5309573173604516,0.4278438992181968,0.5721561007818032,INSUFFICIENT DATA,,
31165,Sioux County,NE,55.6,9.0,5.004,1197.0,NE,SIOUX,0.0,,-1.0,1.7924259137712155,0.0,1.7924259137712155,0.500914351635749,0.49908564836425096,INSUFFICIENT DATA,,
31167,Stanton County,NE,67.3,5.4,3.6342,5835.0,NE,STANTON,0.0,,-1.0,1.5334635843365112,0.0,1.5334635843365112,0.42854430479016137,0.5714556952098386,INSUFFICIENT DATA,,
31169,Thayer County,NE,69.0,6.4,4.416,4938.0,NE,THAYER,0.0,,-1.0,1.689357535609974,0.0,1.689357535609974,0.47211068983632676,0.5278893101636732,INSUFFICIENT DATA,,
31173,Thurston County,NE,91.3,15.4,14.0602,6666.0,NE,THURSTON,0.0,,-1.0,2.7120555024960495,0.0,2.7120555024960495,0.7579155786554721,0.2420844213445279,INSUFFICIENT DATA,,
31175,Valley County,NE,70.2,6.0,4.212000000000001,4094.0,NE,VALLEY,0.0,,-1.0,1.6509636592625987,0.0,1.6509636592625987,0.46138107276843643,0.5386189272315636,INSUFFICIENT DATA,,
31177,Washington County,NE,70.4,4.5,3.168,20989.0,NE,WASHINGTON,0.0,,-1.0,1.4274363044510658,0.0,1.4274363044510658,0.39891374335302127,0.6010862566469788,VALID,667.0,Good Access
31179,Wayne County,NE,67.2,5.1,3.4272,9786.0,NE,WAYNE,0.0,,-1.0,1.4877673300505245,0.0,1.4877673300505245,0.41577395293796815,0.5842260470620319,INSUFFICIENT DATA,,
31181,Webster County,NE,83.9,5.8,4.8662,3385.0,NE,WEBSTER,0.0,,-1.0,1.7692070647575435,0.0,1.7692070647575435,0.4944255731539979,0.5055744268460021,INSUFFICIENT DATA,,
31183,Wheeler County,NE,73.0,4.6,3.358,785.0,NE,WHEELER,0.0,,-1.0,1.472013236522428,0.0,1.472013236522428,0.41137128754209024,0.5886287124579097,INSUFFICIENT DATA,,
31185,York County,NE,61.9,4.9,3.0331,14231.0,NE,YORK,0.0,,-1.0,1.3945353110214689,0.0,1.3945353110214689,0.3897191765565148,0.6102808234434852,VALID,618.0,Good Access
00031,Nebraska,NE,68.4,,,,NE,NEBRASKA,0.0,,-1.0,,0.0,,,,VALID,,
33001,Belknap County,NH,62.5,6.1,3.8125,64300.0,NH,BELKNAP,1.0,12.4,1.0,1.5712166996139025,0.6931471805599453,1.146613998504857,0.32043467081387256,0.6795653291861274,VALID,307.0,Good Access
33003,Carroll County,NH,58.3,6.7,3.9061,51259.0,NH,CARROLL,2.0,13.2,1.0,1.5904793288328025,1.0986122886681096,0.9092494517417394,0.25410037653166173,0.7458996234683383,VALID,118.0,Highest Access
33005,Cheshire County,NH,60.0,5.9,3.54,76945.0,NH,CHESHIRE,1.0,16.1,1.0,1.5129270120532565,0.6931471805599453,1.104076408532745,0.30854704458769455,0.6914529554123054,VALID,263.0,Good Access
33007,Coos County,NH,62.5,7.0,4.375,31386.0,NH,COOS,0.0,,-1.0,1.6817585740137266,0.0,1.6817585740137266,0.4699870712857109,0.5300129287142892,VALID,1041.0,Moderate Access
33009,Grafton County,NH,65.2,6.0,3.912,91759.0,NH,GRAFTON,3.0,14.933333333333332,0.2,1.5916811908448414,0.4700036292457356,1.3000200965924307,0.36330579623675313,0.6366942037632468,VALID,488.0,Good Access
33011,Hillsborough County,NH,55.6,6.0,3.3360000000000003,424732.0,NH,HILLSBOROUGH,5.0,13.7,1.0,1.4669522641373451,1.791759469228055,0.4422046984485991,0.12357926657488336,0.8764207334251166,VALID,10.0,Highest Access
33013,Merrimack County,NH,63.6,4.9,3.1164000000000005,155018.0,NH,MERRIMACK,1.0,15.4,-0.5,1.4149789949797997,0.0,1.4149789949797997,0.3954324027581421,0.6045675972418578,VALID,650.0,Good Access
33015,Rockingham County,NH,54.6,4.4,2.4024000000000005,317163.0,NH,ROCKINGHAM,3.0,14.066666666666668,0.25,1.2244810649572868,0.5596157879354227,0.9573261076928515,0.26753595942495845,0.7324640405750416,VALID,142.0,Highest Access
33017,Strafford County,NH,57.5,5.8,3.335,131743.0,NH,STRAFFORD,2.0,12.35,1.0,1.4667216102325051,1.0986122886681096,0.838499310104433,0.234328423306647,0.7656715766933531,VALID,84.0,Highest Access
33019,Sullivan County,NH,64.3,6.4,4.1152,43529.0,NH,SULLIVAN,0.0,,-1.0,1.6322164993234398,0.0,1.6322164993234398,0.45614196001415935,0.5438580399858406,VALID,972.0,Good Access
00033,New Hampshire,NH,59.5,,,,NH,NEW HAMPSHIRE,0.0,,-1.0,,0.0,,,,VALID,,
34001,Atlantic County,NJ,55.6,7.5,4.17,274704.0,NJ,ATLANTIC,2.0,13.75,0.3333333333333333,1.6428726885203377,0.5108256237659907,1.3156843705755081,0.36768336051195893,0.6323166394880411,VALID,513.0,Good Access
34003,Bergen County,NJ,49.7,6.2,3.0814000000000004,954717.0,NJ,BERGEN,5.0,12.66,0.5714285714285714,1.4064400668128485,1.3499267169490157,0.6662340208512983,0.1861868766950905,0.8138131233049095,VALID,34.0,Highest Access
34005,Burlington County,NJ,70.4,3.8,2.6752,464226.0,NJ,BURLINGTON,2.0,12.15,-0.2,1.3016075529526967,0.0,1.3016075529526967,0.3637494294532467,0.6362505705467534,VALID,492.0,Good Access
34007,Camden County,NJ,69.8,6.4,4.4672,524042.0,NJ,CAMDEN,4.0,12.65,0.6,1.6987666023788903,1.2237754316221157,0.8882598272631028,0.2482345808767256,0.7517654191232744,VALID,107.0,Highest Access
34009,Cape May County,NJ,62.1,5.6,3.4776,95236.0,NJ,CAPE MAY,1.0,12.3,1.0,1.4990871885950128,0.6931471805599453,1.093976633423457,0.30572454449903447,0.6942754555009656,VALID,249.0,Good Access
34011,Cumberland County,NJ,81.0,10.2,8.261999999999999,152915.0,NJ,CUMBERLAND,1.0,12.0,1.0,2.22592000805856,0.6931471805599453,1.62439149317797,0.4539551706747568,0.5460448293252431,VALID,958.0,Good Access
34013,Essex County,NJ,59.2,11.6,6.8672,854130.0,NJ,ESSEX,5.0,12.98,0.1111111111111111,2.062702217675538,0.44183275227903923,1.7073854956059766,0.47714881376844126,0.5228511862315588,VALID,1074.0,Moderate Access
34015,Gloucester County,NJ,82.1,4.2,3.4482,304504.0,NJ,GLOUCESTER,0.0,,-1.0,1.4924995199662066,0.0,1.4924995199662066,0.4170964186673571,0.5829035813326429,VALID,754.0,Good Access
34017,Hudson County,NJ,43.0,11.2,4.816,710478.0,NJ,HUDSON,4.0,12.9,0.14285714285714285,1.7606127402312182,0.4519851237430572,1.450364600266161,0.40532132335066073,0.5946786766493393,VALID,698.0,Good Access
34019,Hunterdon County,NJ,47.8,2.9,1.3861999999999997,129448.0,NJ,HUNTERDON,1.0,11.5,1.0,0.8697021424595628,0.6931471805599453,0.6346754405798046,0.1773674629308808,0.8226325370691192,VALID,28.0,Highest Access
34021,Mercer County,NJ,58.1,7.6,4.4156,383286.0,NJ,MERCER,3.0,13.333333333333334,0.5,1.689283677638819,0.9162907318741551,1.0858117327351469,0.3034427676607103,0.6965572323392897,VALID,244.0,Highest Access
34023,Middlesex County,NJ,53.6,7.1,3.8056,861535.0,NJ,MIDDLESEX,5.0,12.919999999999998,0.5714285714285714,1.5697819045538146,1.3499267169490157,0.743609439754154,0.2078103410148635,0.7921896589851365,VALID,56.0,Highest Access
34025,Monmouth County,NJ,65.8,5.2,3.4216,643615.0,NJ,MONMOUTH,5.0,12.42,1.2,1.4865016215369162,1.9459101490553132,0.3587606064867811,0.10025984070531127,0.8997401592946888,VALID,4.0,Highest Access
34027,Morris County,NJ,52.9,4.7,2.4863,510375.0,NJ,MORRIS,3.0,11.799999999999999,0.75,1.2488410019148006,1.1786549963416462,0.6749689750612412,0.18862796164651013,0.8113720383534899,VALID,36.0,Highest Access
34029,Ocean County,NJ,60.2,4.2,2.5284000000000004,646434.0,NJ,OCEAN,4.0,12.725,0.6,1.260844510402475,1.2237754316221157,0.6592768691398727,0.1842426194111573,0.8157573805888427,VALID,33.0,Highest Access
34031,Passaic County,NJ,56.2,12.1,6.8002,518289.0,NJ,PASSAIC,2.0,13.65,1.0,2.0541493743924617,1.0986122886681096,1.1743215762713797,0.3281778769601804,0.6718221230398196,VALID,335.0,Good Access
34033,Salem County,NJ,86.2,5.1,4.3962,64973.0,NJ,SALEM,1.0,10.2,1.0,1.6856950021508545,0.6931471805599453,1.2301558958422507,0.34378142953771584,0.6562185704622842,VALID,401.0,Good Access
34035,Somerset County,NJ,57.7,5.7,3.2889000000000004,346203.0,NJ,SOMERSET,1.0,13.9,0.0,1.4560302898047852,0.0,1.4560302898047852,0.4069046664500909,0.5930953335499092,VALID,706.0,Good Access
34037,Sussex County,NJ,51.4,3.5,1.7990000000000002,145117.0,NJ,SUSSEX,1.0,11.2,1.0,1.0292622105333165,0.6931471805599453,0.7511162903370096,0.2099082180672132,0.7900917819327868,VALID,61.0,Highest Access
34039,Union County,NJ,61.9,12.4,7.6756,572549.0,NJ,UNION,3.0,11.933333333333332,0.2,2.160514487706315,0.4700036292457356,1.764619868069488,0.49314362747514495,0.506856372524855,VALID,1157.0,Moderate Access
34041,Warren County,NJ,57.3,4.7,2.6931,110238.0,NJ,WARREN,2.0,13.05,1.0,1.306466213759977,1.0986122886681096,0.74688407893495,0.20872547717167028,0.7912745228283298,VALID,60.0,Highest Access
00034,New Jersey,NJ,58.7,,,,NJ,NEW JERSEY,0.0,,-1.0,,0.0,,,,VALID,,
35001,Bernalillo County,NM,83.2,8.6,7.1552,674357.0,NM,BERNALILLO,3.0,14.733333333333334,-0.375,2.09865576060364,0.0,2.09865576060364,0.5864938581576337,0.41350614184236634,VALID,1635.0,Moderate Access
35003,Catron County,NM,71.5,8.1,5.7915,3685.0,NM,CATRON,0.0,,-1.0,1.9156718302804083,0.0,1.9156718302804083,0.5353568621382143,0.4646431378617857,INSUFFICIENT DATA,,
35005,Chaves County,NM,55.2,9.4,5.1888,64446.0,NM,CHAVES,1.0,12.1,0.0,1.8227412068367834,0.0,1.8227412068367834,0.5093863142724848,0.4906136857275152,VALID,1240.0,Moderate Access
35006,Cibola County,NM,80.9,12.4,10.0316,27059.0,NM,CIBOLA,0.0,,-1.0,2.400763881675572,0.0,2.400763881675572,0.6709215002866443,0.3290784997133557,VALID,2005.0,Low Access
35007,Colfax County,NM,51.4,7.8,4.0092,12336.0,NM,COLFAX,0.0,,-1.0,1.6112762217077403,0.0,1.6112762217077403,0.4502899549162909,0.5497100450837091,VALID,941.0,Good Access
35009,Curry County,NM,74.4,8.9,6.621600000000001,47932.0,NM,CURRY,1.0,15.3,1.0,2.030986321410433,0.6931471805599453,1.4821363262453462,0.41420030317177237,0.5857996968282276,VALID,738.0,Good Access
35011,De Baca County,NM,54.1,10.0,5.41,1580.0,NM,DE BACA,0.0,,-1.0,1.8578592709325787,0.0,1.8578592709325787,0.51920046735524,0.48079953264476005,INSUFFICIENT DATA,,
35013,Do+�+___a Ana County,NM,88.0,11.0,9.68,221665.0,NM,DO+�+___A ANA,0.0,,-1.0,2.3683728335320486,0.0,2.3683728335320486,0.6618694436549266,0.3381305563450734,VALID,1963.0,Low Access
35015,Eddy County,NM,57.5,9.2,5.29,61114.0,NM,EDDY,0.0,,-1.0,1.8389610707123492,0.0,1.8389610707123492,0.5139191446307309,0.48608085536926915,VALID,1257.0,Moderate Access
35017,Grant County,NM,71.1,5.1,3.6261,27856.0,NM,GRANT,0.0,,-1.0,1.5317141805232917,0.0,1.5317141805232917,0.42805541346689086,0.5719445865331092,VALID,817.0,Good Access
35019,Guadalupe County,NM,63.5,6.5,4.1275,4379.0,NM,GUADALUPE,0.0,,-1.0,1.6346182109643987,0.0,1.6346182109643987,0.45681314637684467,0.5431868536231553,INSUFFICIENT DATA,,
35021,Harding County,NM,55.4,5.9,3.2686,748.0,NM,HARDING,0.0,,-1.0,1.4512859046273308,0.0,1.4512859046273308,0.4055787926123964,0.5944212073876036,INSUFFICIENT DATA,,
35023,Hidalgo County,NM,69.3,9.1,6.3063,4097.0,NM,HIDALGO,0.0,,-1.0,1.9887369896707705,0.0,1.9887369896707705,0.5557757741066213,0.44422422589337873,INSUFFICIENT DATA,,
35025,Lea County,NM,74.7,14.3,10.6821,73154.0,NM,LEA,0.0,,-1.0,2.458057755759531,0.0,2.458057755759531,0.6869329424159785,0.31306705758402154,VALID,2056.0,Low Access
35027,Lincoln County,NM,62.8,11.4,7.159199999999999,20227.0,NM,LINCOLN,0.0,,-1.0,2.099146124954171,0.0,2.099146124954171,0.5866308962013399,0.4133691037986601,VALID,1637.0,Moderate Access
35028,Los Alamos County,NM,52.8,3.4,1.7952,19374.0,NM,LOS ALAMOS,0.0,,-1.0,1.027903660397655,0.0,1.027903660397655,0.2872596806574763,0.7127403193425237,VALID,199.0,Highest Access
35029,Luna County,NM,79.2,8.9,7.048800000000001,25420.0,NM,LUNA,0.0,,-1.0,2.085523011995704,0.0,2.085523011995704,0.5828237582089563,0.41717624179104373,VALID,1611.0,Moderate Access
35031,McKinley County,NM,78.6,19.4,15.248399999999997,71172.0,NM,MCKINLEY,0.0,,-1.0,2.7879944423896292,0.0,2.7879944423896292,0.7791376021424378,0.22086239785756223,VALID,2298.0,Lowest Access
35033,Mora County,NM,50.1,2.0,1.002,4176.0,NM,MORA,0.0,,-1.0,0.6941466808930289,0.0,0.6941466808930289,0.19398739547793664,0.8060126045220634,INSUFFICIENT DATA,,
35035,Otero County,NM,66.7,9.0,6.003000000000001,68235.0,NM,OTERO,1.0,13.7,1.0,1.9463386286733808,0.6931471805599453,1.4203636697700859,0.39693721300475954,0.6030627869952405,VALID,657.0,Good Access
35037,Quay County,NM,65.2,9.9,6.4548000000000005,8616.0,NM,QUAY,0.0,,-1.0,2.008858120224373,0.0,2.008858120224373,0.5613988589928637,0.4386011410071363,INSUFFICIENT DATA,,
35039,Rio Arriba County,NM,75.8,9.2,6.973599999999999,40165.0,NM,RIO ARRIBA,0.0,,-1.0,2.076136084671109,0.0,2.076136084671109,0.5802004717576027,0.4197995282423973,VALID,1595.0,Moderate Access
35041,Roosevelt County,NM,60.0,10.4,6.24,19002.0,NM,ROOSEVELT,0.0,,-1.0,1.979621206397625,0.0,1.979621206397625,0.5532282620265753,0.44677173797342473,VALID,1463.0,Moderate Access
35043,Sandoval County,NM,81.1,5.8,4.703799999999999,151538.0,NM,SANDOVAL,0.0,,-1.0,1.741132619383665,0.0,1.741132619383665,0.4865798415709269,0.5134201584290732,VALID,1122.0,Moderate Access
35045,San Juan County,NM,75.0,12.5,9.375,121178.0,NM,SAN JUAN,1.0,15.8,0.0,2.339399066116762,0.0,2.339399066116762,0.6537723860260635,0.34622761397393653,VALID,1929.0,Low Access
35047,San Miguel County,NM,48.1,7.6,3.6556,27036.0,NM,SAN MIGUEL,0.0,,-1.0,1.5380707960856843,0.0,1.5380707960856843,0.42983184391155804,0.570168156088442,VALID,827.0,Good Access
35049,Santa Fe County,NM,46.2,9.4,4.3428,155175.0,NM,SANTA FE,1.0,12.8,-0.3333333333333333,1.6757498601208134,0.0,1.6757498601208134,0.46830786602500324,0.5316921339749967,VALID,1030.0,Moderate Access
35051,Sierra County,NM,78.9,4.1,3.2349,11511.0,NM,SIERRA,0.0,,-1.0,1.443359715074347,0.0,1.443359715074347,0.40336372638825246,0.5966362736117475,VALID,686.0,Good Access
35053,Socorro County,NM,71.4,8.2,5.8548,16308.0,NM,SOCORRO,0.0,,-1.0,1.924949136804557,0.0,1.924949136804557,0.5379495137768489,0.46205048622315115,VALID,1381.0,Moderate Access
35055,Taos County,NM,43.1,8.1,3.4911000000000003,34516.0,NM,TAOS,1.0,19.5,1.0,1.5020976606134342,0.6931471805599453,1.0961735610396652,0.3063385015747544,0.6936614984252456,VALID,252.0,Good Access
35057,Torrance County,NM,80.7,7.7,6.2139,15290.0,NM,TORRANCE,0.0,,-1.0,1.9760097204501434,0.0,1.9760097204501434,0.552218990107482,0.447781009892518,VALID,1461.0,Moderate Access
35059,Union County,NM,61.7,11.8,7.280600000000001,4039.0,NM,UNION,0.0,,-1.0,2.1139154295399125,0.0,2.1139154295399125,0.5907583508279648,0.4092416491720352,INSUFFICIENT DATA,,
35061,Valencia County,NM,79.8,8.0,6.384,77382.0,NM,VALENCIA,0.0,,-1.0,1.9993154972005511,0.0,1.9993154972005511,0.5587320615603131,0.4412679384396869,VALID,1487.0,Moderate Access
00035,New Mexico,NM,72.5,,,,NM,NEW MEXICO,0.0,,-1.0,,0.0,,,,VALID,,
32001,Churchill County,NV,92.4,8.8,8.131200000000002,25614.0,NV,CHURCHILL,0.0,,-1.0,2.2116971208003067,0.0,2.2116971208003067,0.6180845862406711,0.3819154137593289,VALID,1773.0,Low Access
32003,Clark County,NV,71.1,12.1,8.6031,2293764.0,NV,CLARK,11.0,14.118181818181819,-0.125,2.2620859630140915,0.0,2.2620859630140915,0.6321663365843094,0.36783366341569057,VALID,1828.0,Low Access
32005,Douglas County,NV,75.4,5.9,4.448600000000001,49624.0,NV,DOUGLAS,0.0,,-1.0,1.6953586949417008,0.0,1.6953586949417008,0.4737877838866968,0.5262122161133032,VALID,1059.0,Moderate Access
32007,Elko County,NV,60.3,8.9,5.3667,53852.0,NV,ELKO,1.0,13.9,1.0,1.851081281972863,0.6931471805599453,1.3508484926375595,0.3775103850312,0.6224896149688,VALID,566.0,Good Access
32009,Esmeralda County,NV,57.5,6.9,3.9675,962.0,NV,ESMERALDA,0.0,,-1.0,1.6029166954438347,0.0,1.6029166954438347,0.44795378768823735,0.5520462123117627,INSUFFICIENT DATA,,
32011,Eureka County,NV,59.4,10.4,6.1776,1660.0,NV,EUREKA,0.0,,-1.0,1.970965065343752,0.0,1.970965065343752,0.5508092023319151,0.4491907976680849,INSUFFICIENT DATA,,
32013,Humboldt County,NV,68.7,8.0,5.496,17299.0,NV,HUMBOLDT,0.0,,-1.0,1.8711866028593769,0.0,1.8711866028593769,0.5229249458845091,0.4770750541154909,VALID,1305.0,Moderate Access
32015,Lander County,NV,56.6,5.1,2.8866,5745.0,NV,LANDER,0.0,,-1.0,1.357534739448466,0.0,1.357534739448466,0.37937893477734547,0.6206210652226545,INSUFFICIENT DATA,,
32017,Lincoln County,NV,70.8,10.2,7.2216,4452.0,NV,LINCOLN,0.0,,-1.0,2.1067648373287264,0.0,2.1067648373287264,0.5887600343375824,0.4112399656624176,INSUFFICIENT DATA,,
32019,Lyon County,NV,75.9,9.0,6.831,60630.0,NV,LYON,0.0,,-1.0,2.0580902157688006,0.0,2.0580902157688006,0.5751573429724999,0.4248426570275001,VALID,1569.0,Moderate Access
32021,Mineral County,NV,65.2,9.0,5.868,4557.0,NV,MINERAL,0.0,,-1.0,1.9268729430352292,0.0,1.9268729430352292,0.5384871438921613,0.46151285610783865,INSUFFICIENT DATA,,
32023,Nye County,NV,70.7,9.2,6.5044,53207.0,NV,NYE,0.0,,-1.0,2.0154895151873187,0.0,2.0154895151873187,0.5632520797495953,0.43674792025040465,VALID,1510.0,Moderate Access
32027,Pershing County,NV,99.3,8.8,8.7384,6505.0,NV,PERSHING,0.0,,-1.0,2.2760768331132497,0.0,2.2760768331132497,0.6360762486039335,0.3639237513960665,INSUFFICIENT DATA,,
32029,Storey County,NV,96.7,4.6,4.4482,4139.0,NV,STOREY,0.0,,-1.0,1.6952852788929194,0.0,1.6952852788929194,0.47376726691459076,0.5262327330854093,INSUFFICIENT DATA,,
32031,Washoe County,NV,103.3,9.7,10.0201,491770.0,NV,WASHOE,4.0,13.525,-0.1111111111111111,2.3997208780937593,0.0,2.3997208780937593,0.6706300207566267,0.3293699792433733,VALID,2001.0,Low Access
32033,White Pine County,NV,63.7,4.5,2.8665000000000003,8856.0,NV,WHITE PINE,0.0,,-1.0,1.352349705066953,0.0,1.352349705066953,0.37792991637414686,0.6220700836258531,INSUFFICIENT DATA,,
32510,Carson City,NV,99.7,10.8,10.7676,58364.0,NV,CARSON CITY,1.0,14.7,1.0,2.465349992238782,0.6931471805599453,1.7991183603187664,0.5027846339706937,0.49721536602930627,VALID,1200.0,Moderate Access
00032,Nevada,NV,76.3,,,,NV,NEVADA,0.0,,-1.0,,0.0,,,,VALID,,
36001,Albany County,NY,50.2,3.0,1.5060000000000002,315374.0,NY,ALBANY,2.0,13.8,-0.25,0.9186878564738766,0.0,0.9186878564738766,0.2567380489456512,0.7432619510543488,VALID,122.0,Highest Access
36003,Allegany County,NY,52.1,4.9,2.5529,47027.0,NY,ALLEGANY,0.0,,-1.0,1.267764171413422,0.0,1.267764171413422,0.3542915012952905,0.6457084987047095,VALID,446.0,Good Access
36005,Bronx County,NY,54.5,7.3,3.9785,1419250.0,NY,BRONX,5.0,12.4,0.42857142857142855,1.605128640846002,1.1451323043030026,0.8885122858884782,0.24830513338752852,0.7516948666124714,VALID,109.0,Highest Access
36007,Broome County,NY,62.3,3.7,2.3051,197738.0,NY,BROOME,2.0,14.6,0.3333333333333333,1.1954667300319919,0.5108256237659907,0.957382092499635,0.2675516050329448,0.7324483949670553,VALID,143.0,Highest Access
36009,Cattaraugus County,NY,63.7,6.3,4.0131,76479.0,NY,CATTARAUGUS,1.0,13.7,1.0,1.6120544862172543,0.6931471805599453,1.1764158570256222,0.3287631481717238,0.6712368518282762,VALID,340.0,Good Access
36011,Cayuga County,NY,55.3,4.4,2.4332,75464.0,NY,CAYUGA,1.0,14.7,1.0,1.2334927708619277,0.6931471805599453,0.9001559609647595,0.2515590943499771,0.748440905650023,VALID,114.0,Highest Access
36013,Chautauqua County,NY,64.1,5.4,3.4614,126329.0,NY,CHAUTAUQUA,1.0,15.9,-0.3333333333333333,1.4954626181205444,0.0,1.4954626181205444,0.4179244910464773,0.5820755089535228,VALID,758.0,Good Access
36015,Chemung County,NY,72.5,4.3,3.1175,82805.0,NY,CHEMUNG,1.0,13.0,0.0,1.4152461830696583,0.0,1.4152461830696583,0.39550707158978976,0.6044929284102103,VALID,651.0,Good Access
36017,Chenango County,NY,58.9,3.4,2.0026,46685.0,NY,CHENANGO,0.0,,-1.0,1.0994785799960676,0.0,1.0994785799960676,0.3072621277145969,0.6927378722854032,VALID,258.0,Good Access
36019,Clinton County,NY,54.3,2.9,1.5747,78961.0,NY,CLINTON,1.0,11.1,1.0,0.9457330224741128,0.6931471805599453,0.6901598758997376,0.19287323626891756,0.8071267637310824,VALID,41.0,Highest Access
36021,Columbia County,NY,50.6,3.8,1.9228,61245.0,NY,COLUMBIA,1.0,12.3,1.0,1.0725420609349257,0.6931471805599453,0.7827002738421974,0.2187347310617105,0.7812652689382895,VALID,70.0,Highest Access
36023,Cortland County,NY,56.5,3.4,1.921,46401.0,NY,CORTLAND,1.0,12.1,1.0,1.071926023405604,0.6931471805599453,0.7822507131578577,0.21860909607898302,0.781390903921017,VALID,68.0,Highest Access
36025,Delaware County,NY,54.8,4.6,2.5207999999999995,44551.0,NY,DELAWARE,0.0,,-1.0,1.2586882365147445,0.0,1.2586882365147445,0.35175512530879627,0.6482448746912037,VALID,434.0,Good Access
36027,Dutchess County,NY,42.3,4.2,1.7766,297144.0,NY,DUTCHESS,2.0,11.95,1.0,1.021227157618565,1.0986122886681096,0.5838178568783323,0.16315471730504652,0.8368452826949535,VALID,22.0,Highest Access
36029,Erie County,NY,65.8,2.8,1.8424,950044.0,NY,ERIE,4.0,14.425,-0.2,1.0446487657246804,0.0,1.0446487657246804,0.2919392958725406,0.7080607041274594,VALID,210.0,Highest Access
36031,Essex County,NY,55.4,4.7,2.6038,37077.0,NY,ESSEX,0.0,,-1.0,1.281988844310577,0.0,1.281988844310577,0.3582667522369138,0.6417332477630862,VALID,470.0,Good Access
36033,Franklin County,NY,60.1,6.6,3.9666,47066.0,NY,FRANKLIN,1.0,16.3,0.0,1.602735501374425,0.0,1.602735501374425,0.4479031508897503,0.5520968491102497,VALID,929.0,Good Access
36035,Fulton County,NY,57.8,3.6,2.0808,52787.0,NY,FULTON,0.0,,-1.0,1.125189303518562,0.0,1.125189303518562,0.31444728962528334,0.6855527103747167,VALID,281.0,Good Access
36037,Genesee County,NY,58.6,3.8,2.2268,57943.0,NY,GENESEE,0.0,,-1.0,1.1714909340806823,0.0,1.1714909340806823,0.3273868209467786,0.6726131790532214,VALID,333.0,Good Access
36039,Greene County,NY,47.8,3.5,1.6729999999999998,47554.0,NY,GREENE,0.0,,-1.0,0.9832014371567819,0.0,0.9832014371567819,0.27476712238807127,0.7252328776119288,VALID,163.0,Highest Access
36041,Hamilton County,NY,57.2,3.8,2.1736,5102.0,NY,HAMILTON,0.0,,-1.0,1.1548665902179833,0.0,1.1548665902179833,0.3227409539330436,0.6772590460669564,INSUFFICIENT DATA,,
36043,Herkimer County,NY,63.5,4.5,2.8575,59932.0,NY,HERKIMER,0.0,,-1.0,1.3500193052551788,0.0,1.3500193052551788,0.3772786589348305,0.6227213410651695,VALID,564.0,Good Access
36045,Jefferson County,NY,61.9,5.8,3.5902,116130.0,NY,JEFFERSON,1.0,17.3,-0.3333333333333333,1.5239235961079283,0.0,1.5239235961079283,0.4258782436819067,0.5741217563180934,VALID,804.0,Good Access
36047,Kings County,NY,39.0,5.9,2.301,2646306.0,NY,KINGS,8.0,11.8375,0.5454545454545454,1.194225452871056,1.6796421711073488,0.41219385968702693,0.1151923872484909,0.8848076127515091,VALID,8.0,Highest Access
36049,Lewis County,NY,64.1,4.9,3.1409,26618.0,NY,LEWIS,0.0,,-1.0,1.4209131555155052,0.0,1.4209131555155052,0.3970907732126237,0.6029092267873764,VALID,658.0,Good Access
36051,Livingston County,NY,53.6,3.9,2.0904,61588.0,NY,LIVINGSTON,0.0,,-1.0,1.1283005323699344,0.0,1.1283005323699344,0.3153167588574017,0.6846832411425983,VALID,287.0,Good Access
36053,Madison County,NY,59.3,3.3,1.9569,67572.0,NY,MADISON,0.0,,-1.0,1.0841414222396533,0.0,1.0841414222396533,0.30297597988864544,0.6970240201113546,VALID,242.0,Highest Access
36055,Monroe County,NY,53.8,3.1,1.6678,754068.0,NY,MONROE,4.0,13.075,0.3333333333333333,0.9812541627248066,0.8472978603872036,0.6571095357932266,0.18363693279963672,0.8163630672003632,VALID,32.0,Highest Access
36057,Montgomery County,NY,58.4,6.5,3.796,49461.0,NY,MONTGOMERY,1.0,12.3,1.0,1.5677822371652677,0.6931471805599453,1.1441076588497912,0.31973424493091107,0.6802657550690889,VALID,305.0,Good Access
36059,Nassau County,NY,49.5,3.9,1.9305,1388138.0,NY,NASSAU,9.0,10.966666666666667,1.3333333333333333,1.075173056934347,2.5649493574615367,0.0,0.0,1.0,VALID,1.0,Highest Access
36061,New York County,NY,36.4,4.3,1.5652,1627788.0,NY,NEW YORK,8.0,10.75,0.3125,0.9420364482925707,1.252762968495368,0.4819305308167589,0.13468111430593951,0.8653188856940605,VALID,13.0,Highest Access
36063,Niagara County,NY,65.8,2.5,1.645,211341.0,NY,NIAGARA,1.0,12.4,0.0,0.9726710653102627,0.0,0.9726710653102627,0.2718242870131439,0.7281757129868561,VALID,152.0,Highest Access
36065,Oneida County,NY,64.3,3.3,2.1219,229645.0,NY,ONEIDA,2.0,13.7,0.3333333333333333,1.1384417908307254,0.5108256237659907,0.9117140247519764,0.2547891302380196,0.7452108697619804,VALID,119.0,Highest Access
36067,Onondaga County,NY,57.5,3.3,1.8975,471611.0,NY,ONONDAGA,3.0,13.299999999999999,0.2,1.0638482962317697,0.4700036292457356,0.8689077767469431,0.2428264243874406,0.7571735756125594,VALID,99.0,Highest Access
36069,Ontario County,NY,54.3,3.2,1.7375999999999998,112405.0,NY,ONTARIO,2.0,12.1,0.3333333333333333,1.0070816241557918,0.5108256237659907,0.8065150525990807,0.22539004906883214,0.7746099509311679,VALID,76.0,Highest Access
36071,Orange County,NY,45.9,4.8,2.2032,403840.0,NY,ORANGE,2.0,13.15,-0.3333333333333333,1.1641503101387642,0.0,1.1641503101387642,0.32533539787025584,0.6746646021297442,VALID,325.0,Good Access
36073,Orleans County,NY,57.6,5.7,3.2832,39686.0,NY,ORLEANS,0.0,,-1.0,1.4547003937839509,0.0,1.4547003937839509,0.4065330114779656,0.5934669885220344,VALID,703.0,Good Access
36075,Oswego County,NY,60.9,4.4,2.6796,117945.0,NY,OSWEGO,0.0,,-1.0,1.3028040506208651,0.0,1.3028040506208651,0.36408380469803614,0.6359161953019639,VALID,498.0,Good Access
36077,Otsego County,NY,58.4,4.6,2.6864,59738.0,NY,OTSEGO,2.0,14.350000000000001,1.0,1.3046503720793803,1.0986122886681096,0.7458459937347205,0.20843537214081767,0.7915646278591824,VALID,58.0,Highest Access
36079,Putnam County,NY,42.8,3.3,1.4124,97988.0,NY,PUTNAM,1.0,14.3,1.0,0.8806221025946948,0.6931471805599453,0.6426444108415986,0.17959448472364908,0.820405515276351,VALID,29.0,Highest Access
36081,Queens County,NY,39.9,8.5,3.3915,2330124.0,NY,QUEENS,5.0,14.3,0.25,1.479670854375035,0.8109302162163288,1.0118605241723106,0.28277623890472103,0.717223761095279,VALID,179.0,Highest Access
36083,Rensselaer County,NY,52.9,3.3,1.7457,160341.0,NY,RENSSELAER,1.0,12.6,1.0,1.0100360515596662,0.6931471805599453,0.7370857730811248,0.20598722618668475,0.7940127738133153,VALID,53.0,Highest Access
36085,Richmond County,NY,38.3,3.9,1.4936999999999998,492734.0,NY,RICHMOND,2.0,11.1,0.6666666666666666,0.9137675513297168,0.8472978603872036,0.6119162540007271,0.17100714248392324,0.8289928575160768,VALID,24.0,Highest Access
36087,Rockland County,NY,41.2,4.5,1.854,338936.0,NY,ROCKLAND,2.0,13.2,-0.2,1.0487215190546446,0.0,1.0487215190546446,0.29307747434785564,0.7069225256521443,VALID,215.0,Highest Access
36089,St. Lawrence County,NY,59.7,5.9,3.5223,107796.0,NY,ST. LAWRENCE,1.0,13.9,-0.6,1.5090207139816276,0.0,1.5090207139816276,0.42171345925179676,0.5782865407482032,VALID,781.0,Good Access
36091,Saratoga County,NY,54.1,2.6,1.4066,237075.0,NY,SARATOGA,1.0,13.6,0.0,0.8782149630219251,0.0,0.8782149630219251,0.24542742627134934,0.7545725737286506,VALID,103.0,Highest Access
36093,Schenectady County,NY,57.0,3.4,1.938,159603.0,NY,SCHENECTADY,1.0,13.1,0.0,1.0777290777516855,0.0,1.0777290777516855,0.3011839753449835,0.6988160246550166,VALID,234.0,Highest Access
36095,Schoharie County,NY,49.2,4.1,2.0172,29979.0,NY,SCHOHARIE,0.0,,-1.0,1.1043292489973386,0.0,1.1043292489973386,0.3086177038079257,0.6913822961920744,VALID,264.0,Good Access
36097,Schuyler County,NY,58.5,4.1,2.3985,17749.0,NY,SCHUYLER,0.0,,-1.0,1.2233341578045558,0.0,1.2233341578045558,0.3418750151861227,0.6581249848138773,VALID,392.0,Good Access
36099,Seneca County,NY,50.7,8.7,4.4109,33125.0,NY,SENECA,0.0,,-1.0,1.6884154376175275,0.0,1.6884154376175275,0.47184740955152504,0.528152590448475,VALID,1051.0,Moderate Access
36101,Steuben County,NY,65.4,4.7,3.0738000000000003,93034.0,NY,STEUBEN,1.0,12.8,-0.5,1.404576224797903,0.0,1.404576224797903,0.39252522715838917,0.6074747728416108,VALID,634.0,Good Access
36103,Suffolk County,NY,48.2,4.6,2.2172,1525680.0,NY,SUFFOLK,9.0,11.81111111111111,0.5,1.168511416047777,1.7047480922384253,0.3918810309404014,0.10951573006376182,0.8904842699362382,VALID,7.0,Highest Access
36105,Sullivan County,NY,45.8,5.4,2.4732,79147.0,NY,SULLIVAN,1.0,13.5,0.0,1.245076359204353,0.0,1.245076359204353,0.34795112724946536,0.6520488727505347,VALID,415.0,Good Access
36107,Tioga County,NY,59.1,2.6,1.5366,48106.0,NY,TIOGA,0.0,,-1.0,0.9308246016511921,0.0,0.9308246016511921,0.260129804105379,0.739870195894621,VALID,126.0,Highest Access
36109,Tompkins County,NY,46.1,4.2,1.9362,102879.0,NY,TOMPKINS,1.0,14.9,1.0,1.077116228323223,0.6931471805599453,0.7860383266774396,0.21966758890472907,0.780332411095271,VALID,71.0,Highest Access
36111,Ulster County,NY,45.0,6.4,2.88,182109.0,NY,ULSTER,1.0,13.4,0.0,1.355835153635182,0.0,1.355835153635182,0.37890396567587825,0.6210960343241217,VALID,574.0,Good Access
36113,Warren County,NY,56.5,3.3,1.8645,65560.0,NY,WARREN,1.0,10.6,1.0,1.0523938148664955,0.6931471805599453,0.7679968526062473,0.21462568830649997,0.7853743116935,VALID,65.0,Highest Access
36115,Washington County,NY,55.8,4.8,2.6784,60883.0,NY,WASHINGTON,0.0,,-1.0,1.30247787502678,0.0,1.30247787502678,0.36399265111953943,0.6360073488804605,VALID,496.0,Good Access
36117,Wayne County,NY,53.5,5.7,3.0495,91128.0,NY,WAYNE,1.0,12.2,1.0,1.3985934167069076,0.6931471805599453,1.0206401129818334,0.2852297975161884,0.7147702024838116,VALID,192.0,Highest Access
36119,Westchester County,NY,39.0,5.0,1.95,996888.0,NY,WESTCHESTER,7.0,11.814285714285715,0.25,1.0818051703517284,1.0116009116784799,0.6551475860985421,0.18308864304790737,0.8169113569520926,VALID,31.0,Highest Access
36121,Wyoming County,NY,61.2,4.2,2.5704,39980.0,NY,WYOMING,0.0,,-1.0,1.2726776343329231,0.0,1.2726776343329231,0.3556646258823089,0.6443353741176912,VALID,453.0,Good Access
36123,Yates County,NY,57.7,19.6,11.3092,24637.0,NY,YATES,0.0,,-1.0,2.5103469502697777,0.0,2.5103469502697777,0.7015457683991443,0.2984542316008557,VALID,2098.0,Low Access
00036,New York,NY,47.8,,,,NY,NEW YORK,8.0,10.75,0.3125,,1.252762968495368,,,,VALID,,
39001,Adams County,OH,106.8,7.8,8.3304,27510.0,OH,ADAMS,0.0,,-1.0,2.233277886394703,0.0,2.233277886394703,0.6241155831831199,0.3758844168168801,VALID,1802.0,Low Access
39003,Allen County,OH,73.1,6.3,4.6053,101685.0,OH,ALLEN,2.0,13.45,0.0,1.7237125787313918,0.0,1.7237125787313918,0.48171160779804945,0.5182883922019506,VALID,1102.0,Moderate Access
39005,Ashland County,OH,77.7,8.6,6.6822,52296.0,OH,ASHLAND,1.0,12.9,1.0,2.0389059644715597,0.6931471805599453,1.487915779581911,0.4158154388929489,0.5841845611070511,VALID,746.0,Good Access
39007,Ashtabula County,OH,109.3,9.5,10.3835,97343.0,OH,ASHTABULA,2.0,13.45,-0.2,2.43216493852994,0.0,2.43216493852994,0.6796968922925484,0.32030310770745163,VALID,2029.0,Low Access
39009,Athens County,OH,86.0,5.8,4.988,61573.0,OH,ATHENS,1.0,14.2,0.0,1.7897574665573819,0.0,1.7897574665573819,0.5001686229025712,0.49983137709742875,VALID,1182.0,Moderate Access
39011,Auglaize County,OH,77.1,3.9,3.0069,46209.0,OH,AUGLAIZE,1.0,13.3,1.0,1.3880178750161645,0.6931471805599453,1.012922486159666,0.2830730165825435,0.7169269834174565,VALID,181.0,Highest Access
39013,Belmont County,OH,68.3,6.0,4.098,65982.0,OH,BELMONT,0.0,,-1.0,1.6288483059539236,0.0,1.6288483059539236,0.455200679046889,0.544799320953111,VALID,966.0,Good Access
39015,Brown County,OH,110.2,6.6,7.273199999999999,43710.0,OH,BROWN,0.0,,-1.0,2.1130213749430315,0.0,2.1130213749430315,0.5905084968310533,0.40949150316894667,VALID,1655.0,Moderate Access
39017,Butler County,OH,110.3,6.3,6.9489,389910.0,OH,BUTLER,3.0,11.733333333333334,0.2,2.073033554313077,0.4700036292457356,1.6931690196621454,0.4731758535611395,0.5268241464388606,VALID,1054.0,Moderate Access
39019,Carroll County,OH,79.8,9.2,7.3416,26731.0,OH,CARROLL,0.0,,-1.0,2.121255044493246,0.0,2.121255044493246,0.5928094919308459,0.40719050806915413,VALID,1666.0,Moderate Access
39021,Champaign County,OH,140.3,5.1,7.1553,38772.0,OH,CHAMPAIGN,0.0,,-1.0,2.0986680226434307,0.0,2.0986680226434307,0.586497284927836,0.41350271507216396,VALID,1636.0,Moderate Access
39023,Clark County,OH,151.4,6.8,10.2952,135445.0,OH,CLARK,1.0,11.7,-0.3333333333333333,2.4243778567131784,0.0,2.4243778567131784,0.677520701349643,0.32247929865035696,VALID,2024.0,Low Access
39025,Clermont County,OH,106.8,5.7,6.0876,209862.0,OH,CLERMONT,0.0,,-1.0,1.9583467783017772,0.0,1.9583467783017772,0.5472828746751776,0.45271712532482244,VALID,1442.0,Moderate Access
39027,Clinton County,OH,116.6,6.2,7.2292,42014.0,OH,CLINTON,1.0,14.5,1.0,2.1076888046179385,0.6931471805599453,1.538110871950863,0.4298430435800453,0.5701569564199547,VALID,828.0,Good Access
39029,Columbiana County,OH,76.6,6.9,5.285399999999999,101203.0,OH,COLUMBIANA,2.0,13.0,1.0,1.838229483612906,1.0986122886681096,1.0508839189863126,0.29368178225895347,0.7063182177410465,VALID,217.0,Highest Access
39031,Coshocton County,OH,86.8,10.9,9.4612,36679.0,OH,COSHOCTON,0.0,,-1.0,2.3476731748099713,0.0,2.3476731748099713,0.6560846823165709,0.3439153176834291,VALID,1938.0,Low Access
39033,Crawford County,OH,78.2,6.3,4.9266000000000005,41767.0,OH,CRAWFORD,0.0,,-1.0,1.7794506927604572,0.0,1.7794506927604572,0.49728827461354186,0.5027117253864581,VALID,1171.0,Moderate Access
39035,Cuyahoga County,OH,79.6,5.5,4.377999999999999,1249418.0,OH,CUYAHOGA,12.0,12.85,0.3888888888888889,1.6823165578466728,1.7346010553881064,0.5446145333413079,0.15219889076815035,0.8478011092318496,VALID,16.0,Highest Access
39037,Darke County,OH,80.1,6.5,5.2065,51655.0,OH,DARKE,0.0,,-1.0,1.8255971299738656,0.0,1.8255971299738656,0.5101844353415577,0.48981556465844234,VALID,1244.0,Moderate Access
39039,Defiance County,OH,82.3,8.8,7.2424,38258.0,OH,DEFIANCE,0.0,,-1.0,2.1092915636487213,0.0,2.1092915636487213,0.589466157512112,0.41053384248788805,VALID,1651.0,Moderate Access
39041,Delaware County,OH,79.2,4.5,3.5640000000000005,221160.0,OH,DELAWARE,0.0,,-1.0,1.5181994319998293,0.0,1.5181994319998293,0.42427855918123336,0.5757214408187666,VALID,795.0,Good Access
39043,Erie County,OH,82.8,5.4,4.4712,74938.0,OH,ERIE,1.0,11.9,1.0,1.6994979708017492,0.6931471805599453,1.2402287757193096,0.34659641343967573,0.6534035865603243,VALID,409.0,Good Access
39045,Fairfield County,OH,85.5,6.3,5.3865,161289.0,OH,FAIRFIELD,1.0,14.9,1.0,1.8541863875006945,0.6931471805599453,1.3531144801782475,0.3781436417092237,0.6218563582907763,VALID,570.0,Good Access
39047,Fayette County,OH,128.8,7.8,10.0464,28880.0,OH,FAYETTE,0.0,,-1.0,2.4021045830268624,0.0,2.4021045830268624,0.6712961749345385,0.3287038250654615,VALID,2007.0,Low Access
39049,Franklin County,OH,87.6,8.4,7.3584,1321635.0,OH,FRANKLIN,7.0,13.014285714285714,-0.0625,2.1232670212198657,0.0,2.1232670212198657,0.5933717623208116,0.40662823767918843,VALID,1668.0,Moderate Access
39051,Fulton County,OH,91.0,5.7,5.187,42434.0,OH,FULTON,0.0,,-1.0,1.822450316548852,0.0,1.822450316548852,0.5093050215848167,0.4906949784151833,VALID,1239.0,Moderate Access
39053,Gallia County,OH,115.8,10.4,12.0432,29162.0,OH,GALLIA,1.0,13.6,1.0,2.568266925166159,0.6931471805599453,1.8742232112325288,0.5237735615526505,0.47622643844734946,VALID,1311.0,Moderate Access
39055,Geauga County,OH,76.5,8.6,6.579,95479.0,OH,GEAUGA,1.0,12.5,1.0,2.025381264829892,0.6931471805599453,1.4780459698105914,0.41305720530327333,0.5869427946967267,VALID,732.0,Good Access
39057,Greene County,OH,136.5,5.1,6.9615,168531.0,OH,GREENE,1.0,13.9,-0.3333333333333333,2.0746174243143436,0.0,2.0746174243143436,0.5797760643876134,0.4202239356123866,VALID,1593.0,Moderate Access
39059,Guernsey County,OH,67.2,10.0,6.72,38283.0,OH,GUERNSEY,0.0,,-1.0,2.0438143640366846,0.0,2.0438143640366846,0.5711677895078351,0.4288322104921649,VALID,1544.0,Moderate Access
39061,Hamilton County,OH,101.7,5.8,5.8986,827878.0,OH,HAMILTON,6.0,12.533333333333333,0.0,1.9313184924657933,0.0,1.9313184924657933,0.5397295045909032,0.4602704954090968,VALID,1393.0,Moderate Access
39063,Hancock County,OH,72.0,4.6,3.312,74885.0,OH,HANCOCK,1.0,18.0,1.0,1.461401833606696,0.6931471805599453,1.0664752992161215,0.29803897552363307,0.701961024476367,VALID,226.0,Highest Access
39065,Hardin County,OH,78.4,11.9,9.3296,30527.0,OH,HARDIN,0.0,,-1.0,2.3350135602133832,0.0,2.3350135602133832,0.6525468051921177,0.3474531948078823,VALID,1923.0,Low Access
39067,Harrison County,OH,75.9,12.7,9.6393,14408.0,OH,HARRISON,0.0,,-1.0,2.3645546922755916,0.0,2.3645546922755916,0.6608024194966405,0.33919758050335946,VALID,1958.0,Low Access
39069,Henry County,OH,75.7,5.3,4.0121,27581.0,OH,HENRY,0.0,,-1.0,1.6118549889497054,0.0,1.6118549889497054,0.45045169818028274,0.5495483018197173,VALID,942.0,Good Access
39071,Highland County,OH,111.7,8.9,9.941300000000002,43403.0,OH,HIGHLAND,0.0,,-1.0,2.3925446199158307,0.0,2.3925446199158307,0.6686245316121383,0.3313754683878617,VALID,1985.0,Low Access
39073,Hocking County,OH,86.6,6.3,5.455799999999999,27938.0,OH,HOCKING,0.0,,-1.0,1.8649789515534658,0.0,1.8649789515534658,0.5211901452407609,0.4788098547592391,VALID,1294.0,Moderate Access
39075,Holmes County,OH,82.3,42.3,34.81289999999999,44312.0,OH,HOLMES,0.0,,-1.0,3.57830816369705,0.0,3.57830816369705,1.0,0.0,VALID,2430.0,Lowest Access
39077,Huron County,OH,80.4,6.9,5.547600000000001,58412.0,OH,HURON,1.0,14.9,0.0,1.8790985702880627,0.0,1.8790985702880627,0.5251360375699472,0.4748639624300528,VALID,1319.0,Moderate Access
39079,Jackson County,OH,104.4,6.5,6.7860000000000005,32588.0,OH,JACKSON,0.0,,-1.0,2.0523272491882643,0.0,2.0523272491882643,0.5735468146678102,0.4264531853321898,VALID,1560.0,Moderate Access
39081,Jefferson County,OH,73.9,5.3,3.9167,64855.0,OH,JEFFERSON,1.0,14.6,1.0,1.5926375737557543,0.6931471805599453,1.162246135152395,0.3248032539353964,0.6751967460646036,VALID,322.0,Good Access
39083,Knox County,OH,82.2,11.2,9.2064,62888.0,OH,KNOX,0.0,,-1.0,2.3230149745055537,0.0,2.3230149745055537,0.6491936603094163,0.3508063396905837,VALID,1909.0,Low Access
39085,Lake County,OH,85.0,4.9,4.165000000000001,232101.0,OH,LAKE,1.0,13.3,0.0,1.641905102571602,0.0,1.641905102571602,0.4588495533250027,0.5411504466749972,VALID,982.0,Moderate Access
39087,Lawrence County,OH,126.0,5.1,6.425999999999999,57385.0,OH,LAWRENCE,0.0,,-1.0,2.004987355754888,0.0,2.004987355754888,0.5603171286632194,0.43968287133678063,VALID,1491.0,Moderate Access
39089,Licking County,OH,86.8,5.4,4.687200000000001,180311.0,OH,LICKING,1.0,13.6,1.0,1.7382180356331365,0.6931471805599453,1.2684852016913564,0.35449300162587954,0.6455069983741204,VALID,448.0,Good Access
39091,Logan County,OH,91.3,5.8,5.2954,46140.0,OH,LOGAN,0.0,,-1.0,1.8398192079716147,0.0,1.8398192079716147,0.5141589611082416,0.48584103889175845,VALID,1258.0,Moderate Access
39093,Lorain County,OH,79.8,5.3,4.2294,314588.0,OH,LORAIN,3.0,12.733333333333334,0.2,1.6542965487423271,0.4700036292457356,1.3511617599420191,0.3775979312374317,0.6224020687625683,VALID,569.0,Good Access
39095,Lucas County,OH,100.3,5.3,5.315899999999999,428748.0,OH,LUCAS,4.0,12.375,0.0,1.8430702634624823,0.0,1.8430702634624823,0.5150675065275127,0.48493249347248735,VALID,1261.0,Moderate Access
39097,Madison County,OH,106.7,7.6,8.1092,44126.0,OH,MADISON,0.0,,-1.0,2.209284891828586,0.0,2.209284891828586,0.6174104606870943,0.38258953931290574,VALID,1770.0,Low Access
39099,Mahoning County,OH,76.7,4.8,3.6816,227063.0,OH,MAHONING,2.0,12.75,-0.2,1.5436399318436682,0.0,1.5436399318436682,0.4313882039295365,0.5686117960704635,VALID,830.0,Good Access
39101,Marion County,OH,80.4,5.3,4.2612,65145.0,OH,MARION,1.0,10.4,1.0,1.6603591376124864,0.6931471805599453,1.2116667485775519,0.33861442143811266,0.6613855785618874,VALID,373.0,Good Access
39103,Medina County,OH,75.1,4.1,3.0790999999999995,183049.0,OH,MEDINA,1.0,12.3,0.0,1.405876375847613,0.0,1.405876375847613,0.39288856955100376,0.6071114304489962,VALID,637.0,Good Access
39105,Meigs County,OH,112.2,7.1,7.9662,22072.0,OH,MEIGS,0.0,,-1.0,2.1934619519756504,0.0,2.1934619519756504,0.6129885553818263,0.3870114446181737,VALID,1752.0,Low Access
39107,Mercer County,OH,76.8,3.7,2.8416,42438.0,OH,MERCER,1.0,15.1,1.0,1.3458889464848518,0.6931471805599453,0.9821784015226557,0.2744812231341989,0.7255187768658011,VALID,161.0,Highest Access
39109,Miami County,OH,161.7,5.0,8.085,109549.0,OH,MIAMI,2.0,11.15,1.0,2.2066247018481344,1.0986122886681096,1.2614890768983475,0.35253785285921196,0.647462147140788,VALID,437.0,Good Access
39111,Monroe County,OH,66.2,7.8,5.1636,13308.0,OH,MONROE,0.0,,-1.0,1.8186610224255613,0.0,1.8186610224255613,0.50824605909474,0.49175394090526003,VALID,1234.0,Moderate Access
39113,Montgomery County,OH,148.0,6.5,9.62,535528.0,OH,MONTGOMERY,4.0,13.825,-0.1111111111111111,2.362739015813793,0.0,2.362739015813793,0.6602950075078635,0.3397049924921365,VALID,1955.0,Low Access
39115,Morgan County,OH,81.9,6.6,5.405399999999999,13758.0,OH,MORGAN,0.0,,-1.0,1.857141384608694,0.0,1.857141384608694,0.5189998456393218,0.4810001543606782,VALID,1283.0,Moderate Access
39117,Morrow County,OH,77.4,8.9,6.888600000000001,35214.0,OH,MORROW,0.0,,-1.0,2.065418679316268,0.0,2.065418679316268,0.5772053676847974,0.42279463231520265,VALID,1580.0,Moderate Access
39119,Muskingum County,OH,80.8,5.9,4.7672,86382.0,OH,MUSKINGUM,1.0,11.4,1.0,1.7521866941082318,0.6931471805599453,1.2786789956803164,0.3573417763883159,0.6426582236116841,VALID,464.0,Good Access
39121,Noble County,OH,56.3,7.2,4.0536,14252.0,OH,NOBLE,0.0,,-1.0,1.6201008606023537,0.0,1.6201008606023537,0.45275610330008353,0.5472438966999165,VALID,951.0,Good Access
39123,Ottawa County,OH,82.4,4.3,3.5432,40161.0,OH,OTTAWA,0.0,,-1.0,1.5136316095810858,0.0,1.5136316095810858,0.4230020278681717,0.5769979721318284,VALID,789.0,Good Access
39125,Paulding County,OH,85.3,5.6,4.7768,18800.0,OH,PAULDING,0.0,,-1.0,1.7538498961548348,0.0,1.7538498961548348,0.4901338330633842,0.5098661669366158,VALID,1137.0,Moderate Access
39127,Perry County,OH,83.4,8.2,6.8388,35474.0,OH,PERRY,0.0,,-1.0,2.0590857614227622,0.0,2.0590857614227622,0.5754355598304167,0.4245644401695833,VALID,1572.0,Moderate Access
39129,Pickaway County,OH,84.2,5.6,4.715199999999999,59407.0,OH,PICKAWAY,0.0,,-1.0,1.743129292259988,0.0,1.743129292259988,0.48713783512122527,0.5128621648787748,VALID,1125.0,Moderate Access
39131,Pike County,OH,90.0,5.6,5.039999999999999,27080.0,OH,PIKE,0.0,,-1.0,1.7984040119467235,0.0,1.7984040119467235,0.5025850009767302,0.4974149990232698,VALID,1196.0,Moderate Access
39133,Portage County,OH,78.9,5.2,4.1028,161421.0,OH,PORTAGE,1.0,11.3,1.0,1.629789408681998,0.6931471805599453,1.189358126774582,0.33238001657905186,0.6676199834209482,VALID,351.0,Good Access
39135,Preble County,OH,134.5,5.2,6.994,40802.0,OH,PREBLE,0.0,,-1.0,2.0786912602891316,0.0,2.0786912602891316,0.5809145454206665,0.41908545457933355,VALID,1601.0,Moderate Access
39137,Putnam County,OH,72.7,3.6,2.6172000000000004,34352.0,OH,PUTNAM,0.0,,-1.0,1.2857002458841882,0.0,1.2857002458841882,0.3593039467444368,0.6406960532555632,VALID,474.0,Good Access
39139,Richland County,OH,78.8,6.9,5.437200000000001,125138.0,OH,RICHLAND,2.0,12.7,0.3333333333333333,1.862093662962203,0.5108256237659907,1.4912461239547472,0.416746142516137,0.583253857483863,VALID,749.0,Good Access
39141,Ross County,OH,107.0,6.3,6.7410000000000005,76748.0,OH,ROSS,1.0,11.9,0.0,2.0465308782225766,0.0,2.0465308782225766,0.5719269511176294,0.42807304888237063,VALID,1548.0,Moderate Access
39143,Sandusky County,OH,79.8,5.7,4.5486,58770.0,OH,SANDUSKY,1.0,11.8,0.0,1.7135456436851402,0.0,1.7135456436851402,0.47887033908078297,0.5211296609192171,VALID,1084.0,Moderate Access
39145,Scioto County,OH,73.2,5.2,3.8064,73118.0,OH,SCIOTO,1.0,17.9,0.0,1.5699483631476239,0.0,1.5699483631476239,0.43874040225914435,0.5612595977408557,VALID,874.0,Good Access
39147,Seneca County,OH,75.5,5.3,4.0015,54861.0,OH,SENECA,0.0,,-1.0,1.6097378674430984,0.0,1.6097378674430984,0.44986004385378126,0.5501399561462188,VALID,938.0,Good Access
39149,Shelby County,OH,94.7,4.7,4.450900000000001,48007.0,OH,SHELBY,1.0,15.7,1.0,1.6957807326561167,0.6931471805599453,1.2375160771497196,0.3458383181484118,0.6541616818515882,VALID,408.0,Good Access
39151,Stark County,OH,78.1,5.7,4.4517,373764.0,OH,STARK,2.0,12.9,-0.2,1.695927486641668,0.0,1.695927486641668,0.4739467393689937,0.5260532606310063,VALID,1060.0,Moderate Access
39153,Summit County,OH,78.2,5.6,4.3792,538087.0,OH,SUMMIT,3.0,12.933333333333332,-0.14285714285714285,1.6825396642321593,0.0,1.6825396642321593,0.4702053560679879,0.529794643932012,VALID,1044.0,Moderate Access
39155,Trumbull County,OH,90.1,6.9,6.216899999999999,201367.0,OH,TRUMBULL,2.0,13.25,1.0,1.9764254978212135,1.0986122886681096,1.1298881838477808,0.3157604466017814,0.6842395533982186,VALID,288.0,Good Access
39157,Tuscarawas County,OH,82.1,8.7,7.142699999999999,92585.0,OH,TUSCARAWAS,1.0,11.9,0.0,2.097121820347409,0.0,2.097121820347409,0.5860651806413165,0.4139348193586835,VALID,1632.0,Moderate Access
39159,Union County,OH,75.0,4.3,3.225,65293.0,OH,UNION,0.0,,-1.0,1.4410192608091372,0.0,1.4410192608091372,0.4027096591145184,0.5972903408854816,VALID,684.0,Good Access
39161,Van Wert County,OH,81.5,3.5,2.8525,28824.0,OH,VAN WERT,0.0,,-1.0,1.3487222882121337,0.0,1.3487222882121337,0.37691619237697394,0.6230838076230261,VALID,559.0,Good Access
39163,Vinton County,OH,103.8,7.1,7.369799999999999,12686.0,OH,VINTON,0.0,,-1.0,2.1246299893532923,0.0,2.1246299893532923,0.5937526596809815,0.40624734031901855,VALID,1669.0,Moderate Access
39165,Warren County,OH,129.7,3.7,4.7989,246364.0,OH,WARREN,1.0,12.2,-0.3333333333333333,1.7576682443931433,0.0,1.7576682443931433,0.4912009150651656,0.5087990849348344,VALID,1141.0,Moderate Access
39167,Washington County,OH,71.6,6.3,4.5108,59318.0,OH,WASHINGTON,1.0,15.7,0.0,1.706709803188307,0.0,1.706709803188307,0.47695998363231024,0.5230400163676898,VALID,1071.0,Moderate Access
39169,Wayne County,OH,76.8,14.0,10.752,116618.0,OH,WAYNE,1.0,13.2,0.0,2.4640234388715765,0.0,2.4640234388715765,0.6886001222225051,0.3113998777774949,VALID,2060.0,Low Access
39171,Williams County,OH,76.8,5.3,4.070399999999999,36862.0,OH,WILLIAMS,0.0,,-1.0,1.6234197099545191,0.0,1.6234197099545191,0.45368359450551854,0.5463164054944815,VALID,956.0,Good Access
39173,Wood County,OH,75.0,4.1,3.075,131795.0,OH,WOOD,0.0,,-1.0,1.404870746692826,0.0,1.404870746692826,0.39260753474103705,0.607392465258963,VALID,635.0,Good Access
39175,Wyandot County,OH,80.4,3.1,2.4924000000000004,21699.0,OH,WYANDOT,0.0,,-1.0,1.2505891789545156,0.0,1.2505891789545156,0.34949174910146,0.65050825089854,VALID,422.0,Good Access
00039,Ohio,OH,92.0,,,,OH,OHIO,0.0,,-1.0,,0.0,,,,VALID,,
40001,Adair County,OK,88.9,20.8,18.491200000000003,19595.0,OK,ADAIR,0.0,,-1.0,2.9699630816600284,0.0,2.9699630816600284,0.8299908632216603,0.17000913677833973,VALID,2375.0,Lowest Access
40003,Alfalfa County,OK,62.5,10.9,6.8125,5685.0,OK,ALFALFA,0.0,,-1.0,2.05572501506252,0.0,2.05572501506252,0.5744963600168461,0.4255036399831539,INSUFFICIENT DATA,,
40005,Atoka County,OK,83.0,19.7,16.351,14255.0,OK,ATOKA,0.0,,-1.0,2.853650141619535,0.0,2.853650141619535,0.7974858539492556,0.20251414605074436,VALID,2329.0,Lowest Access
40007,Beaver County,OK,52.1,15.4,8.0234,5041.0,OK,BEAVER,0.0,,-1.0,2.1998212031834856,0.0,2.1998212031834856,0.6147657223883887,0.38523427761161133,INSUFFICIENT DATA,,
40009,Beckham County,OK,75.4,11.5,8.671,22202.0,OK,BECKHAM,0.0,,-1.0,2.269131716734826,0.0,2.269131716734826,0.6341353547343435,0.36586464526565654,VALID,1840.0,Low Access
40011,Blaine County,OK,67.9,11.2,7.6048,8603.0,OK,BLAINE,0.0,,-1.0,2.1523201870924087,0.0,2.1523201870924087,0.6014910087756853,0.3985089912243147,INSUFFICIENT DATA,,
40013,Bryan County,OK,89.2,19.7,17.572400000000002,47237.0,OK,BRYAN,1.0,12.9,1.0,2.921676607724577,0.6931471805599453,2.132128113419615,0.595848098006387,0.40415190199361295,VALID,1678.0,Moderate Access
40015,Caddo County,OK,64.5,18.0,11.61,26626.0,OK,CADDO,0.0,,-1.0,2.534490149976828,0.0,2.534490149976828,0.7082928674757386,0.2917071325242614,VALID,2122.0,Low Access
40017,Canadian County,OK,65.8,9.1,5.9878,162621.0,OK,CANADIAN,1.0,12.6,1.0,1.9441657713699636,0.6931471805599453,1.418778001414178,0.3964940794669623,0.6035059205330378,VALID,655.0,Good Access
40019,Carter County,OK,79.3,14.0,11.102,48255.0,OK,CARTER,1.0,11.0,-0.3333333333333333,2.4933707282001296,0.0,2.4933707282001296,0.6968015649116199,0.30319843508838007,VALID,2079.0,Low Access
40021,Cherokee County,OK,80.0,19.1,15.28,47621.0,OK,CHEROKEE,2.0,12.65,1.0,2.789937360574394,1.0986122886681096,1.5949588086490223,0.4457298632997379,0.554270136700262,VALID,913.0,Good Access
40023,Choctaw County,OK,84.0,16.7,14.028,14299.0,OK,CHOCTAW,0.0,,-1.0,2.7099151277117226,0.0,2.7099151277117226,0.7573174259289849,0.24268257407101512,VALID,2253.0,Lowest Access
40025,Cimarron County,OK,52.0,17.2,8.943999999999999,2247.0,OK,CIMARRON,0.0,,-1.0,2.29696935420841,0.0,2.29696935420841,0.6419149075844878,0.35808509241551223,INSUFFICIENT DATA,,
40027,Cleveland County,OK,61.5,9.9,6.0885,297545.0,OK,CLEVELAND,1.0,15.1,-0.5,1.9584737525755491,0.0,1.9584737525755491,0.5473183591186528,0.4526816408813472,VALID,1443.0,Moderate Access
40029,Coal County,OK,80.6,21.5,17.328999999999997,5275.0,OK,COAL,0.0,,-1.0,2.9084845049897106,0.0,2.9084845049897106,0.812809957090088,0.18719004290991204,INSUFFICIENT DATA,,
40031,Comanche County,OK,64.0,12.0,7.68,121699.0,OK,COMANCHE,2.0,12.35,0.0,2.1610215286722587,0.0,2.1610215286722587,0.6039227002851332,0.3960772997148668,VALID,1713.0,Low Access
40033,Cotton County,OK,86.7,7.7,6.6759,5475.0,OK,COTTON,0.0,,-1.0,2.038085550442042,0.0,2.038085550442042,0.5695668056538554,0.4304331943461446,INSUFFICIENT DATA,,
40035,Craig County,OK,83.5,15.6,13.026,14215.0,OK,CRAIG,0.0,,-1.0,2.6409127501147185,0.0,2.6409127501147185,0.7380339057735514,0.26196609422644856,VALID,2205.0,Lowest Access
40037,Creek County,OK,88.7,11.3,10.0231,72353.0,OK,CREEK,0.0,,-1.0,2.399993070880517,0.0,2.399993070880517,0.6707060882092623,0.32929391179073775,VALID,2003.0,Low Access
40039,Custer County,OK,79.1,11.5,9.0965,28332.0,OK,CUSTER,0.0,,-1.0,2.3121888291367405,0.0,2.3121888291367405,0.646168167569957,0.353831832430043,VALID,1892.0,Low Access
40041,Delaware County,OK,81.0,15.0,12.15,41017.0,OK,DELAWARE,1.0,13.0,1.0,2.5764217586237734,0.6931471805599453,1.8801742975468954,0.5254366621136202,0.47456333788637983,VALID,1320.0,Moderate Access
40043,Dewey County,OK,73.3,13.5,9.8955,4433.0,OK,DEWEY,0.0,,-1.0,2.388349859954839,0.0,2.388349859954839,0.6674522569591197,0.3325477430408803,INSUFFICIENT DATA,,
40045,Ellis County,OK,57.3,13.4,7.678199999999999,3717.0,OK,ELLIS,0.0,,-1.0,2.1608141338955593,0.0,2.1608141338955593,0.6038647413930501,0.39613525860694987,INSUFFICIENT DATA,,
40047,Garfield County,OK,64.5,13.6,8.771999999999998,62322.0,OK,GARFIELD,2.0,15.25,1.0,2.279521153395494,1.0986122886681096,1.3031627141483182,0.3641840374088719,0.6358159625911282,VALID,499.0,Good Access
40049,Garvin County,OK,76.8,15.5,11.903999999999998,25779.0,OK,GARVIN,0.0,,-1.0,2.5575373408229076,0.0,2.5575373408229076,0.7147336740781156,0.2852663259218844,VALID,2146.0,Low Access
40051,Grady County,OK,61.8,12.4,7.6632,55868.0,OK,GRADY,0.0,,-1.0,2.1590841693320324,0.0,2.1590841693320324,0.603381282595097,0.39661871740490295,VALID,1712.0,Low Access
40053,Grant County,OK,63.5,11.4,7.239,4137.0,OK,GRANT,0.0,,-1.0,2.108878977333453,0.0,2.108878977333453,0.5893508554485686,0.4106491445514314,INSUFFICIENT DATA,,
40055,Greer County,OK,85.9,8.0,6.872000000000001,5498.0,OK,GREER,0.0,,-1.0,2.063312159749952,0.0,2.063312159749952,0.5766166761943085,0.42338332380569155,INSUFFICIENT DATA,,
40057,Harmon County,OK,81.5,22.2,18.093,2452.0,OK,HARMON,0.0,,-1.0,2.9493217757313275,0.0,2.9493217757313275,0.8242224092527951,0.1757775907472049,INSUFFICIENT DATA,,
40059,Harper County,OK,57.8,14.1,8.149799999999999,3231.0,OK,HARPER,0.0,,-1.0,2.2137320211250446,0.0,2.2137320211250446,0.6186532628978083,0.3813467371021917,INSUFFICIENT DATA,,
40061,Haskell County,OK,86.7,16.9,14.6523,11667.0,OK,HASKELL,0.0,,-1.0,2.7506178710441156,0.0,2.7506178710441156,0.7686922828363172,0.2313077171636828,VALID,2273.0,Lowest Access
40063,Hughes County,OK,86.9,17.7,15.3813,13411.0,OK,HUGHES,0.0,,-1.0,2.796140440355047,0.0,2.796140440355047,0.7814140963941238,0.21858590360587615,VALID,2300.0,Lowest Access
40065,Jackson County,OK,76.5,14.0,10.71,24730.0,OK,JACKSON,1.0,12.5,1.0,2.4604431776096263,0.6931471805599453,1.7955375542191108,0.5017839358933218,0.4982160641066782,VALID,1189.0,Moderate Access
40067,Jefferson County,OK,90.0,14.3,12.87,5377.0,OK,JEFFERSON,0.0,,-1.0,2.6297282343267403,0.0,2.6297282343267403,0.7349082622357902,0.2650917377642098,INSUFFICIENT DATA,,
40069,Johnston County,OK,77.9,13.9,10.8281,10334.0,OK,JOHNSTON,0.0,,-1.0,2.4704780564692026,0.0,2.4704780564692026,0.6904039404802813,0.3095960595197187,VALID,2066.0,Low Access
40071,Kay County,OK,64.2,12.7,8.1534,43731.0,OK,KAY,1.0,13.6,1.0,2.2141253949663864,0.6931471805599453,1.6157842345600095,0.4515497717476092,0.5484502282523909,VALID,945.0,Good Access
40073,Kingfisher County,OK,73.6,13.7,10.083199999999998,15288.0,OK,KINGFISHER,0.0,,-1.0,2.4054304482862032,0.0,2.4054304482862032,0.672225626817158,0.32777437318284197,VALID,2012.0,Low Access
40075,Kiowa County,OK,67.9,11.0,7.469000000000001,8458.0,OK,KIOWA,0.0,,-1.0,2.136412437939462,0.0,2.136412437939462,0.597045402521217,0.40295459747878304,INSUFFICIENT DATA,,
40077,Latimer County,OK,82.2,18.0,14.796,9495.0,OK,LATIMER,0.0,,-1.0,2.759756743424403,0.0,2.759756743424403,0.7712462474369639,0.2287537525630361,INSUFFICIENT DATA,,
40079,Le Flore County,OK,99.7,18.2,18.1454,48728.0,OK,LE FLORE,0.0,,-1.0,2.952062477894597,0.0,2.952062477894597,0.8249883304753087,0.17501166952469127,VALID,2369.0,Lowest Access
40081,Lincoln County,OK,78.3,12.8,10.0224,33917.0,OK,LINCOLN,0.0,,-1.0,2.3999295658567945,0.0,2.3999295658567945,0.6706883409888393,0.32931165901116066,VALID,2002.0,Low Access
40083,Logan County,OK,73.9,12.4,9.1636,50905.0,OK,LOGAN,0.0,,-1.0,2.3188127100986966,0.0,2.3188127100986966,0.6480192884513717,0.3519807115486283,VALID,1902.0,Low Access
40085,Love County,OK,89.2,13.7,12.2204,10196.0,OK,LOVE,0.0,,-1.0,2.5817610911518827,0.0,2.5817610911518827,0.7215032839665908,0.2784967160334092,VALID,2168.0,Low Access
40087,McClain County,OK,77.2,9.8,7.565600000000001,43779.0,OK,MCCLAIN,0.0,,-1.0,2.1477541818619232,0.0,2.1477541818619232,0.6002149852971015,0.3997850147028985,VALID,1700.0,Moderate Access
40089,McCurtain County,OK,104.4,18.0,18.792,30825.0,OK,MCCURTAIN,0.0,,-1.0,2.9852778156501323,0.0,2.9852778156501323,0.8342707444642754,0.1657292555357246,VALID,2380.0,Lowest Access
40091,McIntosh County,OK,87.4,21.6,18.878400000000003,19237.0,OK,MCINTOSH,0.0,,-1.0,2.9896337150921215,0.0,2.9896337150921215,0.8354880514268733,0.16451194857312668,VALID,2384.0,Lowest Access
40093,Major County,OK,65.2,10.8,7.041600000000001,7656.0,OK,MAJOR,0.0,,-1.0,2.084628068367136,0.0,2.084628068367136,0.5825736557617587,0.4174263442382413,INSUFFICIENT DATA,,
40095,Marshall County,OK,84.7,17.1,14.4837,15628.0,OK,MARSHALL,0.0,,-1.0,2.739787857689164,0.0,2.739787857689164,0.7656657091429654,0.2343342908570346,VALID,2268.0,Lowest Access
40097,Mayes County,OK,77.3,15.5,11.9815,39406.0,OK,MAYES,0.0,,-1.0,2.563525267002822,0.0,2.563525267002822,0.7164070699696891,0.28359293003031094,VALID,2148.0,Low Access
40099,Murray County,OK,82.3,13.6,11.1928,13807.0,OK,MURRAY,0.0,,-1.0,2.5008456135895027,0.0,2.5008456135895027,0.6988905089173957,0.3011094910826043,VALID,2089.0,Low Access
40101,Muskogee County,OK,96.0,14.4,13.824000000000002,66471.0,OK,MUSKOGEE,1.0,10.8,0.0,2.696247488983059,0.0,2.696247488983059,0.7534978446901957,0.24650215530980435,VALID,2249.0,Lowest Access
40103,Noble County,OK,67.1,7.5,5.0325,10909.0,OK,NOBLE,0.0,,-1.0,1.7971615185170497,0.0,1.7971615185170497,0.5022377716792987,0.49776222832070127,VALID,1192.0,Moderate Access
40105,Nowata County,OK,69.2,15.6,10.7952,9392.0,OK,NOWATA,0.0,,-1.0,2.4676926690533123,0.0,2.4676926690533123,0.6896255314421361,0.3103744685578639,INSUFFICIENT DATA,,
40107,Okfuskee County,OK,93.5,15.2,14.212,11304.0,OK,OKFUSKEE,0.0,,-1.0,2.722084590066013,0.0,2.722084590066013,0.7607183242858545,0.2392816757141455,VALID,2259.0,Lowest Access
40109,Oklahoma County,OK,77.7,13.9,10.8003,800487.0,OK,OKLAHOMA,7.0,12.914285714285715,-0.43478260869565216,2.468124954877255,0.0,2.468124954877255,0.6897463387634083,0.3102536612365917,VALID,2064.0,Low Access
40111,Okmulgee County,OK,84.6,15.2,12.859199999999998,36922.0,OK,OKMULGEE,0.0,,-1.0,2.62894927203817,0.0,2.62894927203817,0.7346905721283609,0.26530942787163914,VALID,2197.0,Lowest Access
40113,Osage County,OK,67.4,11.5,7.751,45963.0,OK,OSAGE,0.0,,-1.0,2.169167979553694,0.0,2.169167979553694,0.606199321109489,0.39380067889051096,VALID,1718.0,Low Access
40115,Ottawa County,OK,94.6,16.4,15.514399999999998,30360.0,OK,OTTAWA,0.0,,-1.0,2.8042327275742425,0.0,2.8042327275742425,0.7836755805506015,0.2163244194493985,VALID,2306.0,Lowest Access
40117,Pawnee County,OK,87.2,13.8,12.033600000000002,15689.0,OK,PAWNEE,0.0,,-1.0,2.5675306384719567,0.0,2.5675306384719567,0.7175264177971821,0.28247358220281793,VALID,2154.0,Low Access
40119,Payne County,OK,78.1,11.6,9.0596,82290.0,OK,PAYNE,1.0,15.1,0.0,2.308527402449675,0.0,2.308527402449675,0.6451449391280325,0.3548550608719675,VALID,1884.0,Low Access
40121,Pittsburg County,OK,76.3,15.0,11.445,43629.0,OK,PITTSBURG,1.0,12.7,0.0,2.521318935819555,0.0,2.521318935819555,0.7046120178801396,0.2953879821198604,VALID,2110.0,Low Access
40123,Pontotoc County,OK,87.2,17.1,14.9112,38158.0,OK,PONTOTOC,1.0,12.6,-0.3333333333333333,2.7670232637668994,0.0,2.7670232637668994,0.7732769613973258,0.22672303860267418,VALID,2286.0,Lowest Access
40125,Pottawatomie County,OK,88.1,13.1,11.541099999999998,73011.0,OK,POTTAWATOMIE,1.0,13.4,1.0,2.5290112506559073,0.6931471805599453,1.8455759177527271,0.5157677408772721,0.48423225912272794,VALID,1266.0,Moderate Access
40127,Pushmataha County,OK,87.2,19.6,17.0912,10787.0,OK,PUSHMATAHA,0.0,,-1.0,2.895425632198844,0.0,2.895425632198844,0.8091605026011335,0.19083949739886652,VALID,2344.0,Lowest Access
40129,Roger Mills County,OK,74.4,12.5,9.3,3378.0,OK,ROGER MILLS,0.0,,-1.0,2.33214389523559,0.0,2.33214389523559,0.6517448438051956,0.3482551561948044,INSUFFICIENT DATA,,
40131,Rogers County,OK,77.7,11.3,8.780100000000001,97235.0,OK,ROGERS,0.0,,-1.0,2.280349708943327,0.0,2.280349708943327,0.6372703536487216,0.36272964635127836,VALID,1854.0,Low Access
40133,Seminole County,OK,89.7,19.0,17.043,23550.0,OK,SEMINOLE,0.0,,-1.0,2.892757797926161,0.0,2.892757797926161,0.8084149451615176,0.19158505483848243,VALID,2342.0,Lowest Access
40135,Sequoyah County,OK,97.1,17.0,16.506999999999998,39676.0,OK,SEQUOYAH,0.0,,-1.0,2.862600800950795,0.0,2.862600800950795,0.7999872202156011,0.2000127797843989,VALID,2331.0,Lowest Access
40137,Stephens County,OK,75.7,13.4,10.1438,43314.0,OK,STEPHENS,1.0,13.3,1.0,2.410883289439214,0.6931471805599453,1.759370638761495,0.49167666905014173,0.5083233309498583,VALID,1148.0,Moderate Access
40139,Texas County,OK,55.9,14.6,8.1614,20880.0,OK,TEXAS,0.0,,-1.0,2.214999005435384,0.0,2.214999005435384,0.61900733645782,0.38099266354218,VALID,1778.0,Low Access
40141,Tillman County,OK,76.5,12.9,9.8685,6967.0,OK,TILLMAN,0.0,,-1.0,2.3858686971307828,0.0,2.3858686971307828,0.6667588670355719,0.33324113296442814,INSUFFICIENT DATA,,
40143,Tulsa County,OK,87.6,13.8,12.0888,673708.0,OK,TULSA,6.0,13.450000000000001,-0.3125,2.57175690268673,0.0,2.57175690268673,0.7187074966817929,0.2812925033182071,VALID,2160.0,Low Access
40145,Wagoner County,OK,75.8,11.5,8.716999999999999,84339.0,OK,WAGONER,0.0,,-1.0,2.2738769288573017,0.0,2.2738769288573017,0.6354614596714804,0.3645385403285196,VALID,1848.0,Low Access
40147,Washington County,OK,72.7,11.5,8.3605,52895.0,OK,WASHINGTON,1.0,15.8,1.0,2.236498707866186,0.6931471805599453,1.6321114246733426,0.45611259567624035,0.5438874043237596,VALID,971.0,Good Access
40149,Washita County,OK,76.9,12.4,9.5356,10857.0,OK,WASHITA,0.0,,-1.0,2.354759998648155,0.0,2.354759998648155,0.658065177990499,0.341934822009501,VALID,1948.0,Low Access
40151,Woods County,OK,53.8,8.4,4.5192000000000005,8619.0,OK,WOODS,0.0,,-1.0,1.708232922249762,0.0,1.708232922249762,0.4773856370393889,0.522614362960611,INSUFFICIENT DATA,,
40153,Woodward County,OK,59.9,13.1,7.8469,20260.0,OK,WOODWARD,0.0,,-1.0,2.1800671151707225,0.0,2.1800671151707225,0.6092452118261141,0.39075478817388587,VALID,1732.0,Low Access
00040,Oklahoma,OK,77.1,,,,OK,OKLAHOMA,7.0,12.914285714285715,-0.43478260869565216,,0.0,,,,VALID,,
41001,Baker County,OR,90.7,5.5,4.9885,16796.0,OR,BAKER,1.0,15.5,1.0,1.7898409634054244,0.6931471805599453,1.3061576447363266,0.36502100573328644,0.6349789942667136,VALID,502.0,Good Access
41003,Benton County,OR,82.8,5.2,4.3056,96359.0,OR,BENTON,1.0,14.4,1.0,1.6687628665187841,0.6931471805599453,1.217799469293904,0.34032828185364933,0.6596717181463507,VALID,382.0,Good Access
41005,Clackamas County,OR,88.0,5.1,4.488,422308.0,OR,CLACKAMAS,3.0,12.966666666666667,1.0,1.7025638904235842,1.3862943611198906,0.7823684433382505,0.2186419971526209,0.7813580028473791,VALID,69.0,Highest Access
41007,Clatsop County,OR,77.3,6.5,5.0245,41343.0,OR,CLATSOP,1.0,13.3,0.0,1.795834488381194,0.0,1.795834488381194,0.5018669176121955,0.4981330823878045,VALID,1191.0,Moderate Access
41009,Columbia County,OR,89.5,5.7,5.101500000000001,53178.0,OR,COLUMBIA,0.0,,-1.0,1.8085346425897573,0.0,1.8085346425897573,0.5054161240045935,0.49458387599540654,VALID,1218.0,Moderate Access
41011,Coos County,OR,85.7,6.4,5.4848,64832.0,OR,COOS,1.0,16.5,-0.3333333333333333,1.869460976891907,0.0,1.869460976891907,0.5224426995578856,0.4775573004421144,VALID,1304.0,Moderate Access
41013,Crook County,OR,79.1,6.9,5.4579,25651.0,OR,CROOK,0.0,,-1.0,1.8653041875460183,0.0,1.8653041875460183,0.5212810362366377,0.4787189637633623,VALID,1295.0,Moderate Access
41015,Curry County,OR,84.9,5.7,4.839300000000001,23463.0,OR,CURRY,0.0,,-1.0,1.764610926642292,0.0,1.764610926642292,0.49314112868890664,0.5068588713110933,VALID,1156.0,Moderate Access
41017,Deschutes County,OR,80.0,6.4,5.12,203026.0,OR,DESCHUTES,1.0,16.6,1.0,1.8115620965242347,0.6931471805599453,1.3220088989290393,0.3694508238114297,0.6305491761885703,VALID,519.0,Good Access
41019,Douglas County,OR,85.3,5.5,4.6915,111807.0,OR,DOUGLAS,1.0,22.1,-0.6666666666666666,1.7389738337831342,0.0,1.7389738337831342,0.4859765437268697,0.5140234562731303,VALID,1116.0,Moderate Access
41021,Gilliam County,OR,79.0,5.8,4.582,2002.0,OR,GILLIAM,0.0,,-1.0,1.7195471351141305,0.0,1.7195471351141305,0.48054752593961114,0.5194524740603889,INSUFFICIENT DATA,,
41023,Grant County,OR,81.8,8.2,6.707599999999999,7238.0,OR,GRANT,0.0,,-1.0,2.04220685506961,0.0,2.04220685506961,0.570718552356216,0.42928144764378395,INSUFFICIENT DATA,,
41025,Harney County,OR,88.3,7.0,6.181,7515.0,OR,HARNEY,0.0,,-1.0,1.9714386491281806,0.0,1.9714386491281806,0.5509415508504785,0.44905844914952153,INSUFFICIENT DATA,,
41027,Hood River County,OR,89.8,8.7,7.812599999999999,23958.0,OR,HOOD RIVER,1.0,12.7,1.0,2.176182515591735,0.6931471805599453,1.5880949688812225,0.44381168312804803,0.5561883168719519,VALID,902.0,Good Access
41029,Jackson County,OR,86.4,5.9,5.097600000000001,222563.0,OR,JACKSON,2.0,14.2,0.3333333333333333,1.8078952511374589,0.5108256237659907,1.447841663069799,0.4046162590909757,0.5953837409090244,VALID,695.0,Good Access
41031,Jefferson County,OR,91.8,9.2,8.445599999999999,24973.0,OR,JEFFERSON,0.0,,-1.0,2.245549024610763,0.0,2.245549024610763,0.6275448960468228,0.37245510395317716,VALID,1809.0,Low Access
41033,Josephine County,OR,83.5,7.9,6.5965,88069.0,OR,JOSEPHINE,1.0,12.7,1.0,2.027687614901684,0.6931471805599453,1.479729056095519,0.41352756341887753,0.5864724365811225,VALID,735.0,Good Access
41035,Klamath County,OR,84.2,7.3,6.146599999999999,69812.0,OR,KLAMATH,1.0,19.3,0.0,1.9666367191327732,0.0,1.9666367191327732,0.5495995954414602,0.4504004045585398,VALID,1452.0,Moderate Access
41037,Lake County,OR,94.6,5.0,4.73,8254.0,OR,LAKE,0.0,,-1.0,1.7457155307266483,0.0,1.7457155307266483,0.48786058966005974,0.5121394103399403,INSUFFICIENT DATA,,
41039,Lane County,OR,85.3,5.9,5.0327,382628.0,OR,LANE,3.0,13.433333333333332,0.5,1.7971946717179943,0.9162907318741551,1.1551730987468378,0.32282661132051066,0.6771733886794893,VALID,317.0,Good Access
41041,Lincoln County,OR,110.7,8.1,8.9667,50632.0,OR,LINCOLN,2.0,13.6,1.0,2.2992495362045435,1.0986122886681096,1.3144410884897462,0.36733591081537453,0.6326640891846255,VALID,511.0,Good Access
41043,Linn County,OR,122.5,6.6,8.085,129794.0,OR,LINN,1.0,13.1,0.0,2.2066247018481344,0.0,2.2066247018481344,0.6166670395342042,0.3833329604657958,VALID,1765.0,Low Access
41045,Malheur County,OR,80.0,9.7,7.76,31701.0,OR,MALHEUR,0.0,,-1.0,2.1701959049483,0.0,2.1701959049483,0.6064865868640248,0.3935134131359752,VALID,1720.0,Low Access
41047,Marion County,OR,94.1,8.7,8.186699999999998,346532.0,OR,MARION,1.0,13.2,-0.5,2.21775678591779,0.0,2.21775678591779,0.6197780304160387,0.38022196958396126,VALID,1784.0,Low Access
41049,Morrow County,OR,75.9,9.4,7.134600000000001,12249.0,OR,MORROW,0.0,,-1.0,2.096126569210107,0.0,2.096126569210107,0.5857870460895193,0.41421295391048074,VALID,1629.0,Moderate Access
41051,Multnomah County,OR,92.0,5.9,5.428000000000001,803863.0,OR,MULTNOMAH,6.0,13.516666666666666,0.5,1.8606634478752664,1.3862943611198906,0.8550189355468956,0.23894502553505728,0.7610549744649427,VALID,90.0,Highest Access
41053,Polk County,OR,90.8,5.1,4.630799999999999,88553.0,OR,POLK,0.0,,-1.0,1.728251527971673,0.0,1.728251527971673,0.4829800701642397,0.5170199298357603,VALID,1107.0,Moderate Access
41055,Sherman County,OR,77.4,3.1,2.3994000000000004,1908.0,OR,SHERMAN,0.0,,-1.0,1.2235989454611143,0.0,1.2235989454611143,0.34194901318865495,0.6580509868113451,INSUFFICIENT DATA,,
41057,Tillamook County,OR,100.4,4.7,4.718800000000001,27471.0,OR,TILLAMOOK,1.0,13.2,1.0,1.743758993172872,0.6931471805599453,1.2725287810917938,0.3556230271059264,0.6443769728940736,VALID,452.0,Good Access
41059,Umatilla County,OR,78.5,7.1,5.5735,80087.0,OR,UMATILLA,2.0,15.7,1.0,1.8830464151545219,1.0986122886681096,1.0765049815768375,0.3008418873752366,0.6991581126247635,VALID,230.0,Highest Access
41061,Union County,OR,93.5,6.9,6.451499999999999,26192.0,OR,UNION,1.0,15.5,1.0,2.0084153544067105,0.6931471805599453,1.4656648957083496,0.40959716957246306,0.5904028304275369,VALID,715.0,Good Access
41063,Wallowa County,OR,82.8,6.9,5.7132000000000005,7532.0,OR,WALLOWA,0.0,,-1.0,1.9040757374518873,0.0,1.9040757374518873,0.532116198590517,0.46788380140948305,INSUFFICIENT DATA,,
41065,Wasco County,OR,89.3,9.5,8.4835,26603.0,OR,WASCO,1.0,16.0,1.0,2.2495534464422398,0.6931471805599453,1.6416382747900722,0.4587749851857248,0.5412250148142752,VALID,981.0,Moderate Access
41067,Washington County,OR,75.1,5.4,4.055400000000001,600266.0,OR,WASHINGTON,3.0,12.299999999999999,0.2,1.6204569789165337,0.4700036292457356,1.32352298335371,0.3698739523837622,0.6301260476162378,VALID,523.0,Good Access
41069,Wheeler County,OR,83.3,3.8,3.1653999999999995,1434.0,OR,WHEELER,0.0,,-1.0,1.4268123094227787,0.0,1.4268123094227787,0.39873936065602,0.60126063934398,INSUFFICIENT DATA,,
41071,Yamhill County,OR,96.6,6.1,5.892599999999999,108122.0,OR,YAMHILL,2.0,15.55,1.0,1.9304483723343246,1.0986122886681096,1.103603858497703,0.3084149849624683,0.6915850150375318,VALID,262.0,Good Access
00041,Oregon,OR,87.7,,,,OR,OREGON,0.0,,-1.0,,0.0,,,,VALID,,
42001,Adams County,PA,59.5,5.9,3.5105,105183.0,PA,ADAMS,1.0,13.8,1.0,1.5064080121145564,0.6931471805599453,1.0993190911061912,0.30721755668198025,0.6927824433180197,VALID,257.0,Good Access
42003,Allegheny County,PA,68.0,3.9,2.652,1240476.0,PA,ALLEGHENY,12.0,13.025,0.3333333333333333,1.295274962732722,1.6094379124341003,0.4825241667045902,0.13484701278663883,0.8651529872133612,VALID,14.0,Highest Access
42005,Armstrong County,PA,68.9,4.0,2.756,65069.0,PA,ARMSTRONG,0.0,,-1.0,1.3233545613460165,0.0,1.3233545613460165,0.36982688488706017,0.6301731151129398,VALID,522.0,Good Access
42007,Beaver County,PA,68.3,3.8,2.5954,166993.0,PA,BEAVER,1.0,12.9,1.0,1.2796552506301786,0.6931471805599453,0.9338435773966498,0.2609734921298164,0.7390265078701836,VALID,128.0,Highest Access
42009,Bedford County,PA,66.5,7.6,5.053999999999999,47503.0,PA,BEDFORD,0.0,,-1.0,1.8007192105995267,0.0,1.8007192105995267,0.5032320102746692,0.49676798972533076,VALID,1201.0,Moderate Access
42011,Berks County,PA,83.4,6.7,5.5878000000000005,429989.0,PA,BERKS,2.0,12.149999999999999,-0.3333333333333333,1.8852194536274942,0.0,1.8852194536274942,0.5268465898922792,0.47315341010772083,VALID,1329.0,Moderate Access
42013,Blair County,PA,62.5,5.8,3.625,121854.0,PA,BLAIR,1.0,13.0,-0.5,1.5314763709643886,0.0,1.5314763709643886,0.42798895480876975,0.5720110451912302,VALID,815.0,Good Access
42015,Bradford County,PA,63.0,6.7,4.221,59971.0,PA,BRADFORD,1.0,13.0,0.0,1.6526889544284153,0.0,1.6526889544284153,0.4618632266486752,0.5381367733513248,VALID,1001.0,Moderate Access
42017,Bucks County,PA,64.3,3.9,2.5077,645993.0,PA,BUCKS,4.0,13.275,0.14285714285714285,1.2549605520388551,0.4519851237430572,1.0338164195998023,0.2889120702593932,0.7110879297406068,VALID,205.0,Highest Access
42019,Butler County,PA,69.3,3.2,2.2176,195870.0,PA,BUTLER,1.0,15.3,1.0,1.1686357400362506,0.6931471805599453,0.8528257744510491,0.23833212105743384,0.7616678789425662,VALID,89.0,Highest Access
42021,Cambria County,PA,63.8,3.6,2.2968,132355.0,PA,CAMBRIA,1.0,13.3,0.0,1.1929523010424705,0.0,1.1929523010424705,0.33338445054713556,0.6666155494528645,VALID,352.0,Good Access
42023,Cameron County,PA,60.4,2.5,1.51,4475.0,PA,CAMERON,0.0,,-1.0,0.9202827531436926,0.0,0.9202827531436926,0.2571837614435285,0.7428162385564715,INSUFFICIENT DATA,,
42025,Carbon County,PA,66.2,5.4,3.5748,65191.0,PA,CARBON,1.0,13.1,1.0,1.5205629819249247,0.6931471805599453,1.109648847999031,0.31010432786553516,0.6898956721344649,VALID,268.0,Good Access
42027,Centre County,PA,63.9,5.5,3.5145,158041.0,PA,CENTRE,1.0,13.0,0.0,1.5072944387653968,0.0,1.5072944387653968,0.4212310314850258,0.5787689685149742,VALID,779.0,Good Access
42029,Chester County,PA,80.1,4.4,3.5244,540896.0,PA,CHESTER,3.0,12.233333333333334,0.5,1.5094849716750889,0.9162907318741551,0.9702434909707485,0.2711458730173504,0.7288541269826496,VALID,151.0,Highest Access
42031,Clarion County,PA,69.3,6.3,4.3659,37297.0,PA,CLARION,1.0,14.3,0.0,1.680064115974397,0.0,1.680064115974397,0.4695135352005519,0.530486464799448,VALID,1036.0,Moderate Access
42033,Clearfield County,PA,62.6,6.2,3.8812,78902.0,PA,CLEARFIELD,1.0,19.3,0.0,1.5853910912755476,0.0,1.5853910912755476,0.4430560529581519,0.556943947041848,VALID,896.0,Good Access
42035,Clinton County,PA,59.4,9.9,5.8806,37707.0,PA,CLINTON,0.0,,-1.0,1.9287058574450677,0.0,1.9287058574450677,0.5389993732268045,0.46100062677319553,VALID,1386.0,Moderate Access
42037,Columbia County,PA,59.9,4.3,2.5757,65055.0,PA,COLUMBIA,1.0,12.4,0.0,1.2741609611746356,0.0,1.2741609611746356,0.35607915888892955,0.6439208411110704,VALID,455.0,Good Access
42039,Crawford County,PA,85.4,8.8,7.515200000000001,83189.0,PA,CRAWFORD,1.0,13.0,0.0,2.141852801801233,0.0,2.141852801801233,0.5985657757291383,0.40143422427086173,VALID,1689.0,Moderate Access
42041,Cumberland County,PA,62.9,5.4,3.3966000000000003,264422.0,PA,CUMBERLAND,3.0,13.5,0.5,1.4808315149438798,0.9162907318741551,0.9518260635640902,0.2659989078695444,0.7340010921304556,VALID,137.0,Highest Access
42043,Dauphin County,PA,67.3,6.3,4.2399,287484.0,PA,DAUPHIN,2.0,10.45,0.6666666666666666,1.6563024141813838,0.8472978603872036,1.1091643244535865,0.309968922103013,0.6900310778969869,VALID,267.0,Good Access
42045,Delaware County,PA,82.3,4.8,3.9504,576195.0,PA,DELAWARE,3.0,13.266666666666666,1.0,1.59946838139661,1.3862943611198906,0.7349936144896655,0.20540254803831148,0.7945974519616885,VALID,52.0,Highest Access
42047,Elk County,PA,65.3,2.7,1.7631,30703.0,PA,ELK,1.0,12.3,1.0,1.016353237830681,0.6931471805599453,0.741695814593087,0.20727555611833579,0.7927244438816642,VALID,55.0,Highest Access
42049,Erie County,PA,71.4,4.1,2.9274,269544.0,PA,ERIE,2.0,13.899999999999999,-0.2,1.367977629333993,0.0,1.367977629333993,0.38229732229675284,0.6177026777032472,VALID,588.0,Good Access
42051,Fayette County,PA,73.9,4.4,3.2516000000000003,126967.0,PA,FAYETTE,1.0,14.0,0.0,1.4472953826772896,0.0,1.4472953826772896,0.4044635946564109,0.5955364053435891,VALID,694.0,Good Access
42053,Forest County,PA,71.1,5.6,3.9816,6785.0,PA,FOREST,0.0,,-1.0,1.6057511245761051,0.0,1.6057511245761051,0.4487459020066816,0.5512540979933185,INSUFFICIENT DATA,,
42055,Franklin County,PA,56.4,9.1,5.1324000000000005,156626.0,PA,FRANKLIN,2.0,13.9,1.0,1.8135861904541621,1.0986122886681096,1.036795775627579,0.2897446860910879,0.7102553139089121,VALID,206.0,Highest Access
42057,Fulton County,PA,69.1,5.0,3.455,14545.0,PA,FULTON,0.0,,-1.0,1.4940270609227726,0.0,1.4940270609227726,0.4175233078246587,0.5824766921753413,VALID,757.0,Good Access
42059,Greene County,PA,75.3,4.1,3.0872999999999995,35265.0,PA,GREENE,0.0,,-1.0,1.4078846053626681,0.0,1.4078846053626681,0.39344979273894193,0.606550207261058,VALID,639.0,Good Access
42061,Huntingdon County,PA,64.0,5.0,3.2,43844.0,PA,HUNTINGDON,0.0,,-1.0,1.4350845252893227,0.0,1.4350845252893227,0.4010511279740135,0.5989488720259866,VALID,676.0,Good Access
42063,Indiana County,PA,72.8,7.6,5.5328,83213.0,PA,INDIANA,1.0,14.5,1.0,1.8768356415831742,0.6931471805599453,1.3696430416383225,0.3827627412121011,0.6172372587878989,VALID,591.0,Good Access
42065,Jefferson County,PA,68.2,8.5,5.797000000000001,44099.0,PA,JEFFERSON,0.0,,-1.0,1.9164813383645012,0.0,1.9164813383645012,0.5355830886248835,0.46441691137511654,VALID,1373.0,Moderate Access
42067,Juniata County,PA,56.9,15.3,8.7057,23419.0,PA,JUNIATA,0.0,,-1.0,2.2727133417890824,0.0,2.2727133417890824,0.6351362816781414,0.3648637183218586,VALID,1844.0,Low Access
42069,Lackawanna County,PA,57.5,4.7,2.7025,215834.0,PA,LACKAWANNA,2.0,12.95,-0.2,1.3090082671598169,0.0,1.3090082671598169,0.36581764545605006,0.63418235454395,VALID,504.0,Good Access
42071,Lancaster County,PA,81.0,11.0,8.91,555151.0,PA,LANCASTER,4.0,11.55,0.8,2.2935443483418965,1.4350845252893227,1.0103104346603875,0.282343048290327,0.7176569517096729,VALID,177.0,Highest Access
42073,Lawrence County,PA,73.7,5.3,3.9061,85423.0,PA,LAWRENCE,1.0,15.0,1.0,1.5904793288328025,0.6931471805599453,1.1606711303542236,0.3243631004533263,0.6756368995466737,VALID,320.0,Good Access
42075,Lebanon County,PA,81.6,8.7,7.099199999999999,143592.0,PA,LEBANON,1.0,11.4,-0.3333333333333333,2.0917652913686675,0.0,2.0917652913686675,0.5845682360703919,0.4154317639296081,VALID,1623.0,Moderate Access
42077,Lehigh County,PA,62.5,6.3,3.9375,375408.0,PA,LEHIGH,1.0,12.1,0.0,1.5968591302272404,0.0,1.5968591302272404,0.4462609303546935,0.5537390696453065,VALID,920.0,Good Access
42079,Luzerne County,PA,57.0,6.3,3.591,325978.0,PA,LUZERNE,3.0,13.6,0.5,1.5240978652670851,0.9162907318741551,0.9796361415488785,0.2737707588987345,0.7262292411012655,VALID,157.0,Highest Access
42081,Lycoming County,PA,58.1,5.4,3.1374,113570.0,PA,LYCOMING,2.0,13.25,0.0,1.4200675712268118,0.0,1.4200675712268118,0.3968544648093196,0.6031455351906805,VALID,656.0,Good Access
42083,McKean County,PA,66.2,4.2,2.7804,40149.0,PA,MCKEAN,0.0,,-1.0,1.329829824138764,0.0,1.329829824138764,0.37163647268568545,0.6283635273143146,VALID,533.0,Good Access
42085,Mercer County,PA,74.0,6.0,4.44,109852.0,PA,MERCER,2.0,14.75,0.0,1.6937790608678513,0.0,1.6937790608678513,0.4733463366994827,0.5266536633005173,VALID,1056.0,Moderate Access
42087,Mifflin County,PA,75.3,12.9,9.7137,46074.0,PA,MIFFLIN,1.0,12.2,1.0,2.3715232963200537,0.6931471805599453,1.7306472175411285,0.48364957358872407,0.5163504264112759,VALID,1110.0,Moderate Access
42089,Monroe County,PA,57.5,6.5,3.7375,167784.0,PA,MONROE,2.0,11.9,1.0,1.5555095704085447,1.0986122886681096,0.8892578472622699,0.24851348921930275,0.7514865107806973,VALID,110.0,Highest Access
42091,Montgomery County,PA,81.7,4.0,3.268,861225.0,PA,MONTGOMERY,7.0,12.242857142857144,-0.06666666666666667,1.4511453334395068,0.0,1.4511453334395068,0.405539508352519,0.5944604916474809,VALID,700.0,Good Access
42093,Montour County,PA,60.4,4.4,2.6576,18079.0,PA,MONTOUR,1.0,13.2,0.0,1.2968071946183544,0.0,1.2968071946183544,0.3624079132632652,0.6375920867367348,VALID,487.0,Good Access
42095,Northampton County,PA,54.6,4.2,2.2932,315927.0,PA,NORTHAMPTON,2.0,12.5,0.3333333333333333,1.191859736442134,0.5108256237659907,0.9544934541260698,0.26674434130902314,0.7332556586909769,VALID,140.0,Highest Access
42097,Northumberland County,PA,60.3,4.3,2.5929,90925.0,PA,NORTHUMBERLAND,0.0,,-1.0,1.2789596758487152,0.0,1.2789596758487152,0.3574202157388577,0.6425797842611423,VALID,465.0,Good Access
42099,Perry County,PA,61.4,9.9,6.0786,45988.0,PA,PERRY,0.0,,-1.0,1.9570761480394803,0.0,1.9570761480394803,0.5469277822113177,0.45307221778868234,VALID,1440.0,Moderate Access
42101,Philadelphia County,PA,79.8,7.2,5.7456,1582432.0,PA,PHILADELPHIA,9.0,11.766666666666667,-0.09523809523809523,1.9088904404847966,0.0,1.9088904404847966,0.5334617235740149,0.4665382764259851,VALID,1361.0,Moderate Access
42103,Pike County,PA,48.0,5.5,2.64,59691.0,PA,PIKE,0.0,,-1.0,1.2919836816486494,0.0,1.2919836816486494,0.36105992624005667,0.6389400737599433,VALID,481.0,Good Access
42105,Potter County,PA,62.8,6.7,4.2076,16276.0,PA,POTTER,0.0,,-1.0,1.650119097041105,0.0,1.650119097041105,0.46114504999374584,0.5388549500062542,VALID,996.0,Moderate Access
42107,Schuylkill County,PA,68.6,6.3,4.3218,143259.0,PA,SCHUYLKILL,3.0,13.200000000000001,1.0,1.6718115919921603,1.3862943611198906,0.7682370336518389,0.21469280970426785,0.7853071902957321,VALID,66.0,Highest Access
42109,Snyder County,PA,46.0,11.8,5.428000000000001,39711.0,PA,SNYDER,0.0,,-1.0,1.8606634478752664,0.0,1.8606634478752664,0.5199841273460526,0.4800158726539474,VALID,1286.0,Moderate Access
42111,Somerset County,PA,70.1,5.8,4.065799999999999,73255.0,PA,SOMERSET,1.0,16.4,-0.3333333333333333,1.6225120719213721,0.0,1.6225120719213721,0.45342994445872964,0.5465700555412704,VALID,954.0,Good Access
42113,Sullivan County,PA,57.5,4.6,2.645,5849.0,PA,SULLIVAN,0.0,,-1.0,1.2933563654606215,0.0,1.2933563654606215,0.36144353876004537,0.6385564612399546,INSUFFICIENT DATA,,
42115,Susquehanna County,PA,60.0,6.8,4.08,38349.0,PA,SUSQUEHANNA,0.0,,-1.0,1.6253112615903906,0.0,1.6253112615903906,0.45421221069767936,0.5457877893023206,VALID,961.0,Good Access
42117,Tioga County,PA,65.1,6.4,4.166399999999999,41078.0,PA,TIOGA,1.0,14.0,1.0,1.6421761210218735,0.6931471805599453,1.1983974768323074,0.33490616850454336,0.6650938314954566,VALID,358.0,Good Access
42119,Union County,PA,51.3,9.9,5.0787,42570.0,PA,UNION,1.0,11.7,1.0,1.8047908573267473,0.6931471805599453,1.317067506915467,0.368069894112947,0.631930105887053,VALID,516.0,Good Access
42121,Venango County,PA,72.8,4.4,3.2032,50096.0,PA,VENANGO,1.0,12.1,1.0,1.4358461399491382,0.6931471805599453,1.047825729047692,0.29282713537033533,0.7071728646296647,VALID,214.0,Highest Access
42123,Warren County,PA,70.6,4.4,3.1064,38174.0,PA,WARREN,1.0,12.8,0.0,1.4125467322639562,0.0,1.4125467322639562,0.3947526785408375,0.6052473214591625,VALID,646.0,Good Access
42125,Washington County,PA,69.5,4.0,2.78,209778.0,PA,WASHINGTON,2.0,13.2,0.0,1.3297240096314962,0.0,1.3297240096314962,0.3716069015860408,0.6283930984139592,VALID,532.0,Good Access
42127,Wayne County,PA,60.1,6.5,3.9065,51189.0,PA,WAYNE,1.0,15.1,1.0,1.5905608566644112,0.6931471805599453,1.160730626255084,0.3243797272775512,0.6756202727224487,VALID,321.0,Good Access
42129,Westmoreland County,PA,71.4,3.2,2.2848,353345.0,PA,WESTMORELAND,2.0,12.0,-0.2,1.1893057672825322,0.0,1.1893057672825322,0.3323653841076004,0.6676346158923996,VALID,350.0,Good Access
42131,Wyoming County,PA,56.5,3.6,2.0340000000000003,26075.0,PA,WYOMING,0.0,,-1.0,1.1098818809263407,0.0,1.1098818809263407,0.31016945163818105,0.689830548361819,VALID,269.0,Good Access
42133,York County,PA,74.5,4.7,3.5015000000000005,459312.0,PA,YORK,3.0,12.666666666666666,0.2,1.5044106745663945,0.4700036292457356,1.2287411082783462,0.343386050632607,0.656613949367393,VALID,398.0,Good Access
00042,Pennsylvania,PA,70.5,,,,PA,PENNSYLVANIA,0.0,,-1.0,,0.0,,,,VALID,,
72001,Adjuntas Municipio,PR,42.5,5.0,2.125,17975.0,PR,ADJUNTAS MUNICIPIO,0.0,,-1.0,1.1394342831883648,0.0,1.1394342831883648,0.3184282155316438,0.6815717844683562,VALID,299.0,Good Access
72003,Aguada Municipio,PR,38.2,5.6,2.1392,37904.0,PR,AGUADA MUNICIPIO,0.0,,-1.0,1.1439679903889068,0.0,1.1439679903889068,0.3196952129486181,0.6803047870513819,VALID,304.0,Good Access
72005,Aguadilla Municipio,PR,40.8,5.3,2.1624,54486.0,PR,AGUADILLA MUNICIPIO,0.0,,-1.0,1.1513312330003387,0.0,1.1513312330003387,0.3217529570764531,0.6782470429235469,VALID,313.0,Good Access
72007,Aguas Buenas Municipio,PR,42.4,3.9,1.6536,23888.0,PR,AGUAS BUENAS MUNICIPIO,0.0,,-1.0,0.9759172086507055,0.0,0.9759172086507055,0.27273145967462,0.72726854032538,VALID,154.0,Highest Access
72009,Aibonito Municipio,PR,41.2,3.4,1.4008,24610.0,PR,AIBONITO MUNICIPIO,0.0,,-1.0,0.8758020151440203,0.0,0.8758020151440203,0.24475309981104476,0.7552469001889552,VALID,101.0,Highest Access
72011,Anasco Municipio,PR,38.1,5.7,2.1717,25316.0,PR,ANASCO MUNICIPIO,0.0,,-1.0,1.1542677217462687,0.0,1.1542677217462687,0.3225735931456775,0.6774264068543225,VALID,316.0,Good Access
72013,Arecibo Municipio,PR,42.3,6.7,2.8341,86875.0,PR,ARECIBO MUNICIPIO,0.0,,-1.0,1.343934726703761,0.0,1.343934726703761,0.3755782524094374,0.6244217475905627,VALID,552.0,Good Access
72015,Arroyo Municipio,PR,55.2,5.0,2.76,15573.0,PR,ARROYO MUNICIPIO,0.0,,-1.0,1.324418957401803,0.0,1.324418957401803,0.3701243427937282,0.6298756572062718,VALID,524.0,Good Access
72017,Barceloneta Municipio,PR,45.6,5.2,2.3712,22565.0,PR,BARCELONETA MUNICIPIO,0.0,,-1.0,1.2152687640677875,0.0,1.2152687640677875,0.33962104672734267,0.6603789532726574,VALID,378.0,Good Access
72019,Barranquitas Municipio,PR,43.5,2.9,1.2614999999999998,28984.0,PR,BARRANQUITAS MUNICIPIO,0.0,,-1.0,0.8160283099357607,0.0,0.8160283099357607,0.22804863991720978,0.7719513600827902,VALID,81.0,Highest Access
72021,Bayamon Municipio,PR,46.0,6.9,3.1740000000000004,183456.0,PR,BAYAMON MUNICIPIO,0.0,,-1.0,1.4288748086550092,0.0,1.4288748086550092,0.3993157501501265,0.6006842498498735,VALID,670.0,Good Access
72023,Cabo Rojo Municipio,PR,42.3,4.7,1.9881,46955.0,PR,CABO ROJO MUNICIPIO,0.0,,-1.0,1.0946377339126985,0.0,1.0946377339126985,0.30590929675037726,0.6940907032496227,VALID,250.0,Good Access
72025,Caguas Municipio,PR,40.9,6.4,2.6176,126239.0,PR,CAGUAS MUNICIPIO,0.0,,-1.0,1.2858108225415683,0.0,1.2858108225415683,0.35933484868253757,0.6406651513174624,VALID,475.0,Good Access
72027,Camuy Municipio,PR,35.6,4.9,1.7444000000000002,32753.0,PR,CAMUY MUNICIPIO,0.0,,-1.0,1.0095624718345988,0.0,1.0095624718345988,0.2821340213447506,0.7178659786552495,VALID,176.0,Highest Access
72029,Canovanas Municipio,PR,49.0,10.6,5.194,42037.0,PR,CANOVANAS MUNICIPIO,0.0,,-1.0,1.8235810815510112,0.0,1.8235810815510112,0.5096210270685342,0.4903789729314658,VALID,1242.0,Moderate Access
72031,Carolina Municipio,PR,38.8,7.2,2.7936,153226.0,PR,CAROLINA MUNICIPIO,0.0,,-1.0,1.333315436329004,0.0,1.333315436329004,0.3726105677134985,0.6273894322865015,VALID,537.0,Good Access
72033,Catano Municipio,PR,47.2,6.5,3.068,22768.0,PR,CATANO MUNICIPIO,0.0,,-1.0,1.4031514781863135,0.0,1.4031514781863135,0.39212706508111367,0.6078729349188863,VALID,631.0,Good Access
72035,Cayey Municipio,PR,42.9,4.9,2.1021,41231.0,PR,CAYEY MUNICIPIO,0.0,,-1.0,1.1320793015010175,0.0,1.1320793015010175,0.31637278001550645,0.6836272199844935,VALID,290.0,Good Access
72037,Ceiba Municipio,PR,40.7,6.9,2.8083000000000005,11128.0,PR,CEIBA MUNICIPIO,0.0,,-1.0,1.3371828953386236,0.0,1.3371828953386236,0.3736913742937858,0.6263086257062143,VALID,544.0,Good Access
72039,Ciales Municipio,PR,44.1,4.9,2.1609000000000003,16874.0,PR,CIALES MUNICIPIO,0.0,,-1.0,1.1508567971746984,0.0,1.1508567971746984,0.3216203704450239,0.6783796295549761,VALID,311.0,Good Access
72041,Cidra Municipio,PR,44.0,5.8,2.552,39765.0,PR,CIDRA MUNICIPIO,0.0,,-1.0,1.2675108251299236,0.0,1.2675108251299236,0.35422070071806,0.64577929928194,VALID,445.0,Good Access
72043,Coamo Municipio,PR,47.7,3.3,1.5741,34294.0,PR,COAMO MUNICIPIO,0.0,,-1.0,0.9454999584581418,0.0,0.9454999584581418,0.26423100392819904,0.735768996071801,VALID,133.0,Highest Access
72045,Comerio Municipio,PR,46.8,4.8,2.2464,18775.0,PR,COMERIO MUNICIPIO,0.0,,-1.0,1.1775466900894132,0.0,1.1775466900894132,0.329079172676059,0.670920827323941,VALID,341.0,Good Access
72047,Corozal Municipio,PR,43.2,5.2,2.2464,34474.0,PR,COROZAL MUNICIPIO,0.0,,-1.0,1.1775466900894132,0.0,1.1775466900894132,0.329079172676059,0.670920827323941,VALID,341.0,Good Access
72049,Culebra Municipio,PR,37.5,13.3,4.9875,1281.0,PR,CULEBRA MUNICIPIO,0.0,,-1.0,1.7896739627370337,0.0,1.7896739627370337,0.5001452867849067,0.49985471321509334,INSUFFICIENT DATA,,
72051,Dorado Municipio,PR,39.7,6.2,2.4614000000000003,35816.0,PR,DORADO MUNICIPIO,0.0,,-1.0,1.2416731315087617,0.0,1.2416731315087617,0.3470000555306799,0.6529999444693201,VALID,411.0,Good Access
72053,Fajardo Municipio,PR,39.4,5.9,2.3246,31756.0,PR,FAJARDO MUNICIPIO,0.0,,-1.0,1.201349366119222,0.0,1.201349366119222,0.335731108434777,0.6642688915652231,VALID,363.0,Good Access
72054,Florida Municipio,PR,45.3,4.4,1.9932,11624.0,PR,FLORIDA MUNICIPIO,0.0,,-1.0,1.0963430492240664,0.0,1.0963430492240664,0.306385867026987,0.693614132973013,VALID,253.0,Good Access
72055,Guanica Municipio,PR,46.3,4.9,2.2687,13266.0,PR,GUANICA MUNICIPIO,0.0,,-1.0,1.1843923523469926,0.0,1.1843923523469926,0.33099227293026035,0.6690077270697397,VALID,347.0,Good Access
72057,Guayama Municipio,PR,46.3,4.9,2.2687,35845.0,PR,GUAYAMA MUNICIPIO,0.0,,-1.0,1.1843923523469926,0.0,1.1843923523469926,0.33099227293026035,0.6690077270697397,VALID,347.0,Good Access
72059,Guayanilla Municipio,PR,46.1,3.7,1.7057000000000002,17418.0,PR,GUAYANILLA MUNICIPIO,0.0,,-1.0,0.9953606588576351,0.0,0.9953606588576351,0.27816515887475846,0.7218348411252415,VALID,169.0,Highest Access
72061,Guaynabo Municipio,PR,40.5,4.8,1.944,89503.0,PR,GUAYNABO MUNICIPIO,0.0,,-1.0,1.0797692008666298,0.0,1.0797692008666298,0.30175411157183,0.6982458884281699,VALID,237.0,Highest Access
72063,Gurabo Municipio,PR,43.3,8.1,3.5072999999999994,40383.0,PR,GURABO MUNICIPIO,0.0,,-1.0,1.505698304617314,0.0,1.505698304617314,0.4207849731593969,0.5792150268406031,VALID,775.0,Good Access
72065,Hatillo Municipio,PR,39.6,6.7,2.6532,38266.0,PR,HATILLO MUNICIPIO,0.0,,-1.0,1.2956034958353868,0.0,1.2956034958353868,0.3620715255828582,0.6379284744171418,VALID,486.0,Good Access
72067,Hormigueros Municipio,PR,40.1,4.5,1.8045,15520.0,PR,HORMIGUEROS MUNICIPIO,0.0,,-1.0,1.0312252699662545,0.0,1.0312252699662545,0.2881879432376247,0.7118120567623754,VALID,201.0,Highest Access
72069,Humacao Municipio,PR,39.3,4.5,1.7685,50441.0,PR,HUMACAO MUNICIPIO,0.0,,-1.0,1.0183056572808848,0.0,1.0183056572808848,0.2845774066112819,0.7154225933887182,VALID,189.0,Highest Access
72071,Isabela Municipio,PR,39.7,5.6,2.2232,42878.0,PR,ISABELA MUNICIPIO,0.0,,-1.0,1.1703746548950005,0.0,1.1703746548950005,0.32707486369362565,0.6729251363063744,VALID,330.0,Good Access
72073,Jayuya Municipio,PR,42.0,3.4,1.428,14653.0,PR,JAYUYA MUNICIPIO,0.0,,-1.0,0.8870678731972518,0.0,0.8870678731972518,0.24790147539465904,0.752098524605341,VALID,106.0,Highest Access
72075,Juana Diaz Municipio,PR,45.7,5.7,2.6049,46276.0,PR,JUANA DIAZ MUNICIPIO,0.0,,-1.0,1.2822940311011322,0.0,1.2822940311011322,0.3583520402491793,0.6416479597508207,VALID,471.0,Good Access
72077,Juncos Municipio,PR,46.0,8.7,4.002,36895.0,PR,JUNCOS MUNICIPIO,0.0,,-1.0,1.6098378324554272,0.0,1.6098378324554272,0.44988798024376103,0.550112019756239,VALID,939.0,Good Access
72079,Lajas Municipio,PR,40.7,5.6,2.2792,23133.0,PR,LAJAS MUNICIPIO,0.0,,-1.0,1.1875994902079907,0.0,1.1875994902079907,0.3318885450550414,0.6681114549449586,VALID,348.0,Good Access
72081,Lares Municipio,PR,38.3,5.9,2.2597,27944.0,PR,LARES MUNICIPIO,0.0,,-1.0,1.1816351666042213,0.0,1.1816351666042213,0.3302217451789773,0.6697782548210227,VALID,343.0,Good Access
72083,Las Marias Municipio,PR,41.3,2.0,0.826,8790.0,PR,LAS MARIAS MUNICIPIO,0.0,,-1.0,0.6021277821727767,0.0,0.6021277821727767,0.16827163973229967,0.8317283602677004,INSUFFICIENT DATA,,
72085,Las Piedras Municipio,PR,43.5,6.0,2.61,35034.0,PR,LAS PIEDRAS MUNICIPIO,0.0,,-1.0,1.2837077723447896,0.0,1.2837077723447896,0.3587471267478773,0.6412528732521228,VALID,473.0,Good Access
72087,Loiza Municipio,PR,41.6,7.3,3.0368,23176.0,PR,LOIZA MUNICIPIO,0.0,,-1.0,1.3954522989046563,0.0,1.3954522989046563,0.38997543952807506,0.610024560471925,VALID,622.0,Good Access
72089,Luquillo Municipio,PR,39.6,8.1,3.2076,17631.0,PR,LUQUILLO MUNICIPIO,0.0,,-1.0,1.436892413882982,0.0,1.436892413882982,0.40155636355210056,0.5984436364478994,VALID,677.0,Good Access
72091,Manati Municipio,PR,49.3,10.9,5.3737,39152.0,PR,MANATI MUNICIPIO,0.0,,-1.0,1.8521801486810323,0.0,1.8521801486810323,0.5176133703273308,0.4823866296726692,VALID,1275.0,Moderate Access
72093,Maricao Municipio,PR,42.2,0.8,0.3376,5176.0,PR,MARICAO MUNICIPIO,0.0,,-1.0,0.29087696334830015,0.0,0.29087696334830015,0.08128896395769636,0.9187110360423036,INSUFFICIENT DATA,,
72095,Maunabo Municipio,PR,41.0,7.6,3.116,10482.0,PR,MAUNABO MUNICIPIO,0.0,,-1.0,1.4148818179718032,0.0,1.4148818179718032,0.39540524550852835,0.6045947544914716,VALID,649.0,Good Access
72097,Mayaguez Municipio,PR,40.6,4.1,1.6646,71824.0,PR,MAYAGUEZ MUNICIPIO,0.0,,-1.0,0.9800539525439745,0.0,0.9800539525439745,0.273887521060064,0.726112478939936,VALID,158.0,Highest Access
72099,Moca Municipio,PR,40.5,3.8,1.539,37402.0,PR,MOCA MUNICIPIO,0.0,,-1.0,0.9317703027225414,0.0,0.9317703027225414,0.260394091312653,0.739605908687347,VALID,127.0,Highest Access
72101,Morovis Municipio,PR,45.4,8.0,3.632,28534.0,PR,MOROVIS MUNICIPIO,0.0,,-1.0,1.532988740270694,0.0,1.532988740270694,0.42841160407124773,0.5715883959287522,VALID,819.0,Good Access
72103,Naguabo Municipio,PR,39.2,6.2,2.4304,23205.0,PR,NAGUABO MUNICIPIO,0.0,,-1.0,1.2326768724542911,0.0,1.2326768724542911,0.3444859458892186,0.6555140541107813,VALID,402.0,Good Access
72105,Naranjito Municipio,PR,47.2,6.6,3.1152,29246.0,PR,NARANJITO MUNICIPIO,0.0,,-1.0,1.4146874356211085,0.0,1.4146874356211085,0.3953509230908375,0.6046490769091625,VALID,648.0,Good Access
72107,Orocovis Municipio,PR,47.6,4.6,2.1896,21351.0,PR,OROCOVIS MUNICIPIO,0.0,,-1.0,1.1598955170850083,0.0,1.1598955170850083,0.32414634626846195,0.675853653731538,VALID,319.0,Good Access
72109,Patillas Municipio,PR,40.6,5.2,2.1112,15753.0,PR,PATILLAS MUNICIPIO,0.0,,-1.0,1.1350085038594004,0.0,1.1350085038594004,0.31719137981864814,0.6828086201813519,VALID,293.0,Good Access
72111,Penuelas Municipio,PR,43.1,4.5,1.9395,20082.0,PR,PENUELAS MUNICIPIO,0.0,,-1.0,1.0782394988601727,0.0,1.0782394988601727,0.3013266184839019,0.6986733815160981,VALID,236.0,Highest Access
72113,Ponce Municipio,PR,41.5,4.7,1.9505,134676.0,PR,PONCE MUNICIPIO,0.0,,-1.0,1.0819746475150864,0.0,1.0819746475150864,0.30237044939058794,0.6976295506094121,VALID,241.0,Highest Access
72115,Quebradillas Municipio,PR,35.4,4.5,1.5929999999999995,23486.0,PR,QUEBRADILLAS MUNICIPIO,0.0,,-1.0,0.9528155065565271,0.0,0.9528155065565271,0.2662754192674377,0.7337245807325623,VALID,139.0,Highest Access
72117,Rincon Municipio,PR,31.7,5.6,1.7752,15276.0,PR,RINCON MUNICIPIO,0.0,,-1.0,1.0207228166734028,0.0,1.0207228166734028,0.2852529100285227,0.7147470899714773,VALID,193.0,Highest Access
72119,Rio Grande Municipio,PR,43.0,7.7,3.3110000000000004,46478.0,PR,RIO GRANDE MUNICIPIO,0.0,,-1.0,1.4611698957649977,0.0,1.4611698957649977,0.40834098935049257,0.5916590106495074,VALID,712.0,Good Access
72121,Sabana Grande Municipio,PR,43.6,5.2,2.2672000000000003,22541.0,PR,SABANA GRANDE MUNICIPIO,0.0,,-1.0,1.1839333489882096,0.0,1.1839333489882096,0.3308639990818982,0.6691360009181018,VALID,345.0,Good Access
72123,Salinas Municipio,PR,43.5,8.1,3.5235,25397.0,PR,SALINAS MUNICIPIO,0.0,,-1.0,1.5092860304836593,0.0,1.5092860304836593,0.4217876050463718,0.5782123949536282,VALID,782.0,Good Access
72125,San German Municipio,PR,42.7,5.3,2.2631,31514.0,PR,SAN GERMAN MUNICIPIO,0.0,,-1.0,1.1826776637857772,0.0,1.1826776637857772,0.33051308318952993,0.66948691681047,VALID,344.0,Good Access
72127,San Juan Municipio,PR,39.4,9.0,3.546,338661.0,PR,SAN JUAN MUNICIPIO,0.0,,-1.0,1.5142477254303515,0.0,1.5142477254303515,0.4231742086365908,0.5768257913634092,VALID,791.0,Good Access
72129,San Lorenzo Municipio,PR,42.8,5.4,2.3112,37515.0,PR,SAN LORENZO MUNICIPIO,0.0,,-1.0,1.1973106614523856,0.0,1.1973106614523856,0.33460244525595684,0.6653975547440432,VALID,357.0,Good Access
72131,San Sebastian Municipio,PR,37.7,5.3,1.9981,39168.0,PR,SAN SEBASTIAN MUNICIPIO,0.0,,-1.0,1.0979787546945015,0.0,1.0979787546945015,0.3068429840207188,0.6931570159792813,VALID,256.0,Good Access
72133,Santa Isabel Municipio,PR,48.5,5.6,2.716,20064.0,PR,SANTA ISABEL MUNICIPIO,0.0,,-1.0,1.3126478209515922,0.0,1.3126478209515922,0.36683476126197745,0.6331652387380226,VALID,510.0,Good Access
72135,Toa Alta Municipio,PR,44.5,6.1,2.7145,66536.0,PR,TOA ALTA MUNICIPIO,0.0,,-1.0,1.312244079609724,0.0,1.312244079609724,0.3667219310295328,0.6332780689704671,VALID,509.0,Good Access
72137,Toa Baja Municipio,PR,47.3,6.4,3.0272,73987.0,PR,TOA BAJA MUNICIPIO,0.0,,-1.0,1.3930713453989143,0.0,1.3930713453989143,0.38931005426866744,0.6106899457313326,VALID,617.0,Good Access
72139,Trujillo Alto Municipio,PR,40.1,4.9,1.9649,67329.0,PR,TRUJILLO ALTO MUNICIPIO,0.0,,-1.0,1.0868433050681108,0.0,1.0868433050681108,0.30373105259475525,0.6962689474052448,VALID,245.0,Highest Access
72141,Utuado Municipio,PR,41.8,5.1,2.1318,27896.0,PR,UTUADO MUNICIPIO,0.0,,-1.0,1.1416079191292055,0.0,1.1416079191292055,0.31903566347670703,0.6809643365232929,VALID,301.0,Good Access
72143,Vega Alta Municipio,PR,40.3,4.3,1.7329,35114.0,PR,VEGA ALTA MUNICIPIO,0.0,,-1.0,1.005363316448479,0.0,1.005363316448479,0.2809605183388548,0.7190394816611452,VALID,174.0,Highest Access
72145,Vega Baja Municipio,PR,48.2,10.0,4.82,54058.0,PR,VEGA BAJA MUNICIPIO,0.0,,-1.0,1.7613002617433464,0.0,1.7613002617433464,0.49221592472449316,0.5077840752755068,VALID,1149.0,Moderate Access
72147,Vieques Municipio,PR,37.5,11.4,4.275,8147.0,PR,VIEQUES MUNICIPIO,0.0,,-1.0,1.6629786793621304,0.0,1.6629786793621304,0.4647388104338023,0.5352611895661977,INSUFFICIENT DATA,,
72149,Villalba Municipio,PR,48.5,2.1,1.0185000000000002,21778.0,PR,VILLALBA MUNICIPIO,0.0,,-1.0,0.7023546613108586,0.0,0.7023546613108586,0.19628121144971403,0.803718788550286,VALID,44.0,Highest Access
72151,Yabucoa Municipio,PR,39.5,4.9,1.9355,29868.0,PR,YABUCOA MUNICIPIO,0.0,,-1.0,1.0768777965221035,0.0,1.0768777965221035,0.3009460748650253,0.6990539251349748,VALID,232.0,Highest Access
72153,Yauco Municipio,PR,44.9,4.9,2.2001000000000004,33509.0,PR,YAUCO MUNICIPIO,0.0,,-1.0,1.16318205931741,0.0,1.16318205931741,0.3250648088720311,0.6749351911279688,VALID,324.0,Good Access
00072,Puerto Rico,PR,42.6,,,,PR,PUERTO RICO,0.0,,-1.0,,0.0,,,,VALID,,
44001,Bristol County,RI,55.5,2.7,1.4985000000000002,50568.0,RI,BRISTOL,0.0,,-1.0,0.9156905518021228,0.0,0.9156905518021228,0.255900417155812,0.744099582844188,VALID,120.0,Highest Access
44003,Kent County,RI,57.9,3.0,1.737,170658.0,RI,KENT,1.0,10.3,1.0,1.006862430058542,0.6931471805599453,0.7347697851973153,0.2053399963289252,0.7946600036710748,VALID,51.0,Highest Access
44005,Newport County,RI,55.1,4.1,2.2591,85095.0,RI,NEWPORT,1.0,12.9,1.0,1.1814510836436474,0.6931471805599453,0.8621779232536311,0.24094568824470466,0.7590543117552954,VALID,95.0,Highest Access
44007,Providence County,RI,55.6,5.3,2.9468,658977.0,RI,PROVIDENCE,3.0,12.066666666666668,-0.2222222222222222,1.3729051240008745,0.0,1.3729051240008745,0.38367436821942447,0.6163256317805755,VALID,598.0,Good Access
44009,Washington County,RI,51.0,2.2,1.122,130073.0,RI,WASHINGTON,2.0,14.850000000000001,1.0,0.7523590401917915,1.0986122886681096,0.43011061659591115,0.12019943417939942,0.8798005658206006,VALID,9.0,Highest Access
00044,Rhode Island,RI,54.4,,,,RI,RHODE ISLAND,0.0,,-1.0,,0.0,,,,VALID,,
45001,Abbeville County,SC,81.0,10.7,8.667,24352.0,SC,ABBEVILLE,0.0,,-1.0,2.268718023482468,0.0,2.268718023482468,0.6340197433243049,0.3659802566756951,VALID,1838.0,Low Access
45003,Aiken County,SC,71.1,8.8,6.256799999999999,171949.0,SC,AIKEN,1.0,18.1,1.0,1.9819389603185973,0.6931471805599453,1.4463434334944985,0.4041975613414357,0.5958024386585643,VALID,692.0,Good Access
45005,Allendale County,SC,105.2,12.2,12.8344,7738.0,SC,ALLENDALE,0.0,,-1.0,2.6271582440295753,0.0,2.6271582440295753,0.7341900484376499,0.2658099515623501,INSUFFICIENT DATA,,
45007,Anderson County,SC,85.1,10.4,8.8504,207218.0,SC,ANDERSON,1.0,14.5,0.0,2.287512063496525,0.0,2.287512063496525,0.6392719572629274,0.3607280427370726,VALID,1861.0,Low Access
45009,Bamberg County,SC,89.3,14.3,12.7699,13164.0,SC,BAMBERG,0.0,,-1.0,2.6224850505500688,0.0,2.6224850505500688,0.7328840699512476,0.26711593004875245,VALID,2190.0,Lowest Access
45011,Barnwell County,SC,96.9,11.8,11.4342,20565.0,SC,BARNWELL,0.0,,-1.0,2.520450740646207,0.0,2.520450740646207,0.7043693906010929,0.29563060939890706,VALID,2108.0,Low Access
45013,Beaufort County,SC,62.3,8.4,5.2332,192123.0,SC,BEAUFORT,2.0,12.8,0.3333333333333333,1.8298898445893224,0.5108256237659907,1.4654558963843978,0.40953876227091424,0.5904612377290858,VALID,714.0,Good Access
45015,Berkeley County,SC,88.7,9.9,8.781300000000002,238723.0,SC,BERKELEY,0.0,,-1.0,2.2804723995484477,0.0,2.2804723995484477,0.6373046409709723,0.3626953590290277,VALID,1855.0,Low Access
45017,Calhoun County,SC,85.9,7.9,6.786100000000001,14150.0,SC,CALHOUN,0.0,,-1.0,2.05234009267116,0.0,2.05234009267116,0.573550403929078,0.42644959607092203,VALID,1561.0,Moderate Access
45019,Charleston County,SC,72.8,8.9,6.4792,414711.0,SC,CHARLESTON,6.0,12.866666666666667,0.5,2.012125834394969,1.3862943611198906,0.9246194904701145,0.2583957133291764,0.7416042866708237,VALID,125.0,Highest Access
45021,Cherokee County,SC,97.4,10.2,9.9348,56299.0,SC,CHEROKEE,0.0,,-1.0,2.391950364066636,0.0,2.391950364066636,0.6684584598759967,0.3315415401240033,VALID,1984.0,Low Access
45023,Chester County,SC,93.3,11.7,10.916099999999998,32177.0,SC,CHESTER,0.0,,-1.0,2.4778904268937008,0.0,2.4778904268937008,0.6924754139491397,0.3075245860508603,VALID,2070.0,Low Access
45025,Chesterfield County,SC,133.8,12.1,16.1898,43575.0,SC,CHESTERFIELD,0.0,,-1.0,2.8443161846557543,0.0,2.8443161846557543,0.7948773706837627,0.20512262931623726,VALID,2324.0,Lowest Access
45027,Clarendon County,SC,102.8,9.8,10.0744,31037.0,SC,CLARENDON,1.0,13.4,1.0,2.404636138391388,0.6931471805599453,1.7548117062832622,0.49040262213476304,0.509597377865237,VALID,1139.0,Moderate Access
45029,Colleton County,SC,104.7,15.5,16.2285,38623.0,SC,COLLETON,1.0,14.2,1.0,2.8465649892921956,0.6931471805599453,2.0773145201284495,0.580529799306665,0.41947020069333496,VALID,1598.0,Moderate Access
45033,Dillon County,SC,134.4,14.6,19.6224,28031.0,SC,DILLON,1.0,12.2,1.0,3.026377863668378,0.6931471805599453,2.2085350951909404,0.6172009212613812,0.38279907873861885,VALID,1768.0,Low Access
45035,Dorchester County,SC,82.2,11.3,9.2886,164322.0,SC,DORCHESTER,1.0,11.9,1.0,2.3310364861679473,0.6931471805599453,1.7011014882431768,0.4753926745329911,0.524607325467009,VALID,1065.0,Moderate Access
45037,Edgefield County,SC,77.0,10.8,8.316,26508.0,SC,EDGEFIELD,0.0,,-1.0,2.2317333520220948,0.0,2.2317333520220948,0.6236839450172743,0.3763160549827257,VALID,1799.0,Low Access
45039,Fairfield County,SC,86.2,8.0,6.896,20741.0,SC,FAIRFIELD,0.0,,-1.0,2.0663563021311804,0.0,2.0663563021311804,0.5774673973289809,0.4225326026710191,VALID,1581.0,Moderate Access
45041,Florence County,SC,153.3,10.0,15.33,136921.0,SC,FLORENCE,2.0,12.399999999999999,1.0,2.7930039069823738,1.0986122886681096,1.5967119000533867,0.4462197851634136,0.5537802148365865,VALID,919.0,Good Access
45043,Georgetown County,SC,84.6,10.1,8.544599999999999,64200.0,SC,GEORGETOWN,1.0,11.7,1.0,2.2559755495421334,0.6931471805599453,1.6463248806007087,0.46008471190467637,0.5399152880953236,VALID,993.0,Moderate Access
45045,Greenville County,SC,77.3,10.1,7.807299999999999,537575.0,SC,GREENVILLE,4.0,12.275,0.0,2.17558092305604,0.0,2.17558092305604,0.6079914930547137,0.39200850694528633,VALID,1726.0,Low Access
45047,Greenwood County,SC,90.1,7.9,7.1179,69329.0,SC,GREENWOOD,1.0,14.2,1.0,2.0940715000358336,0.6931471805599453,1.5281734826273008,0.4270659240953738,0.5729340759046262,VALID,810.0,Good Access
45049,Hampton County,SC,90.0,12.7,11.43,18555.0,SC,HAMPTON,0.0,,-1.0,2.5201129055226197,0.0,2.5201129055226197,0.7042749786309292,0.29572502136907075,VALID,2107.0,Low Access
45051,Horry County,SC,99.5,12.4,12.338,368937.0,SC,HORRY,4.0,12.875,0.6,2.5906171042101143,1.2237754316221157,1.3545952094113942,0.37855744878379854,0.6214425512162014,VALID,572.0,Good Access
45053,Jasper County,SC,82.0,12.9,10.578,30658.0,SC,JASPER,1.0,14.9,1.0,2.4491067456568127,0.6931471805599453,1.7872646587150163,0.49947197864267884,0.5005280213573211,VALID,1176.0,Moderate Access
45055,Kershaw County,SC,81.5,8.9,7.2535,66924.0,SC,KERSHAW,1.0,12.9,1.0,2.1106373528054587,0.6931471805599453,1.5402626099179477,0.43044437188064133,0.5695556281193587,VALID,829.0,Good Access
45057,Lancaster County,SC,77.5,8.3,6.4325,100905.0,SC,LANCASTER,1.0,12.7,0.0,2.0058622758901157,0.0,2.0058622758901157,0.5605616353113901,0.43943836468860986,VALID,1494.0,Moderate Access
45059,Laurens County,SC,93.3,12.7,11.849099999999998,67904.0,SC,LAURENS,1.0,12.1,0.0,2.553273769977884,0.0,2.553273769977884,0.7135421694200543,0.28645783057994567,VALID,2143.0,Low Access
45061,Lee County,SC,134.2,10.3,13.8226,16330.0,SC,LEE,0.0,,-1.0,2.696153043076881,0.0,2.696153043076881,0.753471450678876,0.246528549321124,VALID,2248.0,Lowest Access
45063,Lexington County,SC,76.2,9.0,6.8580000000000005,300370.0,SC,LEXINGTON,1.0,14.8,-0.3333333333333333,2.0615321211362683,0.0,2.0615321211362683,0.5761192236183277,0.4238807763816723,VALID,1577.0,Moderate Access
45065,McCormick County,SC,77.5,4.1,3.1775,9701.0,SC,MCCORMICK,0.0,,-1.0,1.4297129814874119,0.0,1.4297129814874119,0.3995499873354271,0.6004500126645729,INSUFFICIENT DATA,,
45067,Marion County,SC,119.0,13.8,16.422,28900.0,SC,MARION,1.0,14.6,1.0,2.8577337753967003,0.6931471805599453,2.085465074088879,0.5828075667843572,0.4171924332156428,VALID,1610.0,Moderate Access
45069,Marlboro County,SC,162.2,14.1,22.8702,26285.0,SC,MARLBORO,0.0,,-1.0,3.1726308190336936,0.0,3.1726308190336936,0.8866287289677652,0.11337127103223477,VALID,2417.0,Lowest Access
45071,Newberry County,SC,76.8,8.5,6.528,38121.0,SC,NEWBERRY,0.0,,-1.0,2.0186294022830786,0.0,2.0186294022830786,0.564129557862748,0.435870442137252,VALID,1512.0,Moderate Access
45073,Oconee County,SC,94.8,10.4,9.8592,79566.0,SC,OCONEE,1.0,12.1,1.0,2.3850126469673567,0.6931471805599453,1.7404912309650815,0.4864005980879059,0.5135994019120941,VALID,1119.0,Moderate Access
45075,Orangeburg County,SC,105.6,9.9,10.4544,83531.0,SC,ORANGEBURG,0.0,,-1.0,2.4383739356597833,0.0,2.4383739356597833,0.6814320690425094,0.3185679309574906,VALID,2035.0,Low Access
45077,Pickens County,SC,82.4,8.9,7.3336000000000015,132604.0,SC,PICKENS,1.0,12.8,0.0,2.1202955356881024,0.0,2.1202955356881024,0.5925413459911311,0.40745865400886894,VALID,1663.0,Moderate Access
45079,Richland County,SC,77.4,8.8,6.811200000000001,418725.0,SC,RICHLAND,3.0,12.833333333333334,0.2,2.055558601216504,0.4700036292457356,1.6788961927020576,0.46918714540433804,0.530812854595662,VALID,1032.0,Moderate Access
45081,Saluda County,SC,78.1,16.1,12.5741,18958.0,SC,SALUDA,0.0,,-1.0,2.6081635652796256,0.0,2.6081635652796256,0.7288817636614375,0.27111823633856247,VALID,2181.0,Low Access
45083,Spartanburg County,SC,94.4,10.9,10.2896,338096.0,SC,SPARTANBURG,2.0,13.9,1.0,2.4238819479502256,1.0986122886681096,1.3856912770301877,0.38724760798648317,0.6127523920135168,VALID,611.0,Good Access
45085,Sumter County,SC,105.2,10.5,11.046,104853.0,SC,SUMTER,1.0,12.7,1.0,2.488732654621529,0.6931471805599453,1.8161821351736027,0.5075533051063866,0.49244669489361337,VALID,1230.0,Moderate Access
45087,Union County,SC,97.9,11.7,11.4543,26990.0,SC,UNION,0.0,,-1.0,2.5220659448063514,0.0,2.5220659448063514,0.7048207782642716,0.2951792217357284,VALID,2111.0,Low Access
45089,Williamsburg County,SC,122.7,10.8,13.251600000000002,30517.0,SC,WILLIAMSBURG,0.0,,-1.0,2.6568691811134078,0.0,2.6568691811134078,0.742493116738267,0.257506883261733,VALID,2221.0,Lowest Access
45091,York County,SC,81.2,8.2,6.658399999999999,288559.0,SC,YORK,1.0,15.8,1.0,2.035803084650006,0.6931471805599453,1.4856514162767438,0.4151826361265076,0.5848173638734924,VALID,743.0,Good Access
00045,South Carolina,SC,88.6,,,,SC,SOUTH CAROLINA,0.0,,-1.0,,0.0,,,,VALID,,
46003,Aurora County,SD,74.1,5.5,4.0755,2573.0,SD,AURORA,0.0,,-1.0,1.6244250422423487,0.0,1.6244250422423487,0.45396454635254757,0.5460354536474524,INSUFFICIENT DATA,,
46005,Beadle County,SD,59.5,5.9,3.5105,19279.0,SD,BEADLE,0.0,,-1.0,1.5064080121145564,0.0,1.5064080121145564,0.42098330920670624,0.5790166907932938,VALID,777.0,Good Access
46007,Bennett County,SD,103.8,29.1,30.2058,3354.0,SD,BENNETT,0.0,,-1.0,3.4406039749745467,0.0,3.4406039749745467,0.9615169564992889,0.03848304350071108,INSUFFICIENT DATA,,
46009,Bon Homme County,SD,53.7,5.7,3.0609,7024.0,SD,BON HOMME,0.0,,-1.0,1.4014046239242435,0.0,1.4014046239242435,0.39163888625968285,0.6083611137403171,INSUFFICIENT DATA,,
46011,Brookings County,SD,81.7,4.3,3.5131,34968.0,SD,BROOKINGS,1.0,14.0,1.0,1.5069842788089913,0.6931471805599453,1.099739628552664,0.3073350807819835,0.6926649192180165,VALID,259.0,Good Access
46013,Brown County,SD,67.2,7.5,5.04,38079.0,SD,BROWN,1.0,14.6,0.0,1.7984040119467237,0.0,1.7984040119467237,0.5025850009767303,0.4974149990232697,VALID,1197.0,Moderate Access
46015,Brule County,SD,53.8,7.6,4.088799999999999,5261.0,SD,BRULE,0.0,,-1.0,1.6270420463824573,0.0,1.6270420463824573,0.4546958987180757,0.5453041012819243,INSUFFICIENT DATA,,
46019,Butte County,SD,61.2,15.8,9.6696,10538.0,SD,BUTTE,0.0,,-1.0,2.367398576326048,0.0,2.367398576326048,0.6615971761023763,0.33840282389762366,VALID,1962.0,Low Access
46021,Campbell County,SD,82.4,4.1,3.3784,1481.0,SD,CAMPBELL,0.0,,-1.0,1.4766833608475713,0.0,1.4766833608475713,0.41267640831746755,0.5873235916825325,INSUFFICIENT DATA,,
46023,Charles Mix County,SD,61.7,18.1,11.167700000000002,9281.0,SD,CHARLES MIX,0.0,,-1.0,2.498784899820709,0.0,2.498784899820709,0.6983146183918953,0.30168538160810465,INSUFFICIENT DATA,,
46025,Clark County,SD,57.5,6.9,3.9675,3876.0,SD,CLARK,0.0,,-1.0,1.6029166954438347,0.0,1.6029166954438347,0.44795378768823735,0.5520462123117627,INSUFFICIENT DATA,,
46027,Clay County,SD,53.6,9.3,4.984800000000001,15133.0,SD,CLAY,0.0,,-1.0,1.7892229215760582,0.0,1.7892229215760582,0.5000192380656958,0.4999807619343042,VALID,1180.0,Moderate Access
46029,Codington County,SD,64.4,6.7,4.314800000000001,28556.0,SD,CODINGTON,1.0,14.1,1.0,1.6704953817350159,0.6931471805599453,1.219063792795584,0.3406816118196112,0.6593183881803888,VALID,384.0,Good Access
46031,Corson County,SD,59.8,18.8,11.2424,3859.0,SD,CORSON,0.0,,-1.0,2.5049053362946894,0.0,2.5049053362946894,0.700025045832459,0.29997495416754105,INSUFFICIENT DATA,,
46033,Custer County,SD,44.8,10.1,4.5248,8686.0,SD,CUSTER,0.0,,-1.0,1.7092470476535908,0.0,1.7092470476535908,0.47766904622536044,0.5223309537746396,INSUFFICIENT DATA,,
46035,Davison County,SD,80.3,7.7,6.1831,19936.0,SD,DAVISON,1.0,13.2,1.0,1.9717310447554681,0.6931471805599453,1.4388940861936994,0.4021157542527185,0.5978842457472815,VALID,681.0,Good Access
46037,Day County,SD,66.2,7.5,4.965,5460.0,SD,DAY,0.0,,-1.0,1.7859090555498796,0.0,1.7859090555498796,0.4990931395088978,0.5009068604911022,INSUFFICIENT DATA,,
46039,Deuel County,SD,65.3,7.7,5.0281,4318.0,SD,DEUEL,0.0,,-1.0,1.796431869876815,0.0,1.796431869876815,0.5020338628467288,0.4979661371532712,INSUFFICIENT DATA,,
46041,Dewey County,SD,60.3,23.5,14.1705,5230.0,SD,DEWEY,0.0,,-1.0,2.719352752606336,0.0,2.719352752606336,0.7599548804082723,0.2400451195917277,INSUFFICIENT DATA,,
46043,Douglas County,SD,72.5,18.8,13.63,2823.0,SD,DOUGLAS,0.0,,-1.0,2.683074215032033,0.0,2.683074215032033,0.7498164194611803,0.2501835805388197,INSUFFICIENT DATA,,
46045,Edmunds County,SD,70.4,4.1,2.8864,4033.0,SD,EDMUNDS,0.0,,-1.0,1.357483279265771,0.0,1.357483279265771,0.3793645536283944,0.6206354463716056,INSUFFICIENT DATA,,
46047,Fall River County,SD,61.4,15.0,9.21,7179.0,SD,FALL RIVER,0.0,,-1.0,2.3233676321765744,0.0,2.3233676321765744,0.649292214613542,0.35070778538645797,INSUFFICIENT DATA,,
46049,Faulk County,SD,66.3,4.3,2.8509,2137.0,SD,FAULK,0.0,,-1.0,1.3483068872143906,0.0,1.3483068872143906,0.3768001037175462,0.6231998962824539,INSUFFICIENT DATA,,
46051,Grant County,SD,64.2,9.9,6.3558,7544.0,SD,GRANT,0.0,,-1.0,1.9954891176829503,0.0,1.9954891176829503,0.5576627351237529,0.44233726487624714,INSUFFICIENT DATA,,
46053,Gregory County,SD,58.1,7.9,4.5899,3993.0,SD,GREGORY,0.0,,-1.0,1.7209613979193397,0.0,1.7209613979193397,0.480942758194775,0.5190572418052251,INSUFFICIENT DATA,,
46055,Haakon County,SD,59.0,10.6,6.254,1708.0,SD,HAAKON,0.0,,-1.0,1.9815530408607105,0.0,1.9815530408607105,0.5537681357251808,0.4462318642748192,INSUFFICIENT DATA,,
46057,Hamlin County,SD,66.8,9.9,6.613200000000001,6288.0,SD,HAMLIN,0.0,,-1.0,2.029883582831492,0.0,2.029883582831492,0.5672746700312834,0.4327253299687166,INSUFFICIENT DATA,,
46059,Hand County,SD,57.9,4.1,2.3739,3045.0,SD,HAND,0.0,,-1.0,1.216069345273169,0.0,1.216069345273169,0.3398447784935174,0.6601552215064825,INSUFFICIENT DATA,,
46061,Hanson County,SD,74.7,8.7,6.4989,3473.0,SD,HANSON,0.0,,-1.0,2.0147563431189908,0.0,2.0147563431189908,0.5630471862539019,0.43695281374609807,INSUFFICIENT DATA,,
46063,Harding County,SD,45.8,3.4,1.5572,1092.0,SD,HARDING,0.0,,-1.0,0.9389129099104347,0.0,0.9389129099104347,0.2623901762950358,0.7376098237049642,INSUFFICIENT DATA,,
46065,Hughes County,SD,52.5,7.1,3.7275,17732.0,SD,HUGHES,1.0,13.1,1.0,1.5533965215504755,0.6931471805599453,1.1336095124728567,0.31680041533975367,0.6831995846602463,VALID,291.0,Good Access
46067,Hutchinson County,SD,63.3,4.2,2.6586000000000003,7393.0,SD,HUTCHINSON,0.0,,-1.0,1.2970805605750608,0.0,1.2970805605750608,0.3624843085719421,0.637515691428058,INSUFFICIENT DATA,,
46069,Hyde County,SD,56.9,6.7,3.8123,1305.0,SD,HYDE,0.0,,-1.0,1.5711751403087681,0.0,1.5711751403087681,0.4390832394618175,0.5609167605381825,INSUFFICIENT DATA,,
46071,Jackson County,SD,84.8,29.2,24.7616,2826.0,SD,JACKSON,0.0,,-1.0,3.2488850111085372,0.0,3.2488850111085372,0.9079388533579629,0.09206114664203713,INSUFFICIENT DATA,,
46073,Jerauld County,SD,58.1,6.3,3.6603,1845.0,SD,JERAULD,0.0,,-1.0,1.5390798237478038,0.0,1.5390798237478038,0.43011382847408297,0.569886171525917,INSUFFICIENT DATA,,
46075,Jones County,SD,79.1,11.1,8.7801,1030.0,SD,JONES,0.0,,-1.0,2.280349708943327,0.0,2.280349708943327,0.6372703536487216,0.36272964635127836,INSUFFICIENT DATA,,
46077,Kingsbury County,SD,69.8,6.0,4.188,5210.0,SD,KINGSBURY,0.0,,-1.0,1.6463482664541975,0.0,1.6463482664541975,0.4600912473545088,0.5399087526454912,INSUFFICIENT DATA,,
46079,Lake County,SD,89.9,3.6,3.2364000000000006,11052.0,SD,LAKE,0.0,,-1.0,1.4437138519873773,0.0,1.4437138519873773,0.40346269408383084,0.5965373059161692,VALID,687.0,Good Access
46081,Lawrence County,SD,54.2,10.9,5.907800000000001,26574.0,SD,LAWRENCE,0.0,,-1.0,1.932651207925537,0.0,1.932651207925537,0.540101947488154,0.459898052511846,VALID,1398.0,Moderate Access
46083,Lincoln County,SD,42.8,3.7,1.5836,68286.0,SD,LINCOLN,0.0,,-1.0,0.9491837751761806,0.0,0.9491837751761806,0.26526048952572584,0.7347395104742742,VALID,135.0,Highest Access
46085,Lyman County,SD,53.9,21.6,11.6424,3717.0,SD,LYMAN,0.0,,-1.0,2.537056244112757,0.0,2.537056244112757,0.7090099924461262,0.29099000755387383,INSUFFICIENT DATA,,
46087,McCook County,SD,80.8,8.9,7.1912,5732.0,SD,MCCOOK,0.0,,-1.0,2.1030604072784698,0.0,2.1030604072784698,0.5877247881036668,0.4122752118963332,INSUFFICIENT DATA,,
46089,McPherson County,SD,71.1,5.3,3.7683,2278.0,SD,MCPHERSON,0.0,,-1.0,1.5619898472467895,0.0,1.5619898472467895,0.43651630205962105,0.563483697940379,INSUFFICIENT DATA,,
46091,Marshall County,SD,57.8,3.4,1.9652,4355.0,SD,MARSHALL,0.0,,-1.0,1.0869444838004276,0.0,1.0869444838004276,0.3037593281729582,0.6962406718270417,INSUFFICIENT DATA,,
46093,Meade County,SD,58.4,9.3,5.4312000000000005,30297.0,SD,MEADE,0.0,,-1.0,1.861161146031614,0.0,1.861161146031614,0.5201232149074305,0.4798767850925695,VALID,1287.0,Moderate Access
46095,Mellette County,SD,89.4,28.2,25.2108,2043.0,SD,MELLETTE,0.0,,-1.0,3.266171539570766,0.0,3.266171539570766,0.9127697755903198,0.0872302244096802,INSUFFICIENT DATA,,
46097,Miner County,SD,76.4,9.2,7.0288,2299.0,SD,MINER,0.0,,-1.0,2.083035077189966,0.0,2.083035077189966,0.5821284757760516,0.41787152422394835,INSUFFICIENT DATA,,
46099,Minnehaha County,SD,81.6,8.1,6.6096,200689.0,SD,MINNEHAHA,2.0,11.7,-0.16666666666666666,2.029410608074271,0.0,2.029410608074271,0.5671424917124848,0.43285750828751524,VALID,1525.0,Moderate Access
46101,Moody County,SD,81.5,9.2,7.497999999999999,6371.0,SD,MOODY,0.0,,-1.0,2.13983084169262,0.0,2.13983084169262,0.5980007153664992,0.40199928463350076,INSUFFICIENT DATA,,
46102,Oglala Lakota County,SD,25.5,43.5,11.0925,13587.0,SD,OGLALA LAKOTA,0.0,,-1.0,2.492585425715001,0.0,2.492585425715001,0.6965821029622284,0.30341789703777156,VALID,2077.0,Low Access
46103,Pennington County,SD,48.7,10.5,5.1135,112081.0,SD,PENNINGTON,1.0,12.8,-0.5,1.8104994406021078,0.0,1.8104994406021078,0.5059652097519541,0.49403479024804586,VALID,1221.0,Moderate Access
46105,Perkins County,SD,56.8,8.3,4.7144,3058.0,SD,PERKINS,0.0,,-1.0,1.7429893048586258,0.0,1.7429893048586258,0.4870987140072915,0.5129012859927085,INSUFFICIENT DATA,,
46107,Potter County,SD,72.9,7.6,5.5404,2430.0,SD,POTTER,0.0,,-1.0,1.8779983256782944,0.0,1.8779983256782944,0.5248285613662679,0.4751714386337321,INSUFFICIENT DATA,,
46109,Roberts County,SD,62.1,19.9,12.3579,10219.0,SD,ROBERTS,0.0,,-1.0,2.5921079701248018,0.0,2.5921079701248018,0.7243948401153572,0.27560515988464285,VALID,2173.0,Low Access
46111,Sanborn County,SD,69.9,6.4,4.473600000000001,2370.0,SD,SANBORN,0.0,,-1.0,1.6999365352412035,0.0,1.6999365352412035,0.4750671148135147,0.5249328851864853,INSUFFICIENT DATA,,
46115,Spink County,SD,62.2,7.8,4.8516,6283.0,SD,SPINK,0.0,,-1.0,1.766715128121794,0.0,1.766715128121794,0.4937291723629674,0.5062708276370327,INSUFFICIENT DATA,,
46117,Stanley County,SD,54.3,3.7,2.0091,3012.0,SD,STANLEY,0.0,,-1.0,1.1016410307281193,0.0,1.1016410307281193,0.3078664498224551,0.692133550177545,INSUFFICIENT DATA,,
46119,Sully County,SD,57.3,7.9,4.5267,1481.0,SD,SULLY,0.0,,-1.0,1.7095908923839387,0.0,1.7095908923839387,0.4777651376503071,0.5222348623496929,INSUFFICIENT DATA,,
46121,Todd County,SD,100.0,23.9,23.9,9293.0,SD,TODD,0.0,,-1.0,3.214867803470662,0.0,3.214867803470662,0.8984323474669975,0.10156765253300248,INSUFFICIENT DATA,,
46123,Tripp County,SD,63.1,12.9,8.1399,5607.0,SD,TRIPP,0.0,,-1.0,2.212649444487169,0.0,2.212649444487169,0.6183507242151821,0.3816492757848179,INSUFFICIENT DATA,,
46125,Turner County,SD,68.2,6.7,4.569400000000001,8772.0,SD,TURNER,0.0,,-1.0,1.717287328208798,0.0,1.717287328208798,0.4799159965123084,0.5200840034876917,INSUFFICIENT DATA,,
46127,Union County,SD,54.6,5.2,2.8392,16916.0,SD,UNION,0.0,,-1.0,1.3452640115618988,0.0,1.3452640115618988,0.3759497365850106,0.6240502634149894,VALID,554.0,Good Access
46129,Walworth County,SD,84.6,10.7,9.0522,5298.0,SD,WALWORTH,0.0,,-1.0,2.3077915160214144,0.0,2.3077915160214144,0.6449392870727606,0.3550607129272394,INSUFFICIENT DATA,,
46135,Yankton County,SD,54.7,6.3,3.4461,23379.0,SD,YANKTON,1.0,12.7,0.0,1.492027307416816,0.0,1.492027307416816,0.4169644533564369,0.583035546643563,VALID,752.0,Good Access
46137,Ziebach County,SD,52.1,25.9,13.493899999999998,2410.0,SD,ZIEBACH,0.0,,-1.0,2.6737278712566375,0.0,2.6737278712566375,0.7472044745565416,0.2527955254434584,INSUFFICIENT DATA,,
00046,South Dakota,SD,65.1,,,,SD,SOUTH DAKOTA,0.0,,-1.0,,0.0,,,,VALID,,
47001,Anderson County,TN,83.2,8.5,7.072,78175.0,TN,ANDERSON,1.0,12.9,0.0,2.088401283051308,0.0,2.088401283051308,0.5836281246648152,0.4163718753351848,VALID,1620.0,Moderate Access
47003,Bedford County,TN,83.7,13.3,11.1321,51291.0,TN,BEDFORD,0.0,,-1.0,2.495854832456393,0.0,2.495854832456393,0.697495776852745,0.302504223147255,VALID,2082.0,Low Access
47005,Benton County,TN,95.4,9.1,8.6814,15948.0,TN,BENTON,0.0,,-1.0,2.270206518930024,0.0,2.270206518930024,0.6344357207581818,0.3655642792418182,VALID,1842.0,Low Access
47007,Bledsoe County,TN,75.1,17.5,13.1425,14905.0,TN,BLEDSOE,0.0,,-1.0,2.649184448235174,0.0,2.649184448235174,0.7403455284013547,0.2596544715986453,VALID,2208.0,Lowest Access
47009,Blount County,TN,80.7,9.8,7.908600000000002,137747.0,TN,BLOUNT,1.0,14.0,1.0,2.187017102313212,0.6931471805599453,1.596001636883105,0.44602129382678485,0.5539787061732151,VALID,916.0,Good Access
47011,Bradley County,TN,86.5,10.3,8.909500000000001,109743.0,TN,BRADLEY,1.0,12.7,1.0,2.2934938929822657,0.6931471805599453,1.6737043361524093,0.467736220466592,0.532263779533408,VALID,1028.0,Moderate Access
47013,Campbell County,TN,89.1,9.7,8.642699999999998,39568.0,TN,CAMPBELL,0.0,,-1.0,2.266201152394088,0.0,2.266201152394088,0.6333163743093289,0.36668362569067114,VALID,1832.0,Low Access
47015,Cannon County,TN,106.1,10.4,11.0344,14661.0,TN,CANNON,0.0,,-1.0,2.4877692154014768,0.0,2.4877692154014768,0.6952361567515621,0.30476384324843786,VALID,2075.0,Low Access
47017,Carroll County,TN,91.3,11.0,10.043,28461.0,TN,CARROLL,0.0,,-1.0,2.4017967430649936,0.0,2.4017967430649936,0.6712101454625686,0.32878985453743137,VALID,2006.0,Low Access
47019,Carter County,TN,74.8,12.9,9.6492,56462.0,TN,CARTER,0.0,,-1.0,2.365484771963091,0.0,2.365484771963091,0.661062341125788,0.338937658874212,VALID,1961.0,Low Access
47021,Cheatham County,TN,104.2,9.5,9.899,41500.0,TN,CHEATHAM,0.0,,-1.0,2.3886710419071746,0.0,2.3886710419071746,0.6675420150061191,0.3324579849938809,VALID,1983.0,Low Access
47023,Chester County,TN,94.7,9.3,8.807100000000002,17452.0,TN,CHESTER,0.0,,-1.0,2.2831066131564017,0.0,2.2831066131564017,0.6380408027232437,0.3619591972767563,VALID,1857.0,Low Access
47025,Claiborne County,TN,92.8,9.9,9.1872,32221.0,TN,CLAIBORNE,0.0,,-1.0,2.3211320302806238,0.0,2.3211320302806238,0.6486674495587512,0.3513325504412488,VALID,1906.0,Low Access
47027,Clay County,TN,97.2,9.2,8.9424,7621.0,TN,CLAY,0.0,,-1.0,2.296808440216591,0.0,2.296808440216591,0.6418699382904925,0.35813006170950745,INSUFFICIENT DATA,,
47029,Cocke County,TN,96.5,12.9,12.4485,36503.0,TN,COCKE,0.0,,-1.0,2.5988675756649973,0.0,2.5988675756649973,0.7262838908150072,0.2737161091849928,VALID,2177.0,Low Access
47031,Coffee County,TN,88.2,10.1,8.9082,58940.0,TN,COFFEE,1.0,13.9,0.0,2.293362697131903,0.0,2.293362697131903,0.6409069851497747,0.35909301485022527,VALID,1865.0,Low Access
47033,Crockett County,TN,91.1,11.1,10.1121,13937.0,TN,CROCKETT,0.0,,-1.0,2.408034604691607,0.0,2.408034604691607,0.6729533887332008,0.32704661126679924,VALID,2013.0,Low Access
47035,Cumberland County,TN,71.7,9.5,6.8115,62529.0,TN,CUMBERLAND,1.0,14.2,1.0,2.055597006869821,0.6931471805599453,1.5000962654869978,0.4192194179098098,0.5807805820901901,VALID,767.0,Good Access
47037,Davidson County,TN,93.3,12.3,11.4759,709846.0,TN,DAVIDSON,6.0,14.416666666666666,0.0,2.5237987833238855,0.0,2.5237987833238855,0.7053050402222311,0.29469495977776894,VALID,2113.0,Low Access
47039,Decatur County,TN,86.6,10.4,9.0064,11499.0,TN,DECATUR,0.0,,-1.0,2.303224888281385,0.0,2.303224888281385,0.6436630896266158,0.3563369103733842,VALID,1880.0,Low Access
47041,DeKalb County,TN,126.2,8.4,10.6008,20551.0,TN,DEKALB,0.0,,-1.0,2.4510740612515485,0.0,2.4510740612515485,0.684981267437609,0.315018732562391,VALID,2051.0,Low Access
47043,Dickson County,TN,81.5,8.6,7.009,55197.0,TN,DICKSON,1.0,11.6,1.0,2.080565909341545,0.6931471805599453,1.5183176178366877,0.4243115875933912,0.5756884124066088,VALID,796.0,Good Access
47045,Dyer County,TN,82.7,9.8,8.1046,36681.0,TN,DYER,0.0,,-1.0,2.2087797803089906,0.0,2.2087797803089906,0.6172693013747914,0.3827306986252086,VALID,1769.0,Low Access
47047,Fayette County,TN,89.2,7.9,7.046800000000001,42653.0,TN,FAYETTE,0.0,,-1.0,2.08527449687228,0.0,2.08527449687228,0.5827543077558217,0.4172456922441783,VALID,1609.0,Moderate Access
47049,Fentress County,TN,92.4,10.9,10.0716,18948.0,TN,FENTRESS,0.0,,-1.0,2.4043832710550817,0.0,2.4043832710550817,0.6719329809121056,0.3280670190878944,VALID,2009.0,Low Access
47051,Franklin County,TN,95.8,8.4,8.0472,43478.0,TN,FRANKLIN,1.0,14.1,1.0,2.20245531757498,0.6931471805599453,1.607267857344881,0.44916977068969877,0.5508302293103012,VALID,935.0,Good Access
47053,Gibson County,TN,86.8,9.8,8.5064,50610.0,TN,GIBSON,0.0,,-1.0,2.2519652559936794,0.0,2.2519652559936794,0.6293379868286653,0.37066201317133474,VALID,1817.0,Low Access
47055,Giles County,TN,84.9,8.7,7.3863,30442.0,TN,GILES,1.0,12.6,1.0,2.1265994220175957,0.6931471805599453,1.5519111190053556,0.43369968376394563,0.5663003162360544,VALID,846.0,Good Access
47057,Grainger County,TN,85.1,8.8,7.4888,23929.0,TN,GRAINGER,0.0,,-1.0,2.1387476475772433,0.0,2.1387476475772433,0.597698004122575,0.402301995877425,VALID,1687.0,Moderate Access
47059,Greene County,TN,75.5,10.0,7.55,70919.0,TN,GREENE,1.0,13.0,1.0,2.145931282948669,0.6931471805599453,1.56601877351677,0.4376422325512582,0.5623577674487418,VALID,866.0,Good Access
47061,Grundy County,TN,113.5,13.2,14.981999999999998,13665.0,TN,GRUNDY,0.0,,-1.0,2.771463088952271,0.0,2.771463088952271,0.7745177223889069,0.22548227761109307,VALID,2289.0,Lowest Access
47063,Hamblen County,TN,80.1,13.6,10.8936,64930.0,TN,HAMBLEN,1.0,16.3,1.0,2.476000440317004,0.6931471805599453,1.8068906509645057,0.5049566913481414,0.49504330865185864,VALID,1212.0,Moderate Access
47065,Hamilton County,TN,79.7,9.6,7.6512,370913.0,TN,HAMILTON,3.0,13.033333333333333,0.2,2.1576980396456036,0.4700036292457356,1.7623195084868066,0.49250076512862623,0.5074992348713738,VALID,1150.0,Moderate Access
47067,Hancock County,TN,99.1,10.5,10.4055,6790.0,TN,HANCOCK,0.0,,-1.0,2.4340956951962562,0.0,2.4340956951962562,0.6802364647882613,0.3197635352117387,INSUFFICIENT DATA,,
47069,Hardeman County,TN,94.7,8.3,7.860100000000001,25477.0,TN,HARDEMAN,0.0,,-1.0,2.1815580512350112,0.0,2.1815580512350112,0.609661871318836,0.390338128681164,VALID,1734.0,Low Access
47071,Hardin County,TN,88.2,13.2,11.6424,26939.0,TN,HARDIN,0.0,,-1.0,2.537056244112757,0.0,2.537056244112757,0.7090099924461262,0.29099000755387383,VALID,2127.0,Low Access
47073,Hawkins County,TN,78.3,10.0,7.83,57446.0,TN,HAWKINS,0.0,,-1.0,2.178155014615869,0.0,2.178155014615869,0.6087108529985954,0.3912891470014046,VALID,1729.0,Low Access
47075,Haywood County,TN,89.1,11.2,9.9792,17672.0,TN,HAYWOOD,0.0,,-1.0,2.3960025736819937,0.0,2.3960025736819937,0.6695908971703775,0.33040910282962255,VALID,1990.0,Low Access
47077,Henderson County,TN,93.3,11.7,10.916099999999998,27906.0,TN,HENDERSON,0.0,,-1.0,2.4778904268937008,0.0,2.4778904268937008,0.6924754139491397,0.3075245860508603,VALID,2070.0,Low Access
47079,Henry County,TN,91.8,11.3,10.373400000000002,32345.0,TN,HENRY,0.0,,-1.0,2.4312772956029023,0.0,2.4312772956029023,0.679448830111643,0.32055116988835697,VALID,2028.0,Low Access
47081,Hickman County,TN,78.9,9.7,7.653300000000001,25229.0,TN,HICKMAN,0.0,,-1.0,2.157940751080237,0.0,2.157940751080237,0.6030617410130177,0.3969382589869823,VALID,1710.0,Low Access
47083,Houston County,TN,98.1,12.7,12.4587,8293.0,TN,HOUSTON,0.0,,-1.0,2.5996257370856273,0.0,2.5996257370856273,0.7264957678770003,0.2735042321229997,INSUFFICIENT DATA,,
47085,Humphreys County,TN,86.6,11.0,9.526,19074.0,TN,HUMPHREYS,0.0,,-1.0,2.3538483869315874,0.0,2.3538483869315874,0.6578104174514778,0.34218958254852216,VALID,1946.0,Low Access
47087,Jackson County,TN,106.6,9.0,9.594,11882.0,TN,JACKSON,0.0,,-1.0,2.360287803122335,0.0,2.360287803122335,0.6596099874985959,0.3403900125014041,VALID,1953.0,Low Access
47089,Jefferson County,TN,88.8,9.6,8.524799999999999,55835.0,TN,JEFFERSON,1.0,14.4,1.0,2.2538989234169886,0.6931471805599453,1.6448094380870586,0.45966120379852027,0.5403387962014797,VALID,991.0,Moderate Access
47091,Johnson County,TN,72.0,12.5,9.0,18073.0,TN,JOHNSON,0.0,,-1.0,2.302585092994046,0.0,2.302585092994046,0.6434842913627239,0.3565157086372761,VALID,1879.0,Low Access
47093,Knox County,TN,83.2,8.4,6.988800000000001,487401.0,TN,KNOX,4.0,13.275,0.0,2.078040560764208,0.0,2.078040560764208,0.5807326998402537,0.41926730015974634,VALID,1599.0,Moderate Access
47095,Lake County,TN,78.8,15.1,11.8988,6691.0,TN,LAKE,0.0,,-1.0,2.557134283784881,0.0,2.557134283784881,0.7146210350823701,0.28537896491762993,INSUFFICIENT DATA,,
47097,Lauderdale County,TN,86.8,10.0,8.68,24933.0,TN,LAUDERDALE,0.0,,-1.0,2.2700619012884857,0.0,2.2700619012884857,0.6343953056695638,0.3656046943304362,VALID,1841.0,Low Access
47099,Lawrence County,TN,86.1,14.9,12.8289,44901.0,TN,LAWRENCE,1.0,14.3,1.0,2.6267606052755244,0.6931471805599453,1.916909667183477,0.5357027901149121,0.46429720988508794,VALID,1374.0,Moderate Access
47101,Lewis County,TN,88.6,11.1,9.8346,12784.0,TN,LEWIS,0.0,,-1.0,2.382744716909535,0.0,2.382744716909535,0.6658858342842451,0.3341141657157549,VALID,1978.0,Low Access
47103,Lincoln County,TN,91.7,10.5,9.6285,35617.0,TN,LINCOLN,0.0,,-1.0,2.363539072331043,0.0,2.363539072331043,0.6605185926438133,0.3394814073561867,VALID,1957.0,Low Access
47105,Loudon County,TN,82.6,8.2,6.773199999999999,56996.0,TN,LOUDON,1.0,12.5,1.0,2.050681920008411,0.6931471805599453,1.4965094226278655,0.4182170327895114,0.5817829672104886,VALID,759.0,Good Access
47107,McMinn County,TN,88.1,10.4,9.1624,54135.0,TN,MCMINN,0.0,,-1.0,2.318694634727114,0.0,2.318694634727114,0.6479862909100249,0.3520137090899751,VALID,1900.0,Low Access
47109,McNairy County,TN,99.4,9.7,9.6418,25933.0,TN,MCNAIRY,0.0,,-1.0,2.364789642537702,0.0,2.364789642537702,0.6608680790908852,0.3391319209091148,VALID,1959.0,Low Access
47111,Macon County,TN,102.4,10.9,11.1616,25793.0,TN,MACON,0.0,,-1.0,2.498283446829639,0.0,2.498283446829639,0.6981744814981091,0.3018255185018909,VALID,2084.0,Low Access
47113,Madison County,TN,93.6,10.2,9.547199999999998,98845.0,TN,MADISON,1.0,13.2,-0.3333333333333333,2.3558604218529062,0.0,2.3558604218529062,0.6583727041046318,0.3416272958953682,VALID,1949.0,Low Access
47115,Marion County,TN,87.0,9.8,8.526,29010.0,TN,MARION,0.0,,-1.0,2.2540249023786685,0.0,2.2540249023786685,0.6299135790612976,0.37008642093870237,VALID,1819.0,Low Access
47117,Marshall County,TN,73.7,8.2,6.043399999999999,35276.0,TN,MARSHALL,0.0,,-1.0,1.9520910081303944,0.0,1.9520910081303944,0.5455346266525926,0.45446537334740744,VALID,1429.0,Moderate Access
47119,Maury County,TN,81.2,8.7,7.064399999999999,104855.0,TN,MAURY,1.0,21.4,-0.6666666666666666,2.087459313273419,0.0,2.087459313273419,0.5833648802110688,0.4166351197889312,VALID,1617.0,Moderate Access
47121,Meigs County,TN,84.7,11.8,9.994600000000002,13076.0,TN,MEIGS,0.0,,-1.0,2.3974042431721445,0.0,2.3974042431721445,0.669982610076597,0.330017389923403,VALID,1993.0,Low Access
47123,Monroe County,TN,92.8,11.9,11.0432,47054.0,TN,MONROE,1.0,14.5,1.0,2.4885001852981308,0.6931471805599453,1.8160124879311206,0.507505895203516,0.49249410479648403,VALID,1229.0,Moderate Access
47125,Montgomery County,TN,102.5,8.9,9.1225,227957.0,TN,MONTGOMERY,1.0,17.8,0.0,2.3147606689241793,0.0,2.3147606689241793,0.6468868982297507,0.35311310177024935,VALID,1895.0,Low Access
47127,Moore County,TN,85.6,6.1,5.2216,6611.0,TN,MOORE,0.0,,-1.0,1.8280271083985964,0.0,1.8280271083985964,0.5108635211870373,0.48913647881296274,INSUFFICIENT DATA,,
47129,Morgan County,TN,81.0,10.3,8.343,21193.0,TN,MORGAN,0.0,,-1.0,2.2346273998108184,0.0,2.2346273998108184,0.6244927204654274,0.37550727953457264,VALID,1804.0,Low Access
47131,Obion County,TN,76.6,8.5,6.510999999999999,30570.0,TN,OBION,1.0,12.1,1.0,2.0163686127038747,0.6931471805599453,1.4714688801616045,0.41121916080064685,0.5887808391993532,VALID,721.0,Good Access
47133,Overton County,TN,100.3,8.0,8.024,22807.0,TN,OVERTON,0.0,,-1.0,2.199887694755703,0.0,2.199887694755703,0.6147843042346623,0.38521569576533765,VALID,1760.0,Low Access
47135,Perry County,TN,90.4,16.1,14.554400000000005,8561.0,TN,PERRY,0.0,,-1.0,2.744343556799479,0.0,2.744343556799479,0.7669388524559237,0.23306114754407625,INSUFFICIENT DATA,,
47137,Pickett County,TN,91.8,6.8,6.2424,5062.0,TN,PICKETT,0.0,,-1.0,1.9799526431790935,0.0,1.9799526431790935,0.5533208859053208,0.4466791140946792,INSUFFICIENT DATA,,
47139,Polk County,TN,92.0,15.7,14.444,17702.0,TN,POLK,0.0,,-1.0,2.73722057840199,0.0,2.73722057840199,0.7649482529682234,0.23505174703177656,VALID,2266.0,Lowest Access
47141,Putnam County,TN,102.1,9.5,9.6995,81366.0,TN,PUTNAM,1.0,14.5,1.0,2.3701970114040654,0.6931471805599453,1.7296793454130817,0.48337909042076604,0.516620909579234,VALID,1109.0,Moderate Access
47143,Rhea County,TN,85.3,11.4,9.7242,33299.0,TN,RHEA,0.0,,-1.0,2.3725028699573616,0.0,2.3725028699573616,0.6630236305601276,0.3369763694398724,VALID,1967.0,Low Access
47145,Roane County,TN,81.5,7.6,6.194,54403.0,TN,ROANE,1.0,13.4,1.0,1.9732473452734323,0.6931471805599453,1.4400006244581316,0.40242498929168424,0.5975750107083158,VALID,683.0,Good Access
47147,Robertson County,TN,103.2,9.6,9.9072,74291.0,TN,ROBERTSON,1.0,14.5,1.0,2.3894231216263835,0.6931471805599453,1.7437098270921043,0.487300072358925,0.5126999276410751,VALID,1129.0,Moderate Access
47149,Rutherford County,TN,85.0,9.8,8.330000000000002,351591.0,TN,RUTHERFORD,2.0,11.5,0.0,2.2332350148592526,0.0,2.2332350148592526,0.6241036022319303,0.3758963977680697,VALID,1801.0,Low Access
47151,Scott County,TN,90.0,11.1,9.99,21969.0,TN,SCOTT,0.0,,-1.0,2.3969857684155302,0.0,2.3969857684155302,0.6698656624193606,0.33013433758063937,VALID,1992.0,Low Access
47153,Sequatchie County,TN,78.9,12.4,9.783600000000002,16409.0,TN,SEQUATCHIE,0.0,,-1.0,2.378026461493896,0.0,2.378026461493896,0.6645672627136053,0.33543273728639467,VALID,1973.0,Low Access
47155,Sevier County,TN,87.4,13.3,11.6242,98802.0,TN,SEVIER,1.0,11.4,1.0,2.5356156068170588,0.6931471805599453,1.8503955248937083,0.5171146363710356,0.4828853636289644,VALID,1273.0,Moderate Access
47157,Shelby County,TN,99.9,12.1,12.0879,922195.0,TN,SHELBY,4.0,13.55,-0.38461538461538464,2.571688139244405,0.0,2.571688139244405,0.7186882799348893,0.28131172006511074,VALID,2159.0,Low Access
47159,Smith County,TN,117.8,8.5,10.013,20196.0,TN,SMITH,0.0,,-1.0,2.3990763931828067,0.0,2.3990763931828067,0.6704499119226557,0.3295500880773443,VALID,2000.0,Low Access
47161,Stewart County,TN,96.1,9.4,9.0334,13859.0,TN,STEWART,0.0,,-1.0,2.305919527582918,0.0,2.305919527582918,0.6444161380445443,0.35558386195545566,VALID,1882.0,Low Access
47163,Sullivan County,TN,76.7,9.1,6.9797,159693.0,TN,SULLIVAN,2.0,13.3,0.0,2.0769008167700833,0.0,2.0769008167700833,0.5804141850723843,0.4195858149276157,VALID,1596.0,Moderate Access
47165,Sumner County,TN,98.4,7.6,7.478400000000001,200553.0,TN,SUMNER,2.0,12.6,1.0,2.137521752756361,1.0986122886681096,1.2219841192189902,0.34149773113908,0.65850226886092,VALID,389.0,Good Access
47167,Tipton County,TN,93.3,8.8,8.2104,61339.0,TN,TIPTON,0.0,,-1.0,2.2203332803773175,0.0,2.2203332803773175,0.6204980618782998,0.3795019381217002,VALID,1790.0,Low Access
47169,Trousdale County,TN,93.5,7.2,6.732,11805.0,TN,TROUSDALE,0.0,,-1.0,2.0453675613460844,0.0,2.0453675613460844,0.5716018486325235,0.4283981513674765,VALID,1546.0,Moderate Access
47171,Unicoi County,TN,74.8,9.0,6.731999999999999,17779.0,TN,UNICOI,0.0,,-1.0,2.0453675613460844,0.0,2.0453675613460844,0.5716018486325235,0.4283981513674765,VALID,1546.0,Moderate Access
47173,Union County,TN,84.9,8.2,6.961799999999999,20141.0,TN,UNION,0.0,,-1.0,2.0746551049458755,0.0,2.0746551049458755,0.5797865946800891,0.4202134053199109,VALID,1594.0,Moderate Access
47175,Van Buren County,TN,101.9,14.5,14.7755,6293.0,TN,VAN BUREN,0.0,,-1.0,2.758458103646056,0.0,2.758458103646056,0.7708833273867787,0.22911667261322133,INSUFFICIENT DATA,,
47177,Warren County,TN,150.7,11.2,16.878399999999996,41587.0,TN,WARREN,0.0,,-1.0,2.8835932802826925,0.0,2.8835932802826925,0.8058538136926169,0.19414618630738312,VALID,2338.0,Lowest Access
47179,Washington County,TN,75.7,10.5,7.9485,134693.0,TN,WASHINGTON,1.0,18.4,-0.6666666666666666,2.191485920475326,0.0,2.191485920475326,0.6124363303050786,0.3875636696949214,VALID,1748.0,Low Access
47181,Wayne County,TN,85.8,13.0,11.153999999999998,16251.0,TN,WAYNE,0.0,,-1.0,2.4976583337131633,0.0,2.4976583337131633,0.6979997863383077,0.3020002136616923,VALID,2083.0,Low Access
47183,Weakley County,TN,83.9,9.3,7.802700000000001,32959.0,TN,WEAKLEY,0.0,,-1.0,2.1750584926069063,0.0,2.1750584926069063,0.6078454937653193,0.39215450623468073,VALID,1725.0,Low Access
47185,White County,TN,105.2,11.4,11.9928,27764.0,TN,WHITE,0.0,,-1.0,2.564395357878256,0.0,2.564395357878256,0.7166502270248196,0.2833497729751804,VALID,2150.0,Low Access
47187,Williamson County,TN,65.5,4.2,2.7510000000000003,254609.0,TN,WILLIAMSON,1.0,13.8,0.0,1.3220224710997504,0.0,1.3220224710997504,0.36945461671301616,0.6305453832869838,VALID,520.0,Good Access
47189,Wilson County,TN,89.1,7.0,6.236999999999999,153587.0,TN,WILSON,1.0,11.2,1.0,1.9792067558839905,0.6931471805599453,1.444349574943818,0.4036403542873008,0.5963596457126992,VALID,689.0,Good Access
00047,Tennessee,TN,88.1,,,,TN,TENNESSEE,0.0,,-1.0,,0.0,,,,VALID,,
48001,Anderson County,TX,126.8,18.3,23.2044,57825.0,TX,ANDERSON,1.0,16.8,1.0,3.1865344348175366,0.6931471805599453,2.325411250133343,0.6498633275147453,0.3501366724852547,VALID,1912.0,Low Access
48003,Andrews County,TX,89.9,22.4,20.1376,18518.0,TX,ANDREWS,0.0,,-1.0,3.0510534451419526,0.0,3.0510534451419526,0.8526525121832027,0.1473474878167973,VALID,2400.0,Lowest Access
48005,Angelina County,TX,98.0,18.0,17.64,86791.0,TX,ANGELINA,2.0,14.0,0.3333333333333333,2.925309809257445,0.5108256237659907,2.342716159337745,0.6546993864601334,0.34530061353986663,VALID,1932.0,Low Access
48007,Aransas County,TX,89.2,13.7,12.2204,24449.0,TX,ARANSAS,0.0,,-1.0,2.5817610911518827,0.0,2.5817610911518827,0.7215032839665908,0.2784967160334092,VALID,2168.0,Low Access
48009,Archer County,TX,97.4,17.0,16.558000000000003,8734.0,TX,ARCHER,0.0,,-1.0,2.865509686504017,0.0,2.865509686504017,0.8008001422503027,0.19919985774969728,INSUFFICIENT DATA,,
48011,Armstrong County,TX,76.6,7.4,5.6684,1883.0,TX,ARMSTRONG,0.0,,-1.0,1.8973799510917388,0.0,1.8973799510917388,0.5302449829059431,0.46975501709405687,INSUFFICIENT DATA,,
48013,Atascosa County,TX,95.4,21.4,20.4156,50058.0,TX,ATASCOSA,0.0,,-1.0,3.0641196284194163,0.0,3.0641196284194163,0.8563040096730008,0.1436959903269992,VALID,2402.0,Lowest Access
48015,Austin County,TX,74.7,15.1,11.2797,30712.0,TX,AUSTIN,0.0,,-1.0,2.507947492453153,0.0,2.507947492453153,0.7008752118939869,0.29912478810601306,VALID,2093.0,Low Access
48017,Bailey County,TX,93.4,33.7,31.475800000000003,7044.0,TX,BAILEY,0.0,,-1.0,3.4804951965873463,0.0,3.4804951965873463,0.9726650241859983,0.027334975814001683,INSUFFICIENT DATA,,
48019,Bandera County,TX,86.4,12.1,10.4544,21589.0,TX,BANDERA,0.0,,-1.0,2.4383739356597833,0.0,2.4383739356597833,0.6814320690425094,0.3185679309574906,VALID,2035.0,Low Access
48021,Bastrop County,TX,70.9,20.9,14.8181,102370.0,TX,BASTROP,0.0,,-1.0,2.7611548539889883,0.0,2.7611548539889883,0.7716369657598768,0.22836303424012316,VALID,2281.0,Lowest Access
48023,Baylor County,TX,95.4,21.5,20.511,3464.0,TX,BAYLOR,0.0,,-1.0,3.0685644322036607,0.0,3.0685644322036607,0.8575461619921717,0.1424538380078283,INSUFFICIENT DATA,,
48025,Bee County,TX,104.3,18.1,18.878300000000003,31000.0,TX,BEE,0.0,,-1.0,2.9896286844935056,0.0,2.9896286844935056,0.8354866455673482,0.1645133544326518,VALID,2383.0,Lowest Access
48027,Bell County,TX,89.0,14.4,12.816,379811.0,TX,BELL,3.0,12.166666666666666,-0.14285714285714285,2.6258273408443777,0.0,2.6258273408443777,0.7338181120016828,0.2661818879983172,VALID,2194.0,Lowest Access
48029,Bexar County,TX,92.4,15.9,14.6916,2037344.0,TX,BEXAR,5.0,12.9,-0.4117647058823529,2.753125537326517,0.0,2.753125537326517,0.7693930794607785,0.2306069205392215,VALID,2275.0,Lowest Access
48031,Blanco County,TX,67.0,16.1,10.787,12008.0,TX,BLANCO,0.0,,-1.0,2.4669972292444324,0.0,2.4669972292444324,0.6894311826669425,0.3105688173330575,VALID,2063.0,Low Access
48033,Borden County,TX,97.1,1.4,1.3593999999999995,723.0,TX,BORDEN,0.0,,-1.0,0.8584073494256048,0.0,0.8584073494256048,0.23989195735973512,0.7601080426402649,INSUFFICIENT DATA,,
48035,Bosque County,TX,88.1,17.8,15.6818,18546.0,TX,BOSQUE,0.0,,-1.0,2.8143183047774043,0.0,2.8143183047774043,0.7864941128686067,0.2135058871313933,VALID,2315.0,Lowest Access
48037,Bowie County,TX,117.5,15.4,18.095,92321.0,TX,BOWIE,1.0,12.7,0.0,2.9494265206774797,0.0,2.9494265206774797,0.8242516814510967,0.17574831854890327,VALID,2368.0,Lowest Access
48039,Brazoria County,TX,77.8,12.8,9.9584,381650.0,TX,BRAZORIA,1.0,12.7,-0.3333333333333333,2.3941062854615036,0.0,2.3941062854615036,0.6690609572843362,0.33093904271566377,VALID,1988.0,Low Access
48041,Brazos County,TX,59.4,11.9,7.0686,237980.0,TX,BRAZOS,2.0,12.2,0.3333333333333333,2.087979985199891,0.5108256237659907,1.672145779644184,0.4673006636512128,0.5326993363487872,VALID,1024.0,Moderate Access
48043,Brewster County,TX,63.3,10.6,6.709799999999999,9464.0,TX,BREWSTER,0.0,,-1.0,2.042492246901557,0.0,2.042492246901557,0.5707983084361542,0.4292016915638458,INSUFFICIENT DATA,,
48045,Briscoe County,TX,90.1,18.1,16.3081,1223.0,TX,BRISCOE,0.0,,-1.0,2.851174600021011,0.0,2.851174600021011,0.7967940349428216,0.20320596505717836,INSUFFICIENT DATA,,
48047,Brooks County,TX,93.2,23.1,21.5292,6987.0,TX,BROOKS,0.0,,-1.0,3.114812245602448,0.0,3.114812245602448,0.8704706534789542,0.12952934652104575,INSUFFICIENT DATA,,
48049,Brown County,TX,82.8,17.8,14.7384,38294.0,TX,BROWN,1.0,14.8,1.0,2.756103585979919,0.6931471805599453,2.0112992394941878,0.5620810582775928,0.4379189417224072,VALID,1505.0,Moderate Access
48051,Burleson County,TX,71.4,12.4,8.853600000000002,18327.0,TX,BURLESON,0.0,,-1.0,2.2878368706451377,0.0,2.2878368706451377,0.6393627284133577,0.36063727158664227,VALID,1862.0,Low Access
48053,Burnet County,TX,82.2,16.2,13.316400000000002,51064.0,TX,BURNET,1.0,13.6,0.0,2.6614057332790204,0.0,2.6614057332790204,0.7437609092139508,0.25623909078604923,VALID,2228.0,Lowest Access
48055,Caldwell County,TX,76.2,25.1,19.1262,47184.0,TX,CALDWELL,0.0,,-1.0,3.0020224488561813,0.0,3.0020224488561813,0.8389502277396199,0.1610497722603801,VALID,2388.0,Lowest Access
48057,Calhoun County,TX,90.5,10.4,9.412,19921.0,TX,CALHOUN,0.0,,-1.0,2.342958987132319,0.0,2.342958987132319,0.6547672475228102,0.34523275247718976,VALID,1933.0,Low Access
48059,Callahan County,TX,66.4,16.2,10.7568,14017.0,TX,CALLAHAN,0.0,,-1.0,2.464431796598615,0.0,2.464431796598615,0.6887142425576908,0.31128575744230924,VALID,2061.0,Low Access
48061,Cameron County,TX,72.3,26.7,19.3041,423192.0,TX,CAMERON,3.0,12.6,0.0,3.010822836097807,0.0,3.010822836097807,0.8414095987158003,0.15859040128419966,VALID,2389.0,Lowest Access
48063,Camp County,TX,96.0,22.4,21.504,12652.0,TX,CAMP,0.0,,-1.0,3.113693071187556,0.0,3.113693071187556,0.8701578871201912,0.12984211287980885,VALID,2412.0,Lowest Access
48065,Carson County,TX,75.9,13.1,9.942900000000002,5802.0,TX,CARSON,0.0,,-1.0,2.3926908441326495,0.0,2.3926908441326495,0.6686653956769782,0.33133460432302175,INSUFFICIENT DATA,,
48067,Cass County,TX,115.4,12.3,14.1942,28582.0,TX,CASS,0.0,,-1.0,2.7209137760850908,0.0,2.7209137760850908,0.7603911266473726,0.23960887335262737,VALID,2258.0,Lowest Access
48069,Castro County,TX,73.4,21.4,15.7076,7328.0,TX,CASTRO,0.0,,-1.0,2.815863705721103,0.0,2.815863705721103,0.7869259932078624,0.21307400679213762,INSUFFICIENT DATA,,
48071,Chambers County,TX,83.4,16.3,13.5942,49178.0,TX,CHAMBERS,0.0,,-1.0,2.6806241895115512,0.0,2.6806241895115512,0.7491317312207045,0.25086826877929547,VALID,2236.0,Lowest Access
48073,Cherokee County,TX,93.7,20.4,19.1148,51143.0,TX,CHEROKEE,0.0,,-1.0,3.0014558625235863,0.0,3.0014558625235863,0.8387918885729871,0.16120811142701286,VALID,2386.0,Lowest Access
48075,Childress County,TX,85.5,13.4,11.457,6772.0,TX,CHILDRESS,0.0,,-1.0,2.5222827139039556,0.0,2.5222827139039556,0.7048813569197948,0.2951186430802052,INSUFFICIENT DATA,,
48077,Clay County,TX,98.4,18.0,17.712,10402.0,TX,CLAY,0.0,,-1.0,2.929165029281878,0.0,2.929165029281878,0.818589371088574,0.181410628911426,VALID,2365.0,Lowest Access
48079,Cochran County,TX,84.7,21.1,17.8717,2520.0,TX,COCHRAN,0.0,,-1.0,2.9376634454126807,0.0,2.9376634454126807,0.8209643527117392,0.17903564728826082,INSUFFICIENT DATA,,
48081,Coke County,TX,82.3,12.5,10.2875,3315.0,TX,COKE,0.0,,-1.0,2.4236959187431037,0.0,2.4236959187431037,0.6773301258209635,0.3226698741790365,INSUFFICIENT DATA,,
48083,Coleman County,TX,102.6,27.3,28.0098,7765.0,TX,COLEMAN,0.0,,-1.0,3.367633703935125,0.0,3.367633703935125,0.9411245621885569,0.05887543781144311,INSUFFICIENT DATA,,
48085,Collin County,TX,69.2,9.9,6.8508,1116601.0,TX,COLLIN,8.0,12.7,0.14285714285714285,2.060615437429787,0.7621400520468967,1.4483313967477371,0.4047531208858615,0.5952468791141385,VALID,696.0,Good Access
48087,Collingsworth County,TX,81.5,23.0,18.745,2733.0,TX,COLLINGSWORTH,0.0,,-1.0,2.982900294738613,0.0,2.982900294738613,0.8336063184834055,0.1663936815165945,INSUFFICIENT DATA,,
48089,Colorado County,TX,98.3,14.0,13.762,20736.0,TX,COLORADO,0.0,,-1.0,2.692056311347861,0.0,2.692056311347861,0.7523265711599506,0.2476734288400494,VALID,2246.0,Lowest Access
48091,Comal County,TX,60.3,10.9,6.5727,174552.0,TX,COMAL,1.0,11.8,1.0,2.024549674927365,0.6931471805599453,1.4774391072285638,0.4128876104684337,0.5871123895315663,VALID,730.0,Good Access
48093,Comanche County,TX,80.6,17.9,14.4274,13786.0,TX,COMANCHE,1.0,15.1,1.0,2.7361451492604614,0.6931471805599453,1.9967343338790509,0.5580107253300558,0.4419892746699442,VALID,1482.0,Moderate Access
48095,Concho County,TX,82.9,10.0,8.29,3301.0,TX,CONCHO,0.0,,-1.0,2.2289385528257473,0.0,2.2289385528257473,0.6229029057471798,0.37709709425282023,INSUFFICIENT DATA,,
48097,Cooke County,TX,98.1,16.0,15.696,42473.0,TX,COOKE,1.0,13.6,0.0,2.8151691697748995,0.0,2.8151691697748995,0.7867318970276479,0.2132681029723521,VALID,2316.0,Lowest Access
48099,Coryell County,TX,88.2,11.9,10.4958,83772.0,TX,CORYELL,0.0,,-1.0,2.441981751269786,0.0,2.441981751269786,0.682440315242936,0.317559684757064,VALID,2038.0,Low Access
48101,Cottle County,TX,112.8,8.9,10.0392,1302.0,TX,COTTLE,0.0,,-1.0,2.4014525744552078,0.0,2.4014525744552078,0.671113963525731,0.32888603647426895,INSUFFICIENT DATA,,
48103,Crane County,TX,97.4,23.0,22.402,4623.0,TX,CRANE,0.0,,-1.0,3.152821488796766,0.0,3.152821488796766,0.8810927803208883,0.11890721967911166,INSUFFICIENT DATA,,
48105,Crockett County,TX,102.7,13.4,13.7618,2881.0,TX,CROCKETT,0.0,,-1.0,2.692042762956393,0.0,2.692042762956393,0.7523227849037513,0.24767721509624874,INSUFFICIENT DATA,,
48107,Crosby County,TX,102.8,21.7,22.3076,5072.0,TX,CROSBY,0.0,,-1.0,3.1487794876439503,0.0,3.1487794876439503,0.8799631959005684,0.12003680409943163,INSUFFICIENT DATA,,
48109,Culberson County,TX,59.8,28.1,16.803800000000003,2181.0,TX,CULBERSON,0.0,,-1.0,2.879411917659823,0.0,2.879411917659823,0.8046852830821762,0.19531471691782376,INSUFFICIENT DATA,,
48111,Dallam County,TX,56.7,36.3,20.5821,7180.0,TX,DALLAM,0.0,,-1.0,3.071864267421679,0.0,3.071864267421679,0.8584683394757926,0.1415316605242074,INSUFFICIENT DATA,,
48113,Dallas County,TX,85.9,21.6,18.5544,2603816.0,TX,DALLAS,12.0,12.883333333333333,-0.2,2.9732003250469052,0.0,2.9732003250469052,0.8308955486871882,0.16910445131281182,VALID,2377.0,Lowest Access
48115,Dawson County,TX,94.2,22.4,21.1008,12311.0,TX,DAWSON,0.0,,-1.0,3.0956138069635584,0.0,3.0956138069635584,0.8651054256224876,0.1348945743775124,VALID,2408.0,Lowest Access
48117,Deaf Smith County,TX,70.2,20.4,14.320799999999998,18487.0,TX,DEAF SMITH,0.0,,-1.0,2.7292113822702126,0.0,2.7292113822702126,0.7627099895863736,0.2372900104136264,VALID,2262.0,Lowest Access
48119,Delta County,TX,94.4,7.7,7.2688000000000015,5345.0,TX,DELTA,0.0,,-1.0,2.1124893957260364,0.0,2.1124893957260364,0.5903598290269798,0.4096401709730202,INSUFFICIENT DATA,,
48121,Denton County,TX,68.4,10.8,7.387200000000002,945644.0,TX,DENTON,4.0,13.075,-0.42857142857142855,2.1267067341469503,0.0,2.1267067341469503,0.5943330302635733,0.4056669697364267,VALID,1672.0,Moderate Access
48123,DeWitt County,TX,89.2,17.5,15.61,19853.0,TX,DEWITT,0.0,,-1.0,2.8100049236252036,0.0,2.8100049236252036,0.7852886881385733,0.21471131186142667,VALID,2312.0,Lowest Access
48125,Dickens County,TX,120.5,12.1,14.5805,1641.0,TX,DICKENS,0.0,,-1.0,2.7460201323538387,0.0,2.7460201323538387,0.7674073910718453,0.2325926089281547,INSUFFICIENT DATA,,
48127,Dimmit County,TX,98.6,17.5,17.255,8507.0,TX,DIMMIT,0.0,,-1.0,2.9044390151076,0.0,2.9044390151076,0.811679397703629,0.18832060229637104,INSUFFICIENT DATA,,
48129,Donley County,TX,84.9,13.2,11.2068,3276.0,TX,DONLEY,0.0,,-1.0,2.5019931735114995,0.0,2.5019931735114995,0.6992112079375749,0.30078879206242515,INSUFFICIENT DATA,,
48131,Duval County,TX,100.8,22.0,22.176,9824.0,TX,DUVAL,0.0,,-1.0,3.143117260467049,0.0,3.143117260467049,0.8783808203985515,0.12161917960144852,INSUFFICIENT DATA,,
48133,Eastland County,TX,83.3,15.9,13.2447,17846.0,TX,EASTLAND,0.0,,-1.0,2.656384907707046,0.0,2.656384907707046,0.7423577808800325,0.25764221911996754,VALID,2220.0,Lowest Access
48135,Ector County,TX,96.6,21.6,20.8656,163206.0,TX,ECTOR,2.0,14.35,1.0,3.084914625604322,1.0986122886681096,1.7635921958566185,0.49285643247520183,0.5071435675247982,VALID,1153.0,Moderate Access
48137,Edwards County,TX,86.4,24.0,20.736000000000004,1392.0,TX,EDWARDS,0.0,,-1.0,3.0789698721240466,0.0,3.0789698721240466,0.8604540836815198,0.13954591631848023,INSUFFICIENT DATA,,
48139,Ellis County,TX,88.1,15.6,13.7436,203927.0,TX,ELLIS,1.0,11.3,-0.3333333333333333,2.690809090319636,0.0,2.690809090319636,0.7519780206799002,0.24802197932009984,VALID,2245.0,Lowest Access
48141,El Paso County,TX,57.0,21.9,12.483,866275.0,TX,EL PASO,5.0,13.5,-0.16666666666666666,2.6014296326519375,0.0,2.6014296326519375,0.7269998875569684,0.2730001124430316,VALID,2178.0,Low Access
48143,Erath County,TX,81.8,16.1,13.1698,43244.0,TX,ERATH,0.0,,-1.0,2.65111293927694,0.0,2.65111293927694,0.7408844677418317,0.2591155322581683,VALID,2210.0,Lowest Access
48145,Falls County,TX,93.1,16.2,15.082199999999998,17063.0,TX,FALLS,0.0,,-1.0,2.7777130703127737,0.0,2.7777130703127737,0.7762643526606958,0.22373564733930418,VALID,2293.0,Lowest Access
48147,Fannin County,TX,86.9,14.8,12.861200000000002,36525.0,TX,FANNIN,0.0,,-1.0,2.629093570100498,0.0,2.629093570100498,0.7347308979068369,0.2652691020931631,VALID,2198.0,Lowest Access
48149,Fayette County,TX,80.2,10.3,8.2606,24783.0,TX,FAYETTE,0.0,,-1.0,2.2257688413754093,0.0,2.2257688413754093,0.6220170928698833,0.37798290713011673,VALID,1793.0,Low Access
48151,Fisher County,TX,78.2,12.0,9.384,3661.0,TX,FISHER,0.0,,-1.0,2.3402661599617343,0.0,2.3402661599617343,0.6540147055260354,0.34598529447396464,INSUFFICIENT DATA,,
48153,Floyd County,TX,96.0,24.2,23.232,5294.0,TX,FLOYD,0.0,,-1.0,3.1876740737249363,0.0,3.1876740737249363,0.8908327421502689,0.10916725784973114,INSUFFICIENT DATA,,
48155,Foard County,TX,108.0,13.8,14.904000000000002,1079.0,TX,FOARD,0.0,,-1.0,2.766570649914218,0.0,2.766570649914218,0.7731504731710537,0.22684952682894632,INSUFFICIENT DATA,,
48157,Fort Bend County,TX,66.8,11.9,7.949199999999999,859721.0,TX,FORT BEND,3.0,13.333333333333334,-0.3333333333333333,2.191564142816784,0.0,2.191564142816784,0.6124581904517958,0.38754180954820416,VALID,1749.0,Low Access
48159,Franklin County,TX,93.6,16.6,15.5376,10522.0,TX,FRANKLIN,0.0,,-1.0,2.8056365762859814,0.0,2.8056365762859814,0.7840679024657404,0.21593209753425957,VALID,2308.0,Lowest Access
48161,Freestone County,TX,84.7,12.4,10.5028,19813.0,TX,FREESTONE,0.0,,-1.0,2.442590483994053,0.0,2.442590483994053,0.6826104327108619,0.31738956728913814,VALID,2040.0,Low Access
48163,Frio County,TX,106.6,15.5,16.523,18019.0,TX,FRIO,0.0,,-1.0,2.863514303726282,0.0,2.863514303726282,0.800242509233119,0.19975749076688099,VALID,2332.0,Lowest Access
48165,Gaines County,TX,86.1,32.4,27.8964,21904.0,TX,GAINES,0.0,,-1.0,3.363717019885166,0.0,3.363717019885166,0.9400299990959493,0.05997000090405069,VALID,2428.0,Lowest Access
48167,Galveston County,TX,82.2,13.8,11.343600000000002,354721.0,TX,GALVESTON,1.0,16.4,0.0,2.5131377101288264,0.0,2.5131377101288264,0.7023256788292637,0.29767432117073633,VALID,2102.0,Low Access
48169,Garza County,TX,100.1,17.2,17.2172,5435.0,TX,GARZA,0.0,,-1.0,2.9023662027445325,0.0,2.9023662027445325,0.8111001260846843,0.1888998739153157,INSUFFICIENT DATA,,
48171,Gillespie County,TX,65.3,15.5,10.1215,27202.0,TX,GILLESPIE,1.0,15.3,1.0,2.408880171811648,0.6931471805599453,1.7579088399447031,0.4912681523014665,0.5087318476985335,VALID,1143.0,Moderate Access
48173,Glasscock County,TX,88.2,22.9,20.1978,1070.0,TX,GLASSCOCK,0.0,,-1.0,3.05389740270821,0.0,3.05389740270821,0.8534472893337874,0.14655271066621256,INSUFFICIENT DATA,,
48175,Goliad County,TX,95.0,12.9,12.255,7096.0,TX,GOLIAD,0.0,,-1.0,2.584374839740989,0.0,2.584374839740989,0.7222337265303765,0.27776627346962346,INSUFFICIENT DATA,,
48177,Gonzales County,TX,71.6,16.4,11.742399999999998,19764.0,TX,GONZALES,0.0,,-1.0,2.544935015447685,0.0,2.544935015447685,0.7112118070955352,0.2887881929044648,VALID,2133.0,Low Access
48179,Gray County,TX,82.0,18.2,14.924,21131.0,TX,GRAY,0.0,,-1.0,2.7678274051380707,0.0,2.7678274051380707,0.7735016880934023,0.22649831190659775,VALID,2287.0,Lowest Access
48181,Grayson County,TX,91.7,15.7,14.3969,139988.0,TX,GRAYSON,2.0,11.2,0.0,2.7341661904549817,0.0,2.7341661904549817,0.7640946685905569,0.23590533140944314,VALID,2265.0,Lowest Access
48183,Gregg County,TX,96.0,17.0,16.32,124860.0,TX,GREGG,2.0,12.9,0.3333333333333333,2.851861903134289,0.5108256237659907,2.2838958607151127,0.6382613671695142,0.3617386328304858,VALID,1858.0,Low Access
48185,Grimes County,TX,73.9,20.4,15.0756,30385.0,TX,GRIMES,0.0,,-1.0,2.7773025944660015,0.0,2.7773025944660015,0.7761496403922175,0.22385035960778255,VALID,2292.0,Lowest Access
48187,Guadalupe County,TX,69.3,10.9,7.5537,178368.0,TX,GUADALUPE,1.0,14.6,1.0,2.146363937878037,0.6931471805599453,1.566334508576522,0.43773046840052215,0.5622695315994779,VALID,868.0,Good Access
48189,Hale County,TX,96.8,23.5,22.748,32247.0,TX,HALE,0.0,,-1.0,3.167498316408429,0.0,3.167498316408429,0.8851943911772598,0.11480560882274016,VALID,2416.0,Lowest Access
48191,Hall County,TX,100.4,18.5,18.574,2827.0,TX,HALL,0.0,,-1.0,2.9742021550036277,0.0,2.9742021550036277,0.8311755217668928,0.1688244782331072,INSUFFICIENT DATA,,
48193,Hamilton County,TX,76.8,14.8,11.3664,8320.0,TX,HAMILTON,0.0,,-1.0,2.5149831173704698,0.0,2.5149831173704698,0.7028413994316325,0.2971586005683675,INSUFFICIENT DATA,,
48195,Hansford County,TX,65.3,19.0,12.407,5182.0,TX,HANSFORD,0.0,,-1.0,2.595776958619424,0.0,2.595776958619424,0.7254201817927022,0.2745798182072978,INSUFFICIENT DATA,,
48197,Hardeman County,TX,89.9,16.7,15.0133,3529.0,TX,HARDEMAN,0.0,,-1.0,2.7734196269428386,0.0,2.7734196269428386,0.7750644997767286,0.22493550022327136,INSUFFICIENT DATA,,
48199,Hardin County,TX,85.6,15.9,13.6104,57126.0,TX,HARDIN,0.0,,-1.0,2.681733603895695,0.0,2.681733603895695,0.749441770024908,0.25055822997509203,VALID,2237.0,Lowest Access
48201,Harris County,TX,82.4,21.2,17.4688,4758579.0,TX,HARRIS,17.0,11.947058823529412,-0.22916666666666666,2.916082821878511,0.0,2.916082821878511,0.8149333954696796,0.18506660453032042,VALID,2357.0,Lowest Access
48203,Harrison County,TX,82.4,14.6,12.0304,69584.0,TX,HARRISON,0.0,,-1.0,2.5672850890539025,0.0,2.5672850890539025,0.7174577961450433,0.28254220385495665,VALID,2153.0,Low Access
48205,Hartley County,TX,76.3,14.1,10.758299999999998,5307.0,TX,HARTLEY,0.0,,-1.0,2.4645593741978624,0.0,2.4645593741978624,0.6887498956075152,0.3112501043924848,INSUFFICIENT DATA,,
48207,Haskell County,TX,68.0,17.3,11.764,5390.0,TX,HASKELL,0.0,,-1.0,2.546628708415997,0.0,2.546628708415997,0.7116851293726647,0.2883148706273353,INSUFFICIENT DATA,,
48209,Hays County,TX,77.4,11.9,9.2106,256429.0,TX,HAYS,2.0,11.45,0.0,2.323426396365694,0.0,2.323426396365694,0.6493086369523768,0.35069136304762316,VALID,1910.0,Low Access
48211,Hemphill County,TX,67.5,17.9,12.0825,3311.0,TX,HEMPHILL,0.0,,-1.0,2.5712754592642257,0.0,2.5712754592642257,0.7185729516955929,0.2814270483044071,INSUFFICIENT DATA,,
48213,Henderson County,TX,91.5,17.8,16.287,83658.0,TX,HENDERSON,1.0,12.4,1.0,2.8499547739406497,0.6931471805599453,2.079788255629599,0.5812211135780981,0.41877888642190186,VALID,1603.0,Moderate Access
48215,Hidalgo County,TX,63.0,29.7,18.711,880921.0,TX,HIDALGO,4.0,13.75,0.14285714285714285,2.9811768555447924,0.4519851237430572,2.4558457857388434,0.6863147815646776,0.3136852184353224,VALID,2053.0,Low Access
48217,Hill County,TX,90.4,17.7,16.000799999999998,36664.0,TX,HILL,0.0,,-1.0,2.8332604017725136,0.0,2.8332604017725136,0.7917877030594355,0.20821229694056453,VALID,2320.0,Lowest Access
48219,Hockley County,TX,99.4,18.6,18.4884,21455.0,TX,HOCKLEY,0.0,,-1.0,2.969819416768402,0.0,2.969819416768402,0.8299507143901304,0.17004928560986965,VALID,2374.0,Lowest Access
48221,Hood County,TX,83.0,15.2,12.616,64198.0,TX,HOOD,1.0,12.9,1.0,2.6112455718310184,0.6931471805599453,1.9055873877428926,0.5325386469157734,0.46746135308422665,VALID,1358.0,Moderate Access
48223,Hopkins County,TX,95.1,18.8,17.8788,37351.0,TX,HOPKINS,1.0,13.2,1.0,2.938039599375341,0.6931471805599453,2.144069200405767,0.5991851741999072,0.40081482580009276,VALID,1694.0,Moderate Access
48225,Houston County,TX,107.1,13.8,14.7798,22042.0,TX,HOUSTON,0.0,,-1.0,2.7587306410661796,0.0,2.7587306410661796,0.7709594911512327,0.22904050884876725,VALID,2280.0,Lowest Access
48227,Howard County,TX,89.9,14.2,12.7658,33127.0,TX,HOWARD,0.0,,-1.0,2.622187255322034,0.0,2.622187255322034,0.7328008475974391,0.26719915240256087,VALID,2189.0,Lowest Access
48229,Hudspeth County,TX,57.6,33.6,19.3536,3331.0,TX,HUDSPETH,0.0,,-1.0,3.0132578004198094,0.0,3.0132578004198094,0.8420900779284924,0.15790992207150756,INSUFFICIENT DATA,,
48231,Hunt County,TX,90.2,16.3,14.702600000000002,104917.0,TX,HUNT,1.0,11.2,0.0,2.753826303738794,0.0,2.753826303738794,0.7695889168174899,0.23041108318251013,VALID,2276.0,Lowest Access
48233,Hutchinson County,TX,78.2,14.5,11.339,20413.0,TX,HUTCHINSON,0.0,,-1.0,2.5127649779163965,0.0,2.5127649779163965,0.702221514460132,0.29777848553986797,VALID,2101.0,Low Access
48235,Irion County,TX,87.7,14.6,12.804200000000002,1432.0,TX,IRION,0.0,,-1.0,2.6249728936848413,0.0,2.6249728936848413,0.7335793267656304,0.2664206732343696,INSUFFICIENT DATA,,
48237,Jack County,TX,94.8,19.3,18.2964,8623.0,TX,JACK,0.0,,-1.0,2.9599185500148266,0.0,2.9599185500148266,0.8271838015641131,0.17281619843588691,INSUFFICIENT DATA,,
48239,Jackson County,TX,88.8,17.0,15.095999999999998,15081.0,TX,JACKSON,0.0,,-1.0,2.7785707939173285,0.0,2.7785707939173285,0.7765040535375674,0.22349594646243265,VALID,2294.0,Lowest Access
48241,Jasper County,TX,97.2,18.7,18.1764,32807.0,TX,JASPER,0.0,,-1.0,2.953680356322122,0.0,2.953680356322122,0.8254404654937342,0.17455953450626582,VALID,2370.0,Lowest Access
48243,Jeff Davis County,TX,57.6,19.3,11.1168,1740.0,TX,JEFF DAVIS,0.0,,-1.0,2.4945929193774212,0.0,2.4945929193774212,0.6971431205075552,0.3028568794924448,INSUFFICIENT DATA,,
48245,Jefferson County,TX,93.1,21.3,19.8303,253939.0,TX,JEFFERSON,3.0,11.9,1.0,3.036408657473537,1.3862943611198906,1.3953017141079684,0.3899333568482725,0.6100666431517274,VALID,620.0,Good Access
48247,Jim Hogg County,TX,101.8,31.3,31.8634,4797.0,TX,JIM HOGG,0.0,,-1.0,3.4923595765200894,0.0,3.4923595765200894,0.9759806636977404,0.02401933630225961,INSUFFICIENT DATA,,
48249,Jim Wells County,TX,100.6,21.3,21.4278,38863.0,TX,JIM WELLS,0.0,,-1.0,3.110301260797018,0.0,3.110301260797018,0.8692100061006219,0.13078999389937807,VALID,2411.0,Lowest Access
48251,Johnson County,TX,89.7,16.4,14.7108,188820.0,TX,JOHNSON,0.0,,-1.0,2.7543483739499934,0.0,2.7543483739499934,0.769734815434187,0.23026518456581302,VALID,2277.0,Lowest Access
48253,Jones County,TX,75.0,18.2,13.65,19968.0,TX,JONES,0.0,,-1.0,2.6844403354630764,0.0,2.6844403354630764,0.7501981977677283,0.24980180223227166,VALID,2240.0,Lowest Access
48255,Karnes County,TX,109.5,16.4,17.958,14819.0,TX,KARNES,0.0,,-1.0,2.94222600603085,0.0,2.94222600603085,0.8222394135531886,0.17776058644681136,VALID,2367.0,Lowest Access
48257,Kaufman County,TX,85.5,14.1,12.0555,160718.0,TX,KAUFMAN,0.0,,-1.0,2.5692095009197913,0.0,2.5692095009197913,0.7179955955121892,0.28200440448781083,VALID,2156.0,Low Access
48259,Kendall County,TX,66.2,11.3,7.480600000000001,46971.0,TX,KENDALL,0.0,,-1.0,2.137781202017796,0.0,2.137781202017796,0.5974279196258702,0.40257208037412984,VALID,1684.0,Moderate Access
48261,Kenedy County,TX,66.6,0.0,0.0,52.0,TX,KENEDY,0.0,,-1.0,0.0,0.0,0.0,0.0,1.0,INSUFFICIENT DATA,,
48263,Kent County,TX,102.3,3.9,3.9897,727.0,TX,KENT,0.0,,-1.0,1.6073757877156523,0.0,1.6073757877156523,0.4491999330921062,0.5508000669078938,INSUFFICIENT DATA,,
48265,Kerr County,TX,67.4,17.8,11.997200000000005,53166.0,TX,KERR,1.0,15.4,1.0,2.564733949647555,0.6931471805599453,1.8716449804977093,0.5230530448679848,0.47694695513201524,VALID,1306.0,Moderate Access
48267,Kimble County,TX,79.3,14.7,11.657099999999998,4355.0,TX,KIMBLE,0.0,,-1.0,2.5382183225454744,0.0,2.5382183225454744,0.7093347488336579,0.2906652511663421,INSUFFICIENT DATA,,
48269,King County,TX,99.3,3.7,3.6741,189.0,TX,KING,0.0,,-1.0,1.542036630838589,0.0,1.542036630838589,0.4309401427420331,0.5690598572579668,INSUFFICIENT DATA,,
48271,Kinney County,TX,96.6,17.2,16.615199999999998,3140.0,TX,KINNEY,0.0,,-1.0,2.868762165688439,0.0,2.868762165688439,0.801709085537362,0.19829091446263802,INSUFFICIENT DATA,,
48273,Kleberg County,TX,99.2,17.0,16.864,30629.0,TX,KLEBERG,0.0,,-1.0,2.8827875145378568,0.0,2.8827875145378568,0.8056286330463521,0.19437136695364787,VALID,2337.0,Lowest Access
48275,Knox County,TX,73.1,18.0,13.158,3322.0,TX,KNOX,0.0,,-1.0,2.6502798353519976,0.0,2.6502798353519976,0.7406516471219101,0.2593483528780899,INSUFFICIENT DATA,,
48277,Lamar County,TX,89.2,19.0,16.948,50421.0,TX,LAMAR,1.0,13.5,1.0,2.887478688113737,0.6931471805599453,2.107171776489662,0.588873758237906,0.411126241762094,VALID,1645.0,Moderate Access
48279,Lamb County,TX,97.6,25.5,24.888,12919.0,TX,LAMB,0.0,,-1.0,3.2537795408760815,0.0,3.2537795408760815,0.9093066868545858,0.09069331314541418,VALID,2424.0,Lowest Access
48281,Lampasas County,TX,87.8,13.0,11.413999999999998,22267.0,TX,LAMPASAS,0.0,,-1.0,2.518824867991461,0.0,2.518824867991461,0.7039150215025225,0.2960849784974775,VALID,2106.0,Low Access
48283,La Salle County,TX,92.3,18.9,17.444699999999997,6946.0,TX,LA SALLE,0.0,,-1.0,2.914777066346025,0.0,2.914777066346025,0.8145684868389101,0.18543151316108986,INSUFFICIENT DATA,,
48285,Lavaca County,TX,87.5,11.1,9.7125,20479.0,TX,LAVACA,0.0,,-1.0,2.3714112839238983,0.0,2.3714112839238983,0.6627185740967023,0.3372814259032977,VALID,1966.0,Low Access
48287,Lee County,TX,74.5,17.6,13.112,17758.0,TX,LEE,0.0,,-1.0,2.6470254992644353,0.0,2.6470254992644353,0.7397421849015853,0.2602578150984147,VALID,2206.0,Lowest Access
48289,Leon County,TX,76.8,16.4,12.595199999999998,16067.0,TX,LEON,0.0,,-1.0,2.60971678926714,0.0,2.60971678926714,0.7293158302416365,0.2706841697583635,VALID,2184.0,Low Access
48291,Liberty County,TX,96.0,25.6,24.576000000000004,97993.0,TX,LIBERTY,0.0,,-1.0,3.2416544117575405,0.0,3.2416544117575405,0.9059181779381226,0.09408182206187743,VALID,2423.0,Lowest Access
48293,Limestone County,TX,90.0,18.0,16.2,22185.0,TX,LIMESTONE,0.0,,-1.0,2.8449093838194073,0.0,2.8449093838194073,0.7950431471167908,0.2049568528832092,VALID,2325.0,Lowest Access
48295,Lipscomb County,TX,52.3,18.2,9.5186,2964.0,TX,LIPSCOMB,0.0,,-1.0,2.353145118605746,0.0,2.353145118605746,0.6576138809058063,0.3423861190941937,INSUFFICIENT DATA,,
48297,Live Oak County,TX,108.4,18.1,19.620400000000004,11444.0,TX,LIVE OAK,0.0,,-1.0,3.026280877042758,0.0,3.026280877042758,0.8457295287603328,0.1542704712396672,VALID,2394.0,Lowest Access
48299,Llano County,TX,70.1,15.3,10.7253,22011.0,TX,LLANO,0.0,,-1.0,2.4617489003589625,0.0,2.4617489003589625,0.6879644758755276,0.31203552412447244,VALID,2058.0,Low Access
48303,Lubbock County,TX,99.1,13.7,13.5767,314633.0,TX,LUBBOCK,2.0,16.15,-0.5,2.6794243635137667,0.0,2.6794243635137667,0.7487964258353391,0.2512035741646609,VALID,2234.0,Lowest Access
48305,Lynn County,TX,98.0,14.5,14.21,5667.0,TX,LYNN,0.0,,-1.0,2.7219531062712017,0.0,2.7219531062712017,0.7606815796040673,0.23931842039593265,INSUFFICIENT DATA,,
48307,McCulloch County,TX,89.4,19.7,17.611800000000002,7565.0,TX,MCCULLOCH,0.0,,-1.0,2.9237957881692394,0.0,2.9237957881692394,0.817088873963393,0.18291112603660697,INSUFFICIENT DATA,,
48309,McLennan County,TX,95.6,13.8,13.1928,263608.0,TX,MCLENNAN,0.0,,-1.0,2.652734793764302,0.0,2.652734793764302,0.7413377139166067,0.25866228608339326,VALID,2213.0,Lowest Access
48311,McMullen County,TX,83.4,18.0,15.012,623.0,TX,MCMULLEN,0.0,,-1.0,2.7733384411303272,0.0,2.7733384411303272,0.7750418114534213,0.22495818854657867,INSUFFICIENT DATA,,
48313,Madison County,TX,67.5,14.9,10.0575,13574.0,TX,MADISON,0.0,,-1.0,2.403108930760345,0.0,2.403108930760345,0.6715768516363587,0.3284231483636413,VALID,2008.0,Low Access
48315,Marion County,TX,99.0,14.3,14.157,9631.0,TX,MARION,0.0,,-1.0,2.71846247144952,0.0,2.71846247144952,0.7597060809432491,0.2402939190567509,INSUFFICIENT DATA,,
48317,Martin County,TX,86.9,15.5,13.4695,5230.0,TX,MARTIN,0.0,,-1.0,2.672042985796208,0.0,2.672042985796208,0.7467336136403346,0.25326638635966536,INSUFFICIENT DATA,,
48319,Mason County,TX,67.3,14.2,9.5566,3951.0,TX,MASON,0.0,,-1.0,2.3567512567377746,0.0,2.3567512567377746,0.6586216583154251,0.3413783416845749,INSUFFICIENT DATA,,
48321,Matagorda County,TX,90.1,17.9,16.127899999999997,36274.0,TX,MATAGORDA,0.0,,-1.0,2.840708712877064,0.0,2.840708712877064,0.7938692205710113,0.20613077942898872,VALID,2322.0,Lowest Access
48323,Maverick County,TX,94.5,24.6,23.247000000000003,57770.0,TX,MAVERICK,0.0,,-1.0,3.188292898390407,0.0,3.188292898390407,0.8910056799290071,0.10899432007099286,VALID,2421.0,Lowest Access
48325,Medina County,TX,89.6,12.7,11.3792,52419.0,TX,MEDINA,0.0,,-1.0,2.516017644813053,0.0,2.516017644813053,0.7031305102055672,0.29686948979443284,VALID,2104.0,Low Access
48327,Menard County,TX,79.6,21.8,17.3528,1964.0,TX,MENARD,0.0,,-1.0,2.909782151415988,0.0,2.909782151415988,0.8131725995364381,0.18682740046356194,INSUFFICIENT DATA,,
48329,Midland County,TX,86.3,15.3,13.2039,171496.0,TX,MIDLAND,1.0,14.2,0.0,2.653516574785712,0.0,2.653516574785712,0.7415561917518423,0.2584438082481577,VALID,2215.0,Lowest Access
48331,Milam County,TX,82.2,16.6,13.645200000000004,25268.0,TX,MILAM,0.0,,-1.0,2.684112636724515,0.0,2.684112636724515,0.7501066185287221,0.24989338147127793,VALID,2239.0,Lowest Access
48333,Mills County,TX,82.8,12.4,10.2672,4499.0,TX,MILLS,0.0,,-1.0,2.4218958499785965,0.0,2.4218958499785965,0.6768270755854445,0.3231729244145555,INSUFFICIENT DATA,,
48335,Mitchell County,TX,88.0,20.4,17.951999999999998,8989.0,TX,MITCHELL,0.0,,-1.0,2.941909466856484,0.0,2.941909466856484,0.8221509529847063,0.1778490470152937,INSUFFICIENT DATA,,
48337,Montague County,TX,108.3,16.1,17.436300000000003,20599.0,TX,MONTAGUE,0.0,,-1.0,2.914321547236172,0.0,2.914321547236172,0.8144411867045969,0.18555881329540314,VALID,2356.0,Lowest Access
48339,Montgomery County,TX,73.9,14.7,10.8633,654722.0,TX,MONTGOMERY,3.0,13.1,-0.25,2.4734496010720166,0.0,2.4734496010720166,0.6912343733180567,0.3087656266819433,VALID,2069.0,Low Access
48341,Moore County,TX,79.0,19.9,15.720999999999998,21234.0,TX,MOORE,0.0,,-1.0,2.816665414480532,0.0,2.816665414480532,0.787150040082182,0.21284995991781797,VALID,2317.0,Lowest Access
48343,Morris County,TX,107.6,13.1,14.0956,12014.0,TX,MORRIS,0.0,,-1.0,2.7144033106298746,0.0,2.7144033106298746,0.7585717010536613,0.24142829894633866,VALID,2254.0,Lowest Access
48345,Motley County,TX,112.0,19.9,22.288,1267.0,TX,MOTLEY,0.0,,-1.0,3.147938206443322,0.0,3.147938206443322,0.8797280900454709,0.12027190995452908,INSUFFICIENT DATA,,
48347,Nacogdoches County,TX,97.9,15.3,14.978700000000002,64897.0,TX,NACOGDOCHES,1.0,13.3,0.0,2.7712565853392883,0.0,2.7712565853392883,0.7744600125429306,0.22553998745706938,VALID,2288.0,Lowest Access
48349,Navarro County,TX,82.3,18.7,15.3901,53735.0,TX,NAVARRO,1.0,13.0,1.0,2.7966774940183945,0.6931471805599453,2.0409085295064417,0.5703557201171316,0.42964427988286835,VALID,1539.0,Moderate Access
48351,Newton County,TX,108.6,21.1,22.9146,12193.0,TX,NEWTON,0.0,,-1.0,3.1744891510881366,0.0,3.1744891510881366,0.8871480615599932,0.11285193844000685,VALID,2419.0,Lowest Access
48353,Nolan County,TX,78.8,15.5,12.214,14565.0,TX,NOLAN,0.0,,-1.0,2.581276873607694,0.0,2.581276873607694,0.7213679637196928,0.2786320362803072,VALID,2167.0,Low Access
48355,Nueces County,TX,99.4,17.6,17.494400000000002,352829.0,TX,NUECES,2.0,13.4,0.0,2.917467983557866,0.0,2.917467983557866,0.8153204950754117,0.1846795049245883,VALID,2358.0,Lowest Access
48357,Ochiltree County,TX,57.7,21.9,12.6363,9852.0,TX,OCHILTREE,0.0,,-1.0,2.61273535462033,0.0,2.61273535462033,0.7301594035771626,0.2698405964228374,INSUFFICIENT DATA,,
48359,Oldham County,TX,74.7,15.1,11.2797,2097.0,TX,OLDHAM,0.0,,-1.0,2.507947492453153,0.0,2.507947492453153,0.7008752118939869,0.29912478810601306,INSUFFICIENT DATA,,
48361,Orange County,TX,107.8,16.1,17.355800000000002,84993.0,TX,ORANGE,0.0,,-1.0,2.909945600853269,0.0,2.909945600853269,0.8132182773902739,0.18678172260972614,VALID,2351.0,Lowest Access
48363,Palo Pinto County,TX,85.3,20.1,17.1453,28920.0,TX,PALO PINTO,0.0,,-1.0,2.8984115740086547,0.0,2.8984115740086547,0.8099949589065193,0.1900050410934807,VALID,2348.0,Lowest Access
48365,Panola County,TX,103.5,17.9,18.5265,22624.0,TX,PANOLA,0.0,,-1.0,2.971772517358759,0.0,2.971772517358759,0.8304965311563249,0.16950346884367506,VALID,2376.0,Lowest Access
48367,Parker County,TX,89.2,13.0,11.596000000000002,158079.0,TX,PARKER,1.0,11.9,1.0,2.533379303238778,0.6931471805599453,1.8487635558671613,0.5166585635701786,0.4833414364298214,VALID,1270.0,Moderate Access
48369,Parmer County,TX,70.5,22.7,16.0035,9752.0,TX,PARMER,0.0,,-1.0,2.833419205218294,0.0,2.833419205218294,0.7918320825366956,0.20816791746330443,INSUFFICIENT DATA,,
48371,Pecos County,TX,68.0,14.7,9.996,14983.0,TX,PECOS,0.0,,-1.0,2.3975315703029993,0.0,2.3975315703029993,0.6700181931301045,0.32998180686989553,VALID,1994.0,Low Access
48373,Polk County,TX,173.9,15.8,27.4762,51780.0,TX,POLK,0.0,,-1.0,3.349068650675313,0.0,3.349068650675313,0.9359363412722703,0.06406365872772968,VALID,2427.0,Lowest Access
48375,Potter County,TX,80.2,20.5,16.441000000000003,116634.0,TX,POTTER,2.0,14.450000000000001,-0.2,2.8588237562865317,0.0,2.8588237562865317,0.7989316809798855,0.20106831902011446,VALID,2330.0,Lowest Access
48377,Presidio County,TX,61.8,26.7,16.5006,6043.0,TX,PRESIDIO,0.0,,-1.0,2.862235166056012,0.0,2.862235166056012,0.7998850392747608,0.20011496072523915,INSUFFICIENT DATA,,
48379,Rains County,TX,91.2,14.5,13.224,12505.0,TX,RAINS,0.0,,-1.0,2.654930678771549,0.0,2.654930678771549,0.741951379623078,0.258048620376922,VALID,2217.0,Lowest Access
48381,Randall County,TX,72.5,10.4,7.54,143791.0,TX,RANDALL,0.0,,-1.0,2.1447610078004784,0.0,2.1447610078004784,0.599378507854546,0.40062149214545395,VALID,1696.0,Moderate Access
48383,Reagan County,TX,101.8,17.0,17.305999999999997,3259.0,TX,REAGAN,0.0,,-1.0,2.9072288749625876,0.0,2.9072288749625876,0.8124590566171042,0.18754094338289584,INSUFFICIENT DATA,,
48385,Real County,TX,83.6,16.8,14.0448,2821.0,TX,REAL,0.0,,-1.0,2.7110324165406756,0.0,2.7110324165406756,0.7576296653387395,0.24237033466126046,INSUFFICIENT DATA,,
48387,Red River County,TX,101.7,15.4,15.6618,11621.0,TX,RED RIVER,0.0,,-1.0,2.8131186741197354,0.0,2.8131186741197354,0.7861588620733175,0.21384113792668247,VALID,2313.0,Lowest Access
48389,Reeves County,TX,55.7,20.2,11.2514,13219.0,TX,REEVES,0.0,,-1.0,2.505640216174907,0.0,2.505640216174907,0.7002304165961268,0.29976958340387316,VALID,2091.0,Low Access
48391,Refugio County,TX,94.9,16.7,15.8483,6693.0,TX,REFUGIO,0.0,,-1.0,2.824249761500896,0.0,2.824249761500896,0.789269574418914,0.210730425581086,INSUFFICIENT DATA,,
48393,Roberts County,TX,76.4,12.7,9.7028,785.0,TX,ROBERTS,0.0,,-1.0,2.370505389478025,0.0,2.370505389478025,0.6624654113157368,0.3375345886842632,INSUFFICIENT DATA,,
48395,Robertson County,TX,74.5,11.9,8.8655,16973.0,TX,ROBERTSON,0.0,,-1.0,2.2890438224273786,0.0,2.2890438224273786,0.6397000251823967,0.36029997481760334,VALID,1863.0,Low Access
48397,Rockwall County,TX,69.5,9.1,6.3245,116931.0,TX,ROCKWALL,0.0,,-1.0,1.9912248931876875,0.0,1.9912248931876875,0.5564710477954996,0.4435289522045004,VALID,1478.0,Moderate Access
48399,Runnels County,TX,82.1,15.0,12.315,9880.0,TX,RUNNELS,0.0,,-1.0,2.5888912192658955,0.0,2.5888912192658955,0.7234958815260604,0.27650411847393963,INSUFFICIENT DATA,,
48401,Rusk County,TX,97.7,14.0,13.678,52613.0,TX,RUSK,0.0,,-1.0,2.686349774122871,0.0,2.686349774122871,0.75073181269759,0.24926818730240996,VALID,2242.0,Lowest Access
48403,Sabine County,TX,102.6,14.1,14.466599999999998,9998.0,TX,SABINE,0.0,,-1.0,2.7386828602099826,0.0,2.7386828602099826,0.7653569046944296,0.23464309530557037,INSUFFICIENT DATA,,
48405,San Augustine County,TX,99.8,20.0,19.96,7889.0,TX,SAN AUGUSTINE,0.0,,-1.0,3.0426158594528414,0.0,3.0426158594528414,0.850294530337281,0.14970546966271903,INSUFFICIENT DATA,,
48407,San Jacinto County,TX,93.7,19.6,18.3652,27983.0,TX,SAN JACINTO,0.0,,-1.0,2.963477640824563,0.0,2.963477640824563,0.8281784310501491,0.1718215689498509,VALID,2373.0,Lowest Access
48409,San Patricio County,TX,97.6,18.1,17.665599999999998,69519.0,TX,SAN PATRICIO,0.0,,-1.0,2.9266822575771814,0.0,2.9266822575771814,0.8178955315445444,0.18210446845545558,VALID,2362.0,Lowest Access
48411,San Saba County,TX,83.2,25.7,21.382400000000004,5802.0,TX,SAN SABA,0.0,,-1.0,3.108274935740029,0.0,3.108274935740029,0.8686437259021901,0.13135627409780992,INSUFFICIENT DATA,,
48413,Schleicher County,TX,82.4,25.3,20.8472,2426.0,TX,SCHLEICHER,0.0,,-1.0,3.0840727668770516,0.0,3.0840727668770516,0.861880147206393,0.13811985279360695,INSUFFICIENT DATA,,
48415,Scurry County,TX,91.4,19.0,17.366,16633.0,TX,SCURRY,0.0,,-1.0,2.9105011291913305,0.0,2.9105011291913305,0.8133735262712108,0.18662647372878916,VALID,2353.0,Lowest Access
48417,Shackelford County,TX,71.1,13.6,9.6696,3169.0,TX,SHACKELFORD,0.0,,-1.0,2.367398576326048,0.0,2.367398576326048,0.6615971761023763,0.33840282389762366,INSUFFICIENT DATA,,
48419,Shelby County,TX,104.2,19.2,20.0064,24108.0,TX,SHELBY,0.0,,-1.0,3.044827153197709,0.0,3.044827153197709,0.850912502195407,0.14908749780459296,VALID,2399.0,Lowest Access
48421,Sherman County,TX,59.2,15.3,9.0576,2434.0,TX,SHERMAN,0.0,,-1.0,2.3083285676211114,0.0,2.3083285676211114,0.6450893724134099,0.3549106275865901,INSUFFICIENT DATA,,
48423,Smith County,TX,92.9,16.7,15.5143,238014.0,TX,SMITH,2.0,15.35,-0.25,2.804226672234493,0.0,2.804226672234493,0.7836738883152007,0.21632611168479932,VALID,2305.0,Lowest Access
48425,Somervell County,TX,80.3,11.1,8.9133,9510.0,TX,SOMERVELL,0.0,,-1.0,2.2938772898834645,0.0,2.2938772898834645,0.6410507941030623,0.3589492058969377,INSUFFICIENT DATA,,
48427,Starr County,TX,83.6,31.3,26.1668,65809.0,TX,STARR,0.0,,-1.0,3.3019956395421235,0.0,3.3019956395421235,0.9227812386428326,0.07721876135716743,VALID,2426.0,Lowest Access
48429,Stephens County,TX,94.3,14.4,13.5792,9278.0,TX,STEPHENS,0.0,,-1.0,2.6795958553906165,0.0,2.6795958553906165,0.7488443512428236,0.25115564875717644,INSUFFICIENT DATA,,
48431,Sterling County,TX,87.4,25.8,22.5492,1389.0,TX,STERLING,0.0,,-1.0,3.1590918496094154,0.0,3.1590918496094154,0.882845105868549,0.11715489413145097,INSUFFICIENT DATA,,
48433,Stonewall County,TX,73.8,14.2,10.479599999999998,1244.0,TX,STONEWALL,0.0,,-1.0,2.4405715470788065,0.0,2.4405715470788065,0.6820462172149108,0.31795378278508923,INSUFFICIENT DATA,,
48435,Sutton County,TX,85.9,17.9,15.3761,3306.0,TX,SUTTON,0.0,,-1.0,2.7958229548376567,0.0,2.7958229548376567,0.7813253713590329,0.2186746286409671,INSUFFICIENT DATA,,
48437,Swisher County,TX,76.2,22.2,16.9164,6981.0,TX,SWISHER,0.0,,-1.0,2.8857164945079687,0.0,2.8857164945079687,0.8064471707004948,0.19355282929950524,INSUFFICIENT DATA,,
48439,Tarrant County,TX,90.7,16.6,15.0562,2135743.0,TX,TARRANT,14.0,13.142857142857142,-0.06896551724137931,2.7760950678190475,0.0,2.7760950678190475,0.7758121829705218,0.2241878170294782,VALID,2291.0,Lowest Access
48441,Taylor County,TX,78.9,14.5,11.440500000000002,144259.0,TX,TAYLOR,1.0,12.9,0.0,2.5209572794293647,0.0,2.5209572794293647,0.7045109487788644,0.29548905122113556,VALID,2109.0,Low Access
48443,Terrell County,TX,77.1,10.5,8.0955,851.0,TX,TERRELL,0.0,,-1.0,2.207779785720134,0.0,2.207779785720134,0.6169898412100683,0.3830101587899317,INSUFFICIENT DATA,,
48445,Terry County,TX,95.5,23.2,22.156,11699.0,TX,TERRY,0.0,,-1.0,3.142253926216758,0.0,3.142253926216758,0.8781395515612139,0.12186044843878607,VALID,2415.0,Lowest Access
48447,Throckmorton County,TX,82.2,24.4,20.0568,1589.0,TX,THROCKMORTON,0.0,,-1.0,3.0472235483421284,0.0,3.0472235483421284,0.851582202801054,0.148417797198946,INSUFFICIENT DATA,,
48449,Titus County,TX,104.6,21.2,22.1752,31284.0,TX,TITUS,1.0,11.5,1.0,3.143082741403893,0.6931471805599453,2.293701862154544,0.6410017687757582,0.3589982312242418,VALID,1868.0,Low Access
48451,Tom Green County,TX,80.1,14.5,11.614499999999998,119398.0,TX,TOM GREEN,1.0,16.6,0.0,2.534846945952783,0.0,2.534846945952783,0.7083925782775009,0.2916074217224991,VALID,2124.0,Low Access
48453,Travis County,TX,69.3,12.2,8.4546,1307625.0,TX,TRAVIS,5.0,11.120000000000001,-0.26666666666666666,2.246501395557129,0.0,2.246501395557129,0.6278110472285541,0.3721889527714459,VALID,1810.0,Low Access
48455,Trinity County,TX,139.2,15.7,21.854399999999995,13850.0,TX,TRINITY,0.0,,-1.0,3.129143658977937,0.0,3.129143658977937,0.8744757342936491,0.1255242657063509,VALID,2414.0,Lowest Access
48457,Tyler County,TX,93.9,17.1,16.056900000000002,20084.0,TX,TYLER,0.0,,-1.0,2.8365548139458827,0.0,2.8365548139458827,0.7927083650099046,0.2072916349900954,VALID,2321.0,Lowest Access
48459,Upshur County,TX,90.6,13.2,11.9592,41864.0,TX,UPSHUR,0.0,,-1.0,2.561805960623791,0.0,2.561805960623791,0.7159265897258481,0.2840734102741519,VALID,2147.0,Low Access
48461,Upton County,TX,99.7,14.8,14.7556,3227.0,TX,UPTON,0.0,,-1.0,2.7571958576323,0.0,2.7571958576323,0.770530577999076,0.22946942200092402,INSUFFICIENT DATA,,
48463,Uvalde County,TX,98.5,20.1,19.7985,24810.0,TX,UVALDE,0.0,,-1.0,3.0348808687222175,0.0,3.0348808687222175,0.8481328968566608,0.15186710314333918,VALID,2396.0,Lowest Access
48465,Val Verde County,TX,87.1,19.4,16.897399999999998,47647.0,TX,VAL VERDE,0.0,,-1.0,2.8846554509000555,0.0,2.8846554509000555,0.8061506496745312,0.1938493503254688,VALID,2339.0,Lowest Access
48467,Van Zandt County,TX,90.9,18.2,16.5438,61323.0,TX,VAN ZANDT,0.0,,-1.0,2.864700611141807,0.0,2.864700611141807,0.8005740366928166,0.19942596330718343,VALID,2333.0,Lowest Access
48469,Victoria County,TX,90.1,16.8,15.1368,91281.0,TX,VICTORIA,2.0,13.45,1.0,2.7811023780049857,1.0986122886681096,1.5899080023218017,0.4443183564936829,0.5556816435063171,VALID,906.0,Good Access
48471,Walker County,TX,92.4,14.8,13.675200000000002,78292.0,TX,WALKER,1.0,13.8,1.0,2.686158994241394,0.6931471805599453,1.960256345139254,0.5478165254257892,0.4521834745742108,VALID,1446.0,Moderate Access
48473,Waller County,TX,84.0,20.6,17.304000000000002,59455.0,TX,WALLER,0.0,,-1.0,2.9071196151973875,0.0,2.9071196151973875,0.8124285226999004,0.1875714773000996,VALID,2349.0,Lowest Access
48475,Ward County,TX,83.6,16.0,13.376,11255.0,TX,WARD,0.0,,-1.0,2.6655601494812577,0.0,2.6655601494812577,0.7449219093324942,0.25507809066750575,VALID,2230.0,Lowest Access
48477,Washington County,TX,77.6,15.1,11.7176,36156.0,TX,WASHINGTON,0.0,,-1.0,2.542986860864525,0.0,2.542986860864525,0.710667372548806,0.28933262745119404,VALID,2130.0,Low Access
48479,Webb County,TX,72.8,28.4,20.6752,267731.0,TX,WEBB,2.0,11.8,1.0,3.076168749844335,1.0986122886681096,1.7585923303471402,0.49145916167549725,0.5085408383245027,VALID,1145.0,Moderate Access
48481,Wharton County,TX,104.9,16.5,17.308500000000002,41651.0,TX,WHARTON,0.0,,-1.0,2.907365432883842,0.0,2.907365432883842,0.8124972193227761,0.18750278067722392,VALID,2350.0,Lowest Access
48483,Wheeler County,TX,75.9,19.6,14.876400000000004,4902.0,TX,WHEELER,0.0,,-1.0,2.7648337298667145,0.0,2.7648337298667145,0.7726650705818845,0.2273349294181155,INSUFFICIENT DATA,,
48485,Wichita County,TX,95.3,15.2,14.4856,129842.0,TX,WICHITA,1.0,15.0,-0.6,2.739910559849199,0.0,2.739910559849199,0.7656999996943717,0.23430000030562825,VALID,2269.0,Lowest Access
48487,Wilbarger County,TX,94.6,10.6,10.0276,12712.0,TX,WILBARGER,0.0,,-1.0,2.400401221194336,0.0,2.400401221194336,0.6708201505804018,0.3291798494195982,VALID,2004.0,Low Access
48489,Willacy County,TX,71.0,26.5,18.815,20218.0,TX,WILLACY,0.0,,-1.0,2.9864392266423985,0.0,2.9864392266423985,0.8345953143277793,0.16540468567222066,VALID,2381.0,Lowest Access
48491,Williamson County,TX,73.0,9.5,6.935,643889.0,TX,WILLIAMSON,4.0,12.825,-0.1111111111111111,2.071283353978372,0.0,2.071283353978372,0.5788443195005194,0.4211556804994806,VALID,1588.0,Moderate Access
48493,Wilson County,TX,86.4,11.3,9.7632,51501.0,TX,WILSON,0.0,,-1.0,2.3761329082892044,0.0,2.3761329082892044,0.6640380871596655,0.3359619128403345,VALID,1970.0,Low Access
48495,Winkler County,TX,88.3,18.0,15.893999999999998,7540.0,TX,WINKLER,0.0,,-1.0,2.826958529305305,0.0,2.826958529305305,0.7900265712119486,0.20997342878805136,INSUFFICIENT DATA,,
48497,Wise County,TX,103.5,15.0,15.525,72359.0,TX,WISE,0.0,,-1.0,2.80487438573775,0.0,2.80487438573775,0.7838548994169914,0.21614510058300862,VALID,2307.0,Lowest Access
48499,Wood County,TX,91.5,15.2,13.908,46094.0,TX,WOOD,0.0,,-1.0,2.701897981617012,0.0,2.701897981617012,0.7550769408371621,0.24492305916283785,VALID,2251.0,Lowest Access
48501,Yoakum County,TX,81.9,21.2,17.3628,7589.0,TX,YOAKUM,0.0,,-1.0,2.910326879011194,0.0,2.910326879011194,0.8133248300236644,0.1866751699763356,INSUFFICIENT DATA,,
48503,Young County,TX,87.6,20.2,17.695199999999996,17963.0,TX,YOUNG,0.0,,-1.0,2.9282668064194595,0.0,2.9282668064194595,0.8183383522211853,0.18166164777881466,VALID,2363.0,Lowest Access
48505,Zapata County,TX,78.1,27.7,21.6337,13855.0,TX,ZAPATA,0.0,,-1.0,3.119439946059868,0.0,3.119439946059868,0.8717639184091158,0.12823608159088418,VALID,2413.0,Lowest Access
48507,Zavala County,TX,101.7,13.1,13.3227,9532.0,TX,ZAVALA,0.0,,-1.0,2.6618456912456896,0.0,2.6618456912456896,0.7438838606050949,0.2561161393949051,INSUFFICIENT DATA,,
00048,Texas,TX,82.0,,,,TX,TEXAS,0.0,,-1.0,,0.0,,,,VALID,,
00000,United States,US,77.5,,,,US,UNITED STATES,0.0,,-1.0,,0.0,,,,VALID,,
49001,Beaver County,UT,65.4,19.9,13.0146,7172.0,UT,BEAVER,0.0,,-1.0,2.6400996433603634,0.0,2.6400996433603634,0.737806673596456,0.262193326403544,INSUFFICIENT DATA,,
49003,Box Elder County,UT,67.1,7.9,5.3009,59725.0,UT,BOX ELDER,0.0,,-1.0,1.8406924803372342,0.0,1.8406924803372342,0.5144030072679544,0.4855969927320456,VALID,1259.0,Moderate Access
49005,Cache County,UT,67.7,6.8,4.6036,137031.0,UT,CACHE,0.0,,-1.0,1.7234092483398218,0.0,1.7234092483398218,0.48162683857815736,0.5183731614218426,VALID,1101.0,Moderate Access
49007,Carbon County,UT,67.0,7.7,5.159,20446.0,UT,CARBON,0.0,,-1.0,1.817914426704906,0.0,1.817914426704906,0.5080374142026567,0.4919625857973433,VALID,1232.0,Moderate Access
49009,Daggett County,UT,52.9,6.3,3.3327,747.0,UT,DAGGETT,0.0,,-1.0,1.466190904265759,0.0,1.466190904265759,0.4097441688059964,0.5902558311940036,INSUFFICIENT DATA,,
49011,Davis County,UT,67.9,5.9,4.006100000000001,366742.0,UT,DAVIS,2.0,13.45,0.3333333333333333,1.6106571688388298,0.5108256237659907,1.2898847720849504,0.3604733614536604,0.6395266385463396,VALID,478.0,Good Access
49013,Duchesne County,UT,64.7,11.9,7.699300000000001,19932.0,UT,DUCHESNE,0.0,,-1.0,2.1632425626533625,0.0,2.1632425626533625,0.6045433941660115,0.39545660583398845,VALID,1715.0,Low Access
49015,Emery County,UT,61.8,7.2,4.4496,9968.0,UT,EMERY,0.0,,-1.0,1.6955422114862322,0.0,1.6955422114862322,0.473839069727976,0.526160930272024,INSUFFICIENT DATA,,
49017,Garfield County,UT,64.7,12.3,7.958100000000001,5170.0,UT,GARFIELD,0.0,,-1.0,2.192558150928873,0.0,2.192558150928873,0.6127359776256825,0.38726402237431745,INSUFFICIENT DATA,,
49019,Grand County,UT,66.5,12.6,8.379,9697.0,UT,GRAND,0.0,,-1.0,2.2384731475268014,0.0,2.2384731475268014,0.6255674595711866,0.37443254042881335,INSUFFICIENT DATA,,
49021,Iron County,UT,59.9,9.3,5.5707,60201.0,UT,IRON,0.0,,-1.0,1.8826203717220797,0.0,1.8826203717220797,0.5261202461045129,0.4738797538954871,VALID,1327.0,Moderate Access
49023,Juab County,UT,67.4,7.0,4.718000000000001,12273.0,UT,JUAB,0.0,,-1.0,1.7436190939001202,0.0,1.7436190939001202,0.48727471590893984,0.5127252840910601,VALID,1128.0,Moderate Access
49025,Kane County,UT,72.6,7.8,5.6628,7996.0,UT,KANE,0.0,,-1.0,1.8965398166208156,0.0,1.8965398166208156,0.5300101975178519,0.46998980248214806,INSUFFICIENT DATA,,
49027,Millard County,UT,65.5,11.5,7.5325,13179.0,UT,MILLARD,0.0,,-1.0,2.143882401798725,0.0,2.143882401798725,0.5991329711479351,0.40086702885206493,VALID,1692.0,Moderate Access
49029,Morgan County,UT,67.3,5.0,3.365,12585.0,UT,MORGAN,0.0,,-1.0,1.4736181892915656,0.0,1.4736181892915656,0.4118198103343473,0.5881801896656527,VALID,726.0,Good Access
49031,Piute County,UT,63.8,9.7,6.188599999999999,1705.0,UT,PIUTE,0.0,,-1.0,1.9724964378917713,0.0,1.9724964378917713,0.5512371622721896,0.44876283772781045,INSUFFICIENT DATA,,
49033,Rich County,UT,67.9,7.3,4.9567000000000005,2588.0,UT,RICH,0.0,,-1.0,1.7845166364584706,0.0,1.7845166364584706,0.4987040117346229,0.5012959882653771,INSUFFICIENT DATA,,
49035,Salt Lake County,UT,67.3,9.6,6.460799999999999,1184689.0,UT,SALT LAKE,4.0,12.575,-0.38461538461538464,2.009662647071919,0.0,2.009662647071919,0.5616236934148143,0.43837630658518567,VALID,1503.0,Moderate Access
49037,San Juan County,UT,65.8,18.3,12.0414,14466.0,UT,SAN JUAN,0.0,,-1.0,2.568128912698814,0.0,2.568128912698814,0.7176936125158837,0.2823063874841163,VALID,2155.0,Low Access
49039,Sanpete County,UT,67.0,11.0,7.37,29209.0,UT,SANPETE,0.0,,-1.0,2.124653884501384,0.0,2.124653884501384,0.5937593374591377,0.40624066254086233,VALID,1670.0,Moderate Access
49041,Sevier County,UT,65.0,8.5,5.525,21854.0,UT,SEVIER,0.0,,-1.0,1.8756409532087572,0.0,1.8756409532087572,0.5241697661027818,0.47583023389721824,VALID,1314.0,Moderate Access
49043,Summit County,UT,55.9,7.0,3.913,42709.0,UT,SUMMIT,0.0,,-1.0,1.5918847531865112,0.0,1.5918847531865112,0.44487078260520796,0.555129217394792,VALID,911.0,Good Access
49045,Tooele County,UT,67.3,6.3,4.2399,76648.0,UT,TOOELE,0.0,,-1.0,1.6563024141813838,0.0,1.6563024141813838,0.46287305017075975,0.5371269498292403,VALID,1003.0,Moderate Access
49047,Uintah County,UT,59.8,13.4,8.0132,36458.0,UT,UINTAH,0.0,,-1.0,2.198690169497829,0.0,2.198690169497829,0.6144496418179306,0.3855503581820694,VALID,1757.0,Low Access
49049,Utah County,UT,67.5,7.7,5.1975,683622.0,UT,UTAH,1.0,13.8,-0.75,1.8241459849272084,0.0,1.8241459849272084,0.5097788959133498,0.4902211040866502,VALID,1243.0,Moderate Access
49051,Wasatch County,UT,67.0,7.6,5.092,35808.0,UT,WASATCH,0.0,,-1.0,1.8069764350329154,0.0,1.8069764350329154,0.504980664707753,0.49501933529224695,VALID,1213.0,Moderate Access
49053,Washington County,UT,47.7,11.9,5.6763,189827.0,UT,WASHINGTON,1.0,14.7,1.0,1.8985639418780247,0.6931471805599453,1.38549952616265,0.38719402096748823,0.6128059790325118,VALID,610.0,Good Access
49055,Wayne County,UT,59.4,11.2,6.6528,2557.0,UT,WAYNE,0.0,,-1.0,2.0350715939438953,0.0,2.0350715939438953,0.5687245203166885,0.4312754796833115,INSUFFICIENT DATA,,
49057,Weber County,UT,67.3,8.7,5.855099999999998,266183.0,UT,WEBER,2.0,14.7,1.0,1.924992900799925,1.0986122886681096,1.1004850600249898,0.3075434003112763,0.6924565996887238,VALID,260.0,Good Access
00049,Utah,UT,63.7,,,,UT,UTAH,1.0,13.8,-0.75,,0.0,,,,VALID,,
51001,Accomack County,VA,101.3,9.3,9.4209,33326.0,VA,ACCOMACK,1.0,14.3,1.0,2.3438134049561876,0.6931471805599453,1.710425596078815,0.4779984053446171,0.5220015946553829,VALID,1078.0,Moderate Access
51003,Albemarle County,VA,67.9,5.4,3.6666000000000007,113683.0,VA,ALBEMARLE,1.0,11.9,1.0,1.5404307551308216,0.6931471805599453,1.1241475908411858,0.31415617085358427,0.6858438291464157,VALID,280.0,Good Access
51005,Alleghany County,VA,78.7,6.8,5.3516,14962.0,VA,ALLEGHANY,1.0,14.2,1.0,1.8487067496698053,0.6931471805599453,1.349115649561708,0.37702612179936557,0.6229738782006344,VALID,560.0,Good Access
51007,Amelia County,VA,83.8,6.8,5.6984,13342.0,VA,AMELIA,0.0,,-1.0,1.9018686919080852,0.0,1.9018686919080852,0.5314994139417845,0.46850058605821554,VALID,1351.0,Moderate Access
51009,Amherst County,VA,95.5,6.3,6.0165,31385.0,VA,AMHERST,0.0,,-1.0,1.9482645182090534,0.0,1.9482645182090534,0.5444652693624179,0.4555347306375821,VALID,1422.0,Moderate Access
51011,Appomattox County,VA,84.3,8.8,7.4184,16424.0,VA,APPOMATTOX,0.0,,-1.0,2.1304197864444654,0.0,2.1304197864444654,0.5953706860851666,0.40462931391483337,VALID,1677.0,Moderate Access
51013,Arlington County,VA,51.3,5.3,2.7189,235463.0,VA,ARLINGTON,1.0,13.0,1.0,1.3134279256327765,0.6931471805599453,0.958489587036472,0.26786110731340035,0.7321388926865997,VALID,144.0,Highest Access
51015,Augusta County,VA,63.6,7.1,4.5156,77713.0,VA,AUGUSTA,1.0,16.5,1.0,1.7075804409854491,0.6931471805599453,1.2461270540773526,0.34824475620061585,0.6517552437993841,VALID,416.0,Good Access
51017,Bath County,VA,63.7,2.9,1.8473,4123.0,VA,BATH,0.0,,-1.0,1.046371176822419,0.0,1.046371176822419,0.2924206437662779,0.707579356233722,INSUFFICIENT DATA,,
51019,Bedford County County,VA,87.4,6.0,5.244000000000001,80254.0,VA,BEDFORD,1.0,12.2,1.0,1.8316210026531858,0.6931471805599453,1.3366471232858719,0.3735416465374714,0.6264583534625285,VALID,543.0,Good Access
51021,Bland County,VA,86.6,2.7,2.3382,6211.0,VA,BLAND,0.0,,-1.0,1.20543173956218,0.0,1.20543173956218,0.3368719753630016,0.6631280246369984,INSUFFICIENT DATA,,
51023,Botetourt County,VA,93.2,4.5,4.194,33875.0,VA,BOTETOURT,0.0,,-1.0,1.6475041132405566,0.0,1.6475041132405566,0.46041426223569915,0.5395857377643009,VALID,995.0,Moderate Access
51025,Brunswick County,VA,86.7,6.3,5.4621,15868.0,VA,BRUNSWICK,0.0,,-1.0,1.8659543423676817,0.0,1.8659543423676817,0.521462729593364,0.47853727040663596,VALID,1297.0,Moderate Access
51027,Buchanan County,VA,79.8,5.7,4.5486,19857.0,VA,BUCHANAN,0.0,,-1.0,1.7135456436851402,0.0,1.7135456436851402,0.47887033908078297,0.5211296609192171,VALID,1084.0,Moderate Access
51029,Buckingham County,VA,67.2,9.6,6.4512,16914.0,VA,BUCKINGHAM,0.0,,-1.0,2.008375093245976,0.0,2.008375093245976,0.5612638714634782,0.4387361285365218,VALID,1501.0,Moderate Access
51031,Campbell County,VA,85.3,5.0,4.265,55398.0,VA,CAMPBELL,0.0,,-1.0,1.6610811455859387,0.0,1.6610811455859387,0.4642085224626759,0.535791477537324,VALID,1008.0,Moderate Access
51033,Caroline County,VA,68.8,6.6,4.5408,31541.0,VA,CAROLINE,0.0,,-1.0,1.7121388946660203,0.0,1.7121388946660203,0.4784772066408797,0.5215227933591202,VALID,1083.0,Moderate Access
51035,Carroll County,VA,93.9,8.8,8.263200000000001,29158.0,VA,CARROLL,0.0,,-1.0,2.2260495613159264,0.0,2.2260495613159264,0.6220955433352079,0.3779044566647921,VALID,1794.0,Low Access
51036,Charles City County,VA,77.9,5.1,3.9729,6686.0,VA,CHARLES CITY,0.0,,-1.0,1.6040031709440548,0.0,1.6040031709440548,0.44825741595347246,0.5517425840465275,INSUFFICIENT DATA,,
51037,Charlotte County,VA,111.0,5.9,6.549000000000001,11475.0,VA,CHARLOTTE,0.0,,-1.0,2.021415104157488,0.0,2.021415104157488,0.5649080547799983,0.4350919452200017,VALID,1515.0,Moderate Access
51041,Chesterfield County,VA,77.8,6.9,5.368200000000001,371610.0,VA,CHESTERFIELD,1.0,12.3,1.0,1.8513168550840673,0.6931471805599453,1.351020404905959,0.37755842792201183,0.6224415720779881,VALID,567.0,Good Access
51043,Clarke County,VA,120.2,5.9,7.091800000000001,15060.0,VA,CLARKE,0.0,,-1.0,2.090851203231399,0.0,2.090851203231399,0.5843127834666888,0.4156872165333112,VALID,1622.0,Moderate Access
51045,Craig County,VA,92.4,2.8,2.5872,4881.0,VA,CRAIG,0.0,,-1.0,1.2773719538957038,0.0,1.2773719538957038,0.3569765082993701,0.6430234917006299,INSUFFICIENT DATA,,
51047,Culpeper County,VA,82.4,11.1,9.1464,53563.0,VA,CULPEPER,1.0,13.0,1.0,2.3171189627710826,0.6931471805599453,1.6909450106832797,0.4725543282823978,0.5274456717176021,VALID,1053.0,Moderate Access
51049,Cumberland County,VA,76.0,5.5,4.18,9745.0,VA,CUMBERLAND,0.0,,-1.0,1.6448050562713916,0.0,1.6448050562713916,0.459659979248966,0.540340020751034,INSUFFICIENT DATA,,
51051,Dickenson County,VA,94.1,4.6,4.3286,13920.0,VA,DICKENSON,0.0,,-1.0,1.6730885395103763,0.0,1.6730885395103763,0.46756412890436144,0.5324358710956385,VALID,1025.0,Moderate Access
51053,Dinwiddie County,VA,72.2,6.5,4.6930000000000005,28083.0,VA,DINWIDDIE,0.0,,-1.0,1.7392373499689449,0.0,1.7392373499689449,0.4860501864020546,0.5139498135979454,VALID,1117.0,Moderate Access
51057,Essex County,VA,68.8,10.1,6.9488,10604.0,VA,ESSEX,1.0,11.6,1.0,2.0730209738769134,0.6931471805599453,1.5128116118072912,0.42277286991522794,0.577227130084772,VALID,786.0,Good Access
51059,Fairfax County County,VA,53.8,7.4,3.9812,1144474.0,VA,FAIRFAX,4.0,10.95,0.42857142857142855,1.6056708258648562,0.9985288301111271,0.980586901057407,0.2740364597453453,0.7259635402546547,VALID,160.0,Highest Access
51061,Fauquier County,VA,107.9,7.5,8.0925,73935.0,VA,FAUQUIER,1.0,11.4,1.0,2.207449897879007,0.6931471805599453,1.6109127114854087,0.45018836773997684,0.5498116322600232,VALID,940.0,Good Access
51063,Floyd County,VA,90.4,7.2,6.508800000000001,15560.0,VA,FLOYD,0.0,,-1.0,2.016075666058016,0.0,2.016075666058016,0.5634158864548545,0.4365841135451455,VALID,1511.0,Moderate Access
51065,Fluvanna County,VA,61.3,7.4,4.5362,27764.0,VA,FLUVANNA,0.0,,-1.0,1.711308344830428,0.0,1.711308344830428,0.47824509979105095,0.521754900208949,VALID,1080.0,Moderate Access
51067,Franklin County County,VA,92.4,6.6,6.098400000000001,54958.0,VA,FRANKLIN,1.0,12.5,1.0,1.959869406538991,0.6931471805599453,1.4302379151973275,0.3996966861902774,0.6003033138097227,VALID,671.0,Good Access
51069,Frederick County,VA,98.0,7.3,7.154,93355.0,VA,FREDERICK,0.0,,-1.0,2.0985086043970615,0.0,2.0985086043970615,0.5864527336373725,0.4135472663626275,VALID,1634.0,Moderate Access
51071,Giles County,VA,84.0,7.8,6.552,16610.0,VA,GILES,0.0,,-1.0,2.0218124288431993,0.0,2.0218124288431993,0.565019091802953,0.43498090819704704,VALID,1516.0,Moderate Access
51073,Gloucester County,VA,82.1,4.0,3.284,39228.0,VA,GLOUCESTER,1.0,13.4,1.0,1.4548871525855023,0.6931471805599453,1.0617211335707777,0.2967103684199811,0.7032896315800189,VALID,223.0,Highest Access
51075,Goochland County,VA,69.2,2.4,1.6608,25613.0,VA,GOOCHLAND,0.0,,-1.0,0.9786268294565261,0.0,0.9786268294565261,0.27348869484885974,0.7265113051511403,VALID,156.0,Highest Access
51077,Grayson County,VA,88.5,8.6,7.611000000000001,15323.0,VA,GRAYSON,0.0,,-1.0,2.153040455714028,0.0,2.153040455714028,0.6016922962525233,0.3983077037474767,VALID,1703.0,Moderate Access
51079,Greene County,VA,72.2,7.3,5.270600000000001,20850.0,VA,GREENE,0.0,,-1.0,1.835872043846376,0.0,1.835872043846376,0.5130558800026834,0.48694411999731657,VALID,1255.0,Moderate Access
51081,Greensville County,VA,157.9,6.2,9.7898,11304.0,VA,GREENSVILLE,0.0,,-1.0,2.3786012434170694,0.0,2.3786012434170694,0.6647278922337245,0.3352721077662755,VALID,1974.0,Low Access
51083,Halifax County,VA,102.5,8.8,9.02,33811.0,VA,HALIFAX,1.0,14.5,1.0,2.3045830956567186,0.6931471805599453,1.6817968131620475,0.469997757662225,0.530002242337775,VALID,1042.0,Moderate Access
51085,Hanover County,VA,68.0,4.2,2.8560000000000003,111652.0,VA,HANOVER,1.0,13.7,1.0,1.3496303767482993,0.6931471805599453,0.9849087545767906,0.2752442521773191,0.7247557478226809,VALID,165.0,Highest Access
51087,Henrico County,VA,78.1,6.6,5.154599999999999,334434.0,VA,HENRICO,1.0,14.7,1.0,1.8171997697098325,0.6931471805599453,1.3261230577176968,0.3706005735256653,0.6293994264743348,VALID,526.0,Good Access
51089,Henry County,VA,116.2,6.1,7.0882,50365.0,VA,HENRY,0.0,,-1.0,2.0904062094045255,0.0,2.0904062094045255,0.5841884247456071,0.41581157525439294,VALID,1621.0,Moderate Access
51091,Highland County,VA,62.1,7.2,4.4712,2265.0,VA,HIGHLAND,0.0,,-1.0,1.6994979708017492,0.0,1.6994979708017492,0.47494455285982284,0.5250554471401772,INSUFFICIENT DATA,,
51093,Isle of Wight County,VA,102.5,4.2,4.305,39444.0,VA,ISLE OF WIGHT,0.0,,-1.0,1.6686497720659463,0.0,1.6686497720659463,0.4663236635108376,0.5336763364891624,VALID,1019.0,Moderate Access
51095,James City County,VA,85.3,4.2,3.5826,80046.0,VA,JAMES CITY,2.0,11.95,0.3333333333333333,1.5222665226431051,0.5108256237659907,1.2190976730495862,0.34069108005220944,0.6593089199477906,VALID,385.0,Good Access
51097,King and Queen County,VA,81.1,5.0,4.055,6676.0,VA,KING AND QUEEN,0.0,,-1.0,1.6203778524724346,0.0,1.6203778524724346,0.45283351191259236,0.5471664880874076,INSUFFICIENT DATA,,
51099,King George County,VA,68.1,3.8,2.5878,27468.0,VA,KING GEORGE,0.0,,-1.0,1.2775392012828533,0.0,1.2775392012828533,0.3570232475346451,0.6429767524653549,VALID,462.0,Good Access
51101,King William County,VA,75.0,4.6,3.45,18232.0,VA,KING WILLIAM,0.0,,-1.0,1.4929040961781488,0.0,1.4929040961781488,0.41720948221399257,0.5827905177860074,VALID,756.0,Good Access
51103,Lancaster County,VA,78.7,6.1,4.8007,10876.0,VA,LANCASTER,1.0,11.4,1.0,1.7579785999251356,0.6931471805599453,1.2829057075586434,0.35852298037773417,0.6414770196222659,VALID,472.0,Good Access
51105,Lee County,VA,68.4,9.4,6.429600000000001,22042.0,VA,LEE,0.0,,-1.0,2.0054720214796617,0.0,2.0054720214796617,0.5604525741594152,0.4395474258405848,VALID,1493.0,Moderate Access
51107,Loudoun County,VA,47.2,5.1,2.4072,427082.0,VA,LOUDOUN,2.0,11.45,1.0,1.2258908396268666,1.0986122886681096,0.7008205348031433,0.19585248188324478,0.8041475181167552,VALID,43.0,Highest Access
51109,Louisa County,VA,65.2,6.4,4.1728000000000005,39012.0,VA,LOUISA,0.0,,-1.0,1.6434141279890317,0.0,1.6434141279890317,0.459271268098688,0.540728731901312,VALID,986.0,Moderate Access
51111,Lunenburg County,VA,107.6,9.3,10.0068,11990.0,VA,LUNENBURG,0.0,,-1.0,2.3985132636208815,0.0,2.3985132636208815,0.670292538790951,0.32970746120904904,VALID,1997.0,Low Access
51113,Madison County,VA,82.0,5.3,4.346,13931.0,VA,MADISON,0.0,,-1.0,1.6763486177167273,0.0,1.6763486177167273,0.46847519582683206,0.5315248041731679,VALID,1031.0,Moderate Access
51115,Mathews County,VA,92.3,7.4,6.8302,8517.0,VA,MATHEWS,0.0,,-1.0,2.0579880524606637,0.0,2.0579880524606637,0.5751287922430872,0.4248712077569128,INSUFFICIENT DATA,,
51117,Mecklenburg County,VA,103.4,6.7,6.927800000000001,30431.0,VA,MECKLENBURG,1.0,13.9,1.0,2.0703755696660893,0.6931471805599453,1.5108810967481143,0.4222333649394513,0.5777666350605487,VALID,785.0,Good Access
51119,Middlesex County,VA,83.7,6.5,5.440500000000001,10774.0,VA,MIDDLESEX,0.0,,-1.0,1.8626061768540056,0.0,1.8626061768540056,0.5205270456442721,0.4794729543557279,VALID,1291.0,Moderate Access
51121,Montgomery County,VA,83.4,5.0,4.17,99159.0,VA,MONTGOMERY,2.0,13.899999999999999,1.0,1.6428726885203377,1.0986122886681096,0.939201826920208,0.26247091752708074,0.7375290824729193,VALID,129.0,Highest Access
51125,Nelson County,VA,73.2,7.7,5.6364,14777.0,VA,NELSON,0.0,,-1.0,1.8925696477870633,0.0,1.8925696477870633,0.5289006874778753,0.47109931252212467,VALID,1341.0,Moderate Access
51127,New Kent County,VA,77.5,3.8,2.945,24139.0,VA,NEW KENT,0.0,,-1.0,1.3724489542978375,0.0,1.3724489542978375,0.383546886269249,0.616453113730751,VALID,596.0,Good Access
51131,Northampton County,VA,89.9,8.2,7.371799999999999,12115.0,VA,NORTHAMPTON,0.0,,-1.0,2.124868915144079,0.0,2.124868915144079,0.5938194302831367,0.40618056971686334,VALID,1671.0,Moderate Access
51133,Northumberland County,VA,78.2,6.6,5.1612,12085.0,VA,NORTHUMBERLAND,0.0,,-1.0,1.8182715637681655,0.0,1.8182715637681655,0.5081372203252491,0.4918627796747509,VALID,1233.0,Moderate Access
51135,Nottoway County,VA,91.6,10.8,9.8928,15597.0,VA,NOTTOWAY,0.0,,-1.0,2.3881020205168086,0.0,2.3881020205168086,0.6673829953341582,0.33261700466584176,VALID,1982.0,Low Access
51137,Orange County,VA,70.8,6.5,4.602,37208.0,VA,ORANGE,0.0,,-1.0,1.7231236768379168,0.0,1.7231236768379168,0.4815470322873515,0.5184529677126485,VALID,1100.0,Moderate Access
51139,Page County,VA,91.6,8.6,7.877599999999998,23750.0,VA,PAGE,0.0,,-1.0,2.183531250204217,0.0,2.183531250204217,0.6102133048116872,0.38978669518831277,VALID,1736.0,Low Access
51141,Patrick County,VA,101.9,5.6,5.7064,17606.0,VA,PATRICK,0.0,,-1.0,1.9030622943415105,0.0,1.9030622943415105,0.5318329800794176,0.4681670199205824,VALID,1355.0,Moderate Access
51143,Pittsylvania County,VA,87.9,5.5,4.8345,60148.0,VA,PITTSYLVANIA,0.0,,-1.0,1.763788572264025,0.0,1.763788572264025,0.4929113121553252,0.5070886878446748,VALID,1154.0,Moderate Access
51145,Powhatan County,VA,72.7,4.8,3.4896,31074.0,VA,POWHATAN,0.0,,-1.0,1.5017636109260046,0.0,1.5017636109260046,0.4196853770622167,0.5803146229377834,VALID,769.0,Good Access
51147,Prince Edward County,VA,99.0,6.1,6.039,21932.0,VA,PRINCE EDWARD,1.0,15.3,1.0,1.9514661146259944,0.6931471805599453,1.424105513382013,0.3979829148953595,0.6020170851046405,VALID,661.0,Good Access
51149,Prince George County,VA,74.3,3.9,2.8977,42873.0,VA,PRINCE GEORGE,0.0,,-1.0,1.3603866355787055,0.0,1.3603866355787055,0.3801759304523331,0.6198240695476669,VALID,579.0,Good Access
51153,Prince William County,VA,63.2,10.1,6.3832,484625.0,VA,PRINCE WILLIAM,2.0,12.75,1.0,1.99920714896923,1.0986122886681096,1.1429120587517743,0.31940012052258127,0.6805998794774187,VALID,303.0,Good Access
51155,Pulaski County,VA,88.1,5.8,5.1098,33771.0,VA,PULASKI,1.0,13.3,1.0,1.8098940394235377,0.6931471805599453,1.3207916145007141,0.36911063946378886,0.6308893605362111,VALID,517.0,Good Access
51157,Rappahannock County,VA,106.9,10.6,11.3314,7409.0,VA,RAPPAHANNOCK,0.0,,-1.0,2.5121488549317337,0.0,2.5121488549317337,0.7020493316976429,0.29795066830235706,INSUFFICIENT DATA,,
51159,Richmond County County,VA,74.6,6.8,5.0728,9047.0,VA,RICHMOND,0.0,,-1.0,1.8038197837204213,0.0,1.8038197837204213,0.5040985016384794,0.49590149836152064,INSUFFICIENT DATA,,
51161,Roanoke County County,VA,100.5,4.4,4.422000000000001,96793.0,VA,ROANOKE,0.0,,-1.0,1.6904647510764739,0.0,1.6904647510764739,0.47242011412731794,0.5275798858726821,VALID,1052.0,Moderate Access
51163,Rockbridge County,VA,70.5,5.3,3.7365,22578.0,VA,ROCKBRIDGE,0.0,,-1.0,1.5552984663334521,0.0,1.5552984663334521,0.4346463175286007,0.5653536824713993,VALID,850.0,Good Access
51165,Rockingham County,VA,72.9,9.7,7.0713,84739.0,VA,ROCKINGHAM,0.0,,-1.0,2.088314559766671,0.0,2.088314559766671,0.5836038888302616,0.4163961111697384,VALID,1619.0,Moderate Access
51167,Russell County,VA,76.2,4.7,3.5814000000000004,25635.0,VA,RUSSELL,0.0,,-1.0,1.5220046282723372,0.0,1.5220046282723372,0.4253419657125972,0.5746580342874028,VALID,802.0,Good Access
51169,Scott County,VA,64.6,6.1,3.9406,21504.0,VA,SCOTT,0.0,,-1.0,1.5974867813143458,0.0,1.5974867813143458,0.4464363347800231,0.5535636652199769,VALID,921.0,Good Access
51171,Shenandoah County,VA,95.2,6.9,6.568800000000001,44630.0,VA,SHENANDOAH,0.0,,-1.0,2.0240345344080977,0.0,2.0240345344080977,0.5656400851504354,0.4343599148495646,VALID,1518.0,Moderate Access
51173,Smyth County,VA,80.5,5.3,4.2665,29585.0,VA,SMYTH,0.0,,-1.0,1.6613660052944597,0.0,1.6613660052944597,0.46428812983450907,0.5357118701654909,VALID,1009.0,Moderate Access
51175,Southampton County,VA,107.9,5.2,5.6108,17988.0,VA,SOUTHAMPTON,0.0,,-1.0,1.8887046752845342,0.0,1.8887046752845342,0.5278205757810293,0.47217942421897074,VALID,1335.0,Moderate Access
51177,Spotsylvania County,VA,70.5,6.7,4.7235000000000005,143876.0,VA,SPOTSYLVANIA,1.0,12.1,1.0,1.7445805063763942,0.6931471805599453,1.2731282900833585,0.35579056689404387,0.6442094331059561,VALID,454.0,Good Access
51179,Stafford County,VA,69.9,6.7,4.6833,160520.0,VA,STAFFORD,1.0,13.6,1.0,1.737532049941577,0.6931471805599453,1.2679845955070475,0.35435310138213094,0.6456468986178691,VALID,447.0,Good Access
51181,Surry County,VA,90.1,3.7,3.3337,6552.0,VA,SURRY,0.0,,-1.0,1.4664216805983628,0.0,1.4664216805983628,0.40980866194690163,0.5901913380530983,INSUFFICIENT DATA,,
51183,Sussex County,VA,99.1,5.1,5.054099999999999,10793.0,VA,SUSSEX,0.0,,-1.0,1.800735728467731,0.0,1.800735728467731,0.5032366263858169,0.4967633736141831,VALID,1202.0,Moderate Access
51185,Tazewell County,VA,79.3,4.7,3.7271,39933.0,VA,TAZEWELL,1.0,13.2,0.0,1.5533119066539725,0.0,1.5533119066539725,0.4340911502292513,0.5659088497707487,VALID,847.0,Good Access
51187,Warren County,VA,106.4,9.7,10.320799999999998,41104.0,VA,WARREN,1.0,13.5,1.0,2.4266417416560246,0.6931471805599453,1.7708705559346036,0.49489045518789776,0.5051095448121022,VALID,1161.0,Moderate Access
51191,Washington County,VA,76.3,7.2,5.4936,53913.0,VA,WASHINGTON,1.0,16.2,1.0,1.8708170764648289,0.6931471805599453,1.3652509224498595,0.38153531221841563,0.6184646877815844,VALID,585.0,Good Access
51193,Westmoreland County,VA,66.0,7.5,4.95,18683.0,VA,WESTMORELAND,0.0,,-1.0,1.7833912195575383,0.0,1.7833912195575383,0.49838950084024275,0.5016104991597572,VALID,1173.0,Moderate Access
51195,Wise County,VA,92.6,6.6,6.111599999999999,35727.0,VA,WISE,1.0,13.4,1.0,1.9617272536602794,0.6931471805599453,1.4315937011413509,0.40007557640375263,0.5999244235962473,VALID,672.0,Good Access
51197,Wythe County,VA,83.9,6.0,5.034000000000001,28219.0,VA,WYTHE,1.0,13.4,1.0,1.7974101407368694,0.6931471805599453,1.3116813415551887,0.36656466730913995,0.63343533269086,VALID,508.0,Good Access
51199,York County,VA,83.8,3.7,3.1006,70590.0,VA,YORK,0.0,,-1.0,1.4111333044668093,0.0,1.4111333044668093,0.394357679638427,0.6056423203615731,VALID,642.0,Good Access
51510,Alexandria City,VA,62.8,8.7,5.463599999999999,156788.0,VA,ALEXANDRIA CITY,1.0,11.4,1.0,1.8661864381159554,0.6931471805599453,1.361871659262206,0.38059093766120533,0.6194090623387947,VALID,581.0,Good Access
51520,Bristol City,VA,79.7,11.2,8.9264,17024.0,VA,BRISTOL CITY,0.0,,-1.0,2.295197874560028,0.0,2.295197874560028,0.641419846911303,0.35858015308869695,VALID,1870.0,Low Access
51530,Buena Vista City,VA,59.4,5.1,3.0294,6612.0,VA,BUENA VISTA CITY,0.0,,-1.0,1.393617481499672,0.0,1.393617481499672,0.38946267837921733,0.6105373216207827,INSUFFICIENT DATA,,
51540,Charlottesville City,VA,64.6,5.8,3.7468,45863.0,VA,CHARLOTTESVILLE CITY,1.0,11.8,1.0,1.557470706808847,0.6931471805599453,1.1365826974262108,0.3176313065926418,0.6823686934073582,VALID,296.0,Good Access
51550,Chesapeake City,VA,103.0,6.6,6.797999999999999,251153.0,VA,CHESAPEAKE CITY,1.0,11.9,1.0,2.0538672905604054,0.6931471805599453,1.4988339845207217,0.4188666587542172,0.5811333412457829,VALID,766.0,Good Access
51570,Colonial Heights City,VA,81.5,7.4,6.031000000000001,18210.0,VA,COLONIAL HEIGHTS CITY,0.0,,-1.0,1.9503289432170243,0.0,1.9503289432170243,0.5450421970370423,0.45495780296295774,VALID,1428.0,Moderate Access
51580,Covington City,VA,84.7,6.4,5.420800000000001,5671.0,VA,COVINGTON CITY,0.0,,-1.0,1.8595427205305153,0.0,1.8595427205305153,0.5196709270029068,0.48032907299709315,INSUFFICIENT DATA,,
51590,Danville City,VA,89.9,9.0,8.091000000000001,42239.0,VA,DANVILLE CITY,1.0,15.7,0.0,2.207284913139721,0.0,2.207284913139721,0.6168515432888794,0.38314845671112063,VALID,1766.0,Low Access
51595,Emporia City,VA,175.2,3.9,6.8328,5633.0,VA,EMPORIA CITY,0.0,,-1.0,2.0583200450577244,0.0,2.0583200450577244,0.5752215714509903,0.4247784285490097,INSUFFICIENT DATA,,
51600,Fairfax City,VA,61.7,7.4,4.5658,24478.0,VA,FAIRFAX CITY,0.0,,-1.0,1.7166407300111137,0.0,1.7166407300111137,0.47973529709568347,0.5202647029043166,VALID,1088.0,Moderate Access
51610,Falls Church City,VA,62.7,1.4,0.8778,14593.0,VA,FALLS CHURCH CITY,0.0,,-1.0,0.63010087884231,0.0,0.63010087884231,0.17608904823649957,0.8239109517635004,VALID,27.0,Highest Access
51620,Franklin City,VA,150.4,3.5,5.263999999999999,8212.0,VA,FRANKLIN CITY,1.0,14.7,1.0,1.8348189586885018,0.6931471805599453,1.3389808695842642,0.3741938391915499,0.6258061608084501,VALID,545.0,Good Access
51630,Fredericksburg City,VA,69.9,7.9,5.5221,28383.0,VA,FREDERICKSBURG CITY,1.0,12.9,1.0,1.875196409969607,0.6931471805599453,1.3684467929506847,0.3824284355478282,0.6175715644521718,VALID,589.0,Good Access
51640,Galax City,VA,92.9,7.4,6.8746,6698.0,VA,GALAX CITY,1.0,13.6,1.0,2.063642389770862,0.6931471805599453,1.5059674789612005,0.42086019707292605,0.579139802927074,VALID,776.0,Good Access
51650,Hampton City,VA,97.1,6.9,6.6999,137334.0,VA,HAMPTON CITY,1.0,12.2,0.0,2.0412073417623193,0.0,2.0412073417623193,0.5704392266912465,0.42956077330875353,VALID,1541.0,Moderate Access
51660,Harrisonburg City,VA,87.3,10.2,8.904599999999999,51492.0,VA,HARRISONBURG CITY,1.0,13.0,1.0,2.292999295690449,0.6931471805599453,1.673343397919918,0.4676353520628717,0.5323646479371282,VALID,1026.0,Moderate Access
51670,Hopewell City,VA,100.2,6.6,6.613199999999999,22944.0,VA,HOPEWELL CITY,1.0,14.2,1.0,2.029883582831492,0.6931471805599453,1.4813315897047938,0.41397541014866257,0.5860245898513374,VALID,736.0,Good Access
51678,Lexington City,VA,79.9,2.1,1.6779000000000002,7420.0,VA,LEXINGTON CITY,1.0,15.2,1.0,0.9850329052722999,0.6931471805599453,0.7188394309013326,0.20088807280327678,0.7991119271967232,VALID,47.0,Highest Access
51680,Lynchburg City,VA,104.9,6.5,6.8185,79255.0,VA,LYNCHBURG CITY,1.0,11.9,1.0,2.056492720301428,0.6931471805599453,1.5007499229739516,0.41940209012725194,0.5805979098727481,VALID,768.0,Good Access
51683,Manassas City,VA,86.8,20.1,17.4468,42674.0,VA,MANASSAS CITY,1.0,15.8,1.0,2.9148909137093617,0.6931471805599453,2.12717617283158,0.5944642203855959,0.4055357796144041,VALID,1674.0,Moderate Access
51685,Manassas Park City,VA,54.7,21.5,11.7605,16923.0,VA,MANASSAS PARK CITY,0.0,,-1.0,2.546354462101912,0.0,2.546354462101912,0.7116084880378385,0.2883915119621615,VALID,2135.0,Low Access
51690,Martinsville City,VA,182.5,8.7,15.877499999999998,13584.0,VA,MARTINSVILLE CITY,0.0,,-1.0,2.8259813739338884,0.0,2.8259813739338884,0.7897534937332312,0.21024650626676877,VALID,2318.0,Lowest Access
51700,Newport News City,VA,94.5,8.7,8.221499999999999,184774.0,VA,NEWPORT NEWS CITY,2.0,13.0,1.0,2.2215377141407235,1.0986122886681096,1.2700145874190063,0.3549204063260018,0.6450795936739981,VALID,449.0,Good Access
51710,Norfolk City,VA,104.8,9.1,9.5368,235037.0,VA,NORFOLK CITY,2.0,14.350000000000001,0.3333333333333333,2.3548738917026997,0.5108256237659907,1.8858861040413535,0.5270328931348626,0.47296710686513743,VALID,1331.0,Moderate Access
51720,Norton City,VA,96.5,8.5,8.2025,3620.0,VA,NORTON CITY,0.0,,-1.0,2.219475186271039,0.0,2.219475186271039,0.6202582574603953,0.3797417425396047,INSUFFICIENT DATA,,
51730,Petersburg City,VA,97.6,8.2,8.0032,33365.0,VA,PETERSBURG CITY,1.0,13.7,-0.3333333333333333,2.1975800696968775,0.0,2.1975800696968775,0.6141394114659966,0.3858605885340034,VALID,1755.0,Low Access
51735,Poquoson City,VA,91.7,2.8,2.5676,12556.0,VA,POQUOSON CITY,0.0,,-1.0,1.2718931008099152,0.0,1.2718931008099152,0.35544537882836114,0.6445546211716389,VALID,451.0,Good Access
51740,Portsmouth City,VA,106.3,6.6,7.0158,97299.0,VA,PORTSMOUTH CITY,1.0,13.0,0.0,2.0814145939314495,0.0,2.0814145939314495,0.5816756128071892,0.41832438719281084,VALID,1605.0,Moderate Access
51750,Radford City,VA,88.7,6.2,5.4994000000000005,16505.0,VA,RADFORD CITY,0.0,,-1.0,1.8717098649486665,0.0,1.8717098649486665,0.523071177585456,0.47692882241454404,VALID,1307.0,Moderate Access
51760,Richmond City,VA,92.3,9.8,9.0454,227595.0,VA,RICHMOND CITY,3.0,13.033333333333333,0.4,2.307114818280442,0.7884573603642703,1.5979149838326507,0.44655600097385434,0.5534439990261457,VALID,923.0,Good Access
51770,Roanoke City,VA,106.7,9.6,10.2432,98677.0,VA,ROANOKE CITY,1.0,17.7,0.0,2.419763501455796,0.0,2.419763501455796,0.676231165891463,0.32376883410853696,VALID,2019.0,Low Access
51775,Salem City,VA,106.8,5.5,5.874,25477.0,VA,SALEM CITY,1.0,12.2,0.0,1.9277461784276422,0.0,1.9277461784276422,0.53873117971928,0.46126882028072,VALID,1385.0,Moderate Access
51790,Staunton City,VA,86.9,7.2,6.256800000000001,25765.0,VA,STAUNTON CITY,0.0,,-1.0,1.9819389603185975,0.0,1.9819389603185975,0.5538759854240419,0.44612401457595807,VALID,1466.0,Moderate Access
51800,Suffolk City,VA,99.7,6.2,6.1814,96638.0,VA,SUFFOLK CITY,1.0,12.9,1.0,1.9714943501252427,0.6931471805599453,1.4387213554835088,0.4020674826387913,0.5979325173612087,VALID,680.0,Good Access
51810,Virginia Beach City,VA,102.5,6.5,6.6625,457066.0,VA,VIRGINIA BEACH CITY,2.0,12.8,0.3333333333333333,2.03633830126233,0.5108256237659907,1.6307888583796135,0.4557429890819434,0.5442570109180567,VALID,967.0,Good Access
51820,Waynesboro City,VA,65.3,9.2,6.007599999999999,22574.0,VA,WAYNESBORO CITY,0.0,,-1.0,1.9469952743795298,0.0,1.9469952743795298,0.5441105643533859,0.4558894356466141,VALID,1418.0,Moderate Access
51830,Williamsburg City,VA,75.9,5.1,3.8709,15564.0,VA,WILLIAMSBURG CITY,0.0,,-1.0,1.5832787249483027,0.0,1.5832787249483027,0.4424657275220491,0.5575342724779508,VALID,891.0,Good Access
51840,Winchester City,VA,116.6,11.4,13.2924,27981.0,VA,WINCHESTER CITY,1.0,16.0,0.0,2.659727927454934,0.0,2.659727927454934,0.7432920267847882,0.25670797321521177,VALID,2226.0,Lowest Access
00051,Virginia,VA,80.7,,,,VA,VIRGINIA,0.0,,-1.0,,0.0,,,,VALID,,
00078,Virgin Islands of the U.S.,VI,76.0,,,,VI,VIRGIN ISLANDS OF THE U.S.,0.0,,-1.0,,0.0,,,,VALID,,
50001,Addison County,VT,47.8,4.6,2.1988,37497.0,VT,ADDISON,0.0,,-1.0,1.1627757394755978,0.0,1.1627757394755978,0.32495125804766817,0.6750487419523319,VALID,323.0,Good Access
50003,Bennington County,VT,60.7,5.0,3.035,37312.0,VT,BENNINGTON,1.0,13.7,1.0,1.395006301721912,0.6931471805599453,1.0180223733301017,0.28449823960334863,0.7155017603966514,VALID,188.0,Highest Access
50005,Caledonia County,VT,56.4,4.1,2.3124,30425.0,VT,CALEDONIA,1.0,15.1,1.0,1.197673002177408,0.6931471805599453,0.8740160604615579,0.24425399392056235,0.7557460060794376,VALID,100.0,Highest Access
50007,Chittenden County,VT,52.2,3.3,1.7226,168831.0,VT,CHITTENDEN,1.0,10.7,2.0,1.0015873060962357,1.0986122886681096,0.5725900943382984,0.16001698795743396,0.839983012042566,VALID,21.0,Highest Access
50009,Essex County,VT,60.2,5.8,3.4916,5972.0,VT,ESSEX,0.0,,-1.0,1.5022089857162466,0.0,1.5022089857162466,0.4198098422479602,0.5801901577520399,INSUFFICIENT DATA,,
50011,Franklin County,VT,50.4,3.9,1.9656,50379.0,VT,FRANKLIN,1.0,18.1,1.0,1.0870793728543855,0.6931471805599453,0.7933090494182081,0.2216994772743592,0.7783005227256408,VALID,73.0,Highest Access
50013,Grand Isle County,VT,53.8,3.9,2.0982,7393.0,VT,GRAND ISLE,0.0,,-1.0,1.1308212976901255,0.0,1.1308212976901255,0.3160212161609299,0.6839787838390701,INSUFFICIENT DATA,,
50015,Lamoille County,VT,50.5,6.1,3.0805,26036.0,VT,LAMOILLE,0.0,,-1.0,1.4062195299271605,0.0,1.4062195299271605,0.39298446796551956,0.6070155320344804,VALID,638.0,Good Access
50017,Orange County,VT,58.0,5.2,3.016,29594.0,VT,ORANGE,0.0,,-1.0,1.390286382389428,0.0,1.390286382389428,0.3885317638358477,0.6114682361641524,VALID,613.0,Good Access
50019,Orleans County,VT,53.4,3.8,2.0292,27492.0,VT,ORLEANS,1.0,15.1,1.0,1.1082985582575304,0.6931471805599453,0.808794001319556,0.22602692789989423,0.7739730721001058,VALID,79.0,Highest Access
50021,Rutland County,VT,48.0,4.0,1.92,60484.0,VT,RUTLAND,1.0,16.8,1.0,1.0715836162801904,0.6931471805599453,0.7820008375020785,0.2185392654091949,0.7814607345908051,VALID,67.0,Highest Access
50023,Washington County,VT,49.6,2.9,1.4384,59958.0,VT,WASHINGTON,1.0,15.6,0.0,0.89134208651019,0.0,0.89134208651019,0.24909595421465036,0.7509040457853496,VALID,111.0,Highest Access
50025,Windham County,VT,65.6,3.8,2.4928,45913.0,VT,WINDHAM,1.0,18.6,-0.3333333333333333,1.2507037068135425,0.0,1.2507037068135425,0.3495237552489989,0.6504762447510011,VALID,423.0,Good Access
50027,Windsor County,VT,72.3,4.2,3.0366000000000004,57968.0,VT,WINDSOR,1.0,16.7,-0.3333333333333333,1.3954027534838818,0.0,1.3954027534838818,0.38996159348170123,0.6100384065182988,VALID,621.0,Good Access
00050,Vermont,VT,54.6,,,,VT,VERMONT,0.0,,-1.0,,0.0,,,,VALID,,
53001,Adams County,WA,73.8,15.9,11.7342,20690.0,WA,ADAMS,0.0,,-1.0,2.5442912874554757,0.0,2.5442912874554757,0.7110319097913455,0.28896809020865455,VALID,2131.0,Low Access
53003,Asotin County,WA,73.1,5.8,4.2398,22424.0,WA,ASOTIN,1.0,15.6,1.0,1.6562833296656052,0.6931471805599453,1.208692379448036,0.3377831992533686,0.6622168007466314,VALID,371.0,Good Access
53005,Benton County,WA,72.8,7.5,5.46,210224.0,WA,BENTON,3.0,12.699999999999998,0.5,1.8656293177945105,0.9162907318741551,1.1991604660665296,0.33511939475541885,0.6648806052445811,VALID,359.0,Good Access
53007,Chelan County,WA,58.5,11.3,6.610500000000001,79518.0,WA,CHELAN,1.0,16.4,-0.3333333333333333,2.0295288727375844,0.0,2.0295288727375844,0.567175542153616,0.432824457846384,VALID,1526.0,Moderate Access
53009,Clallam County,WA,63.5,6.5,4.1275,77593.0,WA,CLALLAM,1.0,15.5,0.0,1.6346182109643987,0.0,1.6346182109643987,0.45681314637684467,0.5431868536231553,VALID,974.0,Good Access
53011,Clark County,WA,103.5,6.8,7.037999999999999,510516.0,WA,CLARK,2.0,13.649999999999999,0.3333333333333333,2.0841802960270095,0.5108256237659907,1.669102822211915,0.46645027366436353,0.5335497263356365,VALID,1021.0,Moderate Access
53013,Columbia County,WA,69.3,8.8,6.098400000000001,3996.0,WA,COLUMBIA,0.0,,-1.0,1.959869406538991,0.0,1.959869406538991,0.5477083909156907,0.4522916090843093,INSUFFICIENT DATA,,
53015,Cowlitz County,WA,117.7,6.1,7.1797,111539.0,WA,COWLITZ,1.0,15.0,1.0,2.1016554751254923,0.6931471805599453,1.5337079782855074,0.4286126035329795,0.5713873964670205,VALID,820.0,Good Access
53017,Douglas County,WA,65.0,12.4,8.06,43733.0,WA,DOUGLAS,0.0,,-1.0,2.203869120054888,0.0,2.203869120054888,0.6158969600253451,0.3841030399746549,VALID,1763.0,Low Access
53019,Ferry County,WA,85.8,5.5,4.718999999999999,7326.0,WA,FERRY,0.0,,-1.0,1.743793964933179,0.0,1.743793964933179,0.48732358566108497,0.5126764143389151,INSUFFICIENT DATA,,
53021,Franklin County,WA,75.1,13.2,9.913199999999998,97676.0,WA,FRANKLIN,1.0,11.5,1.0,2.3899730657292615,0.6931471805599453,1.7441111553155824,0.48741222821725755,0.5125877717827425,VALID,1130.0,Moderate Access
53023,Garfield County,WA,65.3,4.2,2.7426,2326.0,WA,GARFIELD,0.0,,-1.0,1.319780557061551,0.0,1.319780557061551,0.36882808765636754,0.6311719123436325,INSUFFICIENT DATA,,
53025,Grant County,WA,71.8,13.3,9.5494,100428.0,WA,GRANT,1.0,20.3,-0.75,2.356068986266885,0.0,2.356068986266885,0.6584309898655103,0.3415690101344897,VALID,1950.0,Low Access
53027,Grays Harbor County,WA,79.9,7.2,5.752800000000001,76397.0,WA,GRAYS HARBOR,1.0,13.0,0.0,1.9099572336873734,0.0,1.9099572336873734,0.5337598513913449,0.46624014860865515,VALID,1364.0,Moderate Access
53029,Island County,WA,61.3,4.1,2.5133,86747.0,WA,ISLAND,1.0,11.9,1.0,1.2565557667340643,0.6931471805599453,0.916986455396845,0.25626257254753304,0.743737427452467,VALID,121.0,Highest Access
53031,Jefferson County,WA,67.0,4.1,2.747,33313.0,WA,JEFFERSON,1.0,14.0,1.0,1.3209555198115503,0.6931471805599453,0.9639829380570961,0.26939628840159047,0.7306037115984095,VALID,147.0,Highest Access
53033,King County,WA,57.1,5.2,2.9692000000000003,2262713.0,WA,KING,13.0,13.100000000000001,0.3,1.3785645630579495,1.589235205116581,0.524409946022512,0.14655248291435585,0.8534475170856441,VALID,15.0,Highest Access
53035,Kitsap County,WA,73.6,5.3,3.9008,276581.0,WA,KITSAP,1.0,12.5,1.0,1.5893984570963737,0.6931471805599453,1.1598823514010201,0.32414266696433675,0.6758573330356632,VALID,318.0,Good Access
53037,Kittitas County,WA,60.0,5.4,3.24,44736.0,WA,KITTITAS,0.0,,-1.0,1.4445632692438664,0.0,1.4445632692438664,0.40370007365474275,0.5962999263452573,VALID,690.0,Good Access
53039,Klickitat County,WA,70.7,6.5,4.5955,23082.0,WA,KLICKITAT,0.0,,-1.0,1.7219627032759448,0.0,1.7219627032759448,0.48122258466885115,0.5187774153311489,VALID,1097.0,Moderate Access
53041,Lewis County,WA,89.5,7.1,6.354499999999999,83925.0,WA,LEWIS,1.0,13.7,0.0,1.9953123707772604,0.0,1.9953123707772604,0.5576133411370965,0.4423866588629035,VALID,1481.0,Moderate Access
53043,Lincoln County,WA,72.2,3.1,2.2382000000000004,11271.0,WA,LINCOLN,0.0,,-1.0,1.1750176198705151,0.0,1.1750176198705151,0.32837239447161143,0.6716276055283885,VALID,338.0,Good Access
53045,Mason County,WA,71.5,7.2,5.148000000000001,66968.0,WA,MASON,1.0,17.4,1.0,1.8161268256763496,0.6931471805599453,1.3253400640996262,0.37038175681613356,0.6296182431838664,VALID,525.0,Good Access
53047,Okanogan County,WA,66.2,13.9,9.2018,42811.0,WA,OKANOGAN,0.0,,-1.0,2.322564175309358,0.0,2.322564175309358,0.6490676792100886,0.35093232078991143,VALID,1907.0,Low Access
53049,Pacific County,WA,79.6,5.4,4.2984,23750.0,WA,PACIFIC,0.0,,-1.0,1.6674048881886328,0.0,1.6674048881886328,0.4659757661749001,0.5340242338250999,VALID,1016.0,Moderate Access
53051,Pend Oreille County,WA,70.6,6.4,4.5184,13811.0,WA,PEND OREILLE,0.0,,-1.0,1.7080879632004393,0.0,1.7080879632004393,0.4773451265403789,0.522654873459621,VALID,1076.0,Moderate Access
53053,Pierce County,WA,94.0,6.1,5.734,924106.0,WA,PIERCE,5.0,14.780000000000001,0.0,1.9071693207388827,0.0,1.9071693207388827,0.532980736563624,0.467019263436376,VALID,1360.0,Moderate Access
53055,San Juan County,WA,54.5,6.8,3.706,18266.0,WA,SAN JUAN,0.0,,-1.0,1.5488382903051707,0.0,1.5488382903051707,0.4328409459024726,0.5671590540975274,VALID,841.0,Good Access
53057,Skagit County,WA,63.2,6.6,4.1712,130407.0,WA,SKAGIT,2.0,14.149999999999999,0.3333333333333333,1.6431047699045844,0.5108256237659907,1.3158702315080615,0.3677353015198461,0.6322646984801539,VALID,515.0,Good Access
53059,Skamania County,WA,83.6,6.1,5.099599999999999,12276.0,WA,SKAMANIA,0.0,,-1.0,1.8082231952587198,0.0,1.8082231952587198,0.5053290864111862,0.49467091358881377,VALID,1217.0,Moderate Access
53061,Snohomish County,WA,59.7,6.1,3.6417,834648.0,WA,SNOHOMISH,2.0,12.45,-0.2,1.5350806784479982,0.0,1.5350806784479982,0.4289962206223116,0.5710037793776884,VALID,823.0,Good Access
53063,Spokane County,WA,71.6,5.0,3.58,544323.0,WA,SPOKANE,4.0,13.675,0.0,1.5216989981260935,0.0,1.5216989981260935,0.42525655379940747,0.5747434462005925,VALID,801.0,Good Access
53065,Stevens County,WA,72.1,6.7,4.8307,47470.0,WA,STEVENS,0.0,,-1.0,1.763137061765377,0.0,1.763137061765377,0.49272923993883533,0.5072707600611647,VALID,1152.0,Moderate Access
53067,Thurston County,WA,71.8,5.0,3.59,296640.0,WA,THURSTON,2.0,13.3,0.3333333333333333,1.5238800240724537,0.5108256237659907,1.2203898356300031,0.34105218997379927,0.6589478100262007,VALID,387.0,Good Access
53069,Wahkiakum County,WA,95.7,4.8,4.5936,4573.0,WA,WAHKIAKUM,0.0,,-1.0,1.7216230870390246,0.0,1.7216230870390246,0.48112767494576864,0.5188723250542313,INSUFFICIENT DATA,,
53071,Walla Walla County,WA,74.1,8.0,5.928,62102.0,WA,WALLA WALLA,1.0,16.5,1.0,1.935571171260134,0.6931471805599453,1.4125059901760697,0.3947412926886351,0.6052587073113649,VALID,645.0,Good Access
53073,Whatcom County,WA,64.5,5.6,3.612,228432.0,WA,WHATCOM,1.0,12.3,1.0,1.5286616024068127,0.6931471805599453,1.1155589122284864,0.3117559643258643,0.6882440356741357,VALID,272.0,Good Access
53075,Whitman County,WA,68.2,5.4,3.6828,47042.0,WA,WHITMAN,0.0,,-1.0,1.5438962216233802,0.0,1.5438962216233802,0.4314598271011549,0.5685401728988451,VALID,832.0,Good Access
53077,Yakima County,WA,63.9,13.0,8.306999999999999,256605.0,WA,YAKIMA,1.0,16.6,-0.3333333333333333,2.230766805203573,0.0,2.230766805203573,0.6234138322225387,0.37658616777746134,VALID,1797.0,Low Access
00053,Washington,WA,70.7,,,,WA,WASHINGTON,0.0,,-1.0,,0.0,,,,VALID,,
55001,Adams County,WI,71.0,5.2,3.692,20928.0,WI,ADAMS,0.0,,-1.0,1.5458589307912292,0.0,1.5458589307912292,0.43200832909652837,0.5679916709034716,VALID,837.0,Good Access
55003,Ashland County,WI,48.6,6.4,3.1104000000000003,16050.0,WI,ASHLAND,1.0,15.0,1.0,1.413520347373482,0.6931471805599453,1.0315332174538083,0.28827400275890297,0.711725997241097,VALID,202.0,Highest Access
55005,Barron County,WI,56.0,6.7,3.752,46741.0,WI,BARRON,1.0,13.0,-0.3333333333333333,1.5585655820603437,0.0,1.5585655820603437,0.43555935116836303,0.5644406488316369,VALID,855.0,Good Access
55007,Bayfield County,WI,48.3,5.9,2.8497000000000003,16410.0,WI,BAYFIELD,0.0,,-1.0,1.347995223185688,0.0,1.347995223185688,0.3767130055654461,0.6232869944345538,VALID,558.0,Good Access
55009,Brown County,WI,60.1,5.5,3.3055000000000003,269425.0,WI,BROWN,4.0,12.45,0.14285714285714285,1.459893275154083,0.4519851237430572,1.2026367173578654,0.3360908737707265,0.6639091262292736,VALID,366.0,Good Access
55011,Buffalo County,WI,65.0,4.8,3.12,13341.0,WI,BUFFALO,0.0,,-1.0,1.415853163361435,0.0,1.415853163361435,0.39567669931999333,0.6043233006800066,VALID,653.0,Good Access
55013,Burnett County,WI,57.2,6.3,3.6036,16741.0,WI,BURNETT,0.0,,-1.0,1.526838606112199,0.0,1.526838606112199,0.42669287726596866,0.5733071227340314,VALID,808.0,Good Access
55015,Calumet County,WI,58.8,2.7,1.5876,52626.0,WI,CALUMET,0.0,,-1.0,0.9507308051876933,0.0,0.9507308051876933,0.2656928251270046,0.7343071748729955,VALID,136.0,Highest Access
55017,Chippewa County,WI,59.7,4.7,2.8059000000000003,66558.0,WI,CHIPPEWA,0.0,,-1.0,1.3365524942250513,0.0,1.3365524942250513,0.37351520134144817,0.6264847986585518,VALID,542.0,Good Access
55019,Clark County,WI,69.9,21.3,14.888700000000002,34736.0,WI,CLARK,0.0,,-1.0,2.7656081647411357,0.0,2.7656081647411357,0.7728814954505635,0.2271185045494365,VALID,2284.0,Lowest Access
55021,Columbia County,WI,74.7,4.6,3.4362,58322.0,WI,COLUMBIA,1.0,13.3,0.0,1.489798154134552,0.0,1.489798154134552,0.41634149044204083,0.5836585095579592,VALID,747.0,Good Access
55023,Crawford County,WI,66.4,6.8,4.5152,16064.0,WI,CRAWFORD,0.0,,-1.0,1.7075079167804639,0.0,1.7075079167804639,0.4771830257951552,0.5228169742048447,VALID,1075.0,Moderate Access
55025,Dane County,WI,53.3,3.6,1.9188,564777.0,WI,DANE,3.0,12.700000000000001,-0.14285714285714285,1.071172572909328,0.0,1.071172572909328,0.2993516835069369,0.700648316493063,VALID,229.0,Highest Access
55027,Dodge County,WI,78.8,4.0,3.152,88818.0,WI,DODGE,2.0,12.649999999999999,1.0,1.4235901458635876,1.0986122886681096,0.8138417998688005,0.2274375941472722,0.7725624058527278,VALID,80.0,Highest Access
55029,Door County,WI,49.6,3.8,1.8848,30279.0,WI,DOOR,0.0,,-1.0,1.0594555734669158,0.0,1.0594555734669158,0.29607723119416957,0.7039227688058305,VALID,222.0,Highest Access
55031,Douglas County,WI,63.9,4.7,3.0033,44197.0,WI,DOUGLAS,0.0,,-1.0,1.3871190209944466,0.0,1.3871190209944466,0.38764660770896203,0.612353392291038,VALID,612.0,Good Access
55033,Dunn County,WI,60.1,4.9,2.9449,45349.0,WI,DUNN,0.0,,-1.0,1.372423605434099,0.0,1.372423605434099,0.3835398022332803,0.6164601977667197,VALID,595.0,Good Access
55035,Eau Claire County,WI,60.4,6.4,3.8656,106328.0,WI,EAU CLAIRE,2.0,12.65,0.3333333333333333,1.5821900379409632,0.5108256237659907,1.2670870474291325,0.3541022710911513,0.6458977289088488,VALID,444.0,Good Access
55037,Florence County,WI,76.5,6.7,5.125500000000001,4617.0,WI,FLORENCE,0.0,,-1.0,1.8124603857520882,0.0,1.8124603857520882,0.5065132187719359,0.4934867812280641,INSUFFICIENT DATA,,
55039,Fond du Lac County,WI,64.5,3.7,2.3865,104053.0,WI,FOND DU LAC,1.0,13.7,-0.5,1.2197969396728212,0.0,1.2197969396728212,0.34088649827536005,0.6591135017246399,VALID,386.0,Good Access
55041,Forest County,WI,73.5,8.0,5.88,9261.0,WI,FOREST,0.0,,-1.0,1.9286186519452522,0.0,1.9286186519452522,0.5389750026315885,0.4610249973684115,INSUFFICIENT DATA,,
55043,Grant County,WI,62.5,7.5,4.6875,51678.0,WI,GRANT,0.0,,-1.0,1.7382707842770688,0.0,1.7382707842770688,0.4857800683329397,0.5142199316670604,VALID,1114.0,Moderate Access
55045,Green County,WI,69.9,4.2,2.9358000000000004,37036.0,WI,GREEN,1.0,14.9,1.0,1.3701141648908524,0.6931471805599453,0.9998570416160198,0.27942172554053696,0.7205782744594631,VALID,171.0,Highest Access
55047,Green Lake County,WI,69.8,9.0,6.281999999999999,19165.0,WI,GREEN LAKE,0.0,,-1.0,1.9854055497532417,0.0,1.9854055497532417,0.5548447643206763,0.4451552356793237,VALID,1470.0,Moderate Access
55049,Iowa County,WI,56.1,3.4,1.9074,23832.0,WI,IOWA,0.0,,-1.0,1.0672592110100876,0.0,1.0672592110100876,0.2982580488281402,0.7017419511718598,VALID,228.0,Highest Access
55051,Iron County,WI,60.1,5.9,3.5459000000000005,6164.0,WI,IRON,0.0,,-1.0,1.5142257278280893,0.0,1.5142257278280893,0.4231680611497742,0.5768319388502259,INSUFFICIENT DATA,,
55053,Jackson County,WI,71.9,7.8,5.6082,20971.0,WI,JACKSON,0.0,,-1.0,1.8883113021044862,0.0,1.8883113021044862,0.5277106430524736,0.4722893569475264,VALID,1333.0,Moderate Access
55055,Jefferson County,WI,77.6,4.6,3.5695999999999994,85867.0,WI,JEFFERSON,0.0,,-1.0,1.5194256737230734,0.0,1.5194256737230734,0.424621246749533,0.5753787532504671,VALID,797.0,Good Access
55057,Juneau County,WI,72.1,6.7,4.8307,26695.0,WI,JUNEAU,0.0,,-1.0,1.763137061765377,0.0,1.763137061765377,0.49272923993883533,0.5072707600611647,VALID,1152.0,Moderate Access
55059,Kenosha County,WI,79.1,6.2,4.9042,168413.0,WI,KENOSHA,2.0,15.100000000000001,1.0,1.7756639620631685,1.0986122886681096,1.015116295267001,0.28368610215454426,0.7163138978454557,VALID,182.0,Highest Access
55061,Kewaunee County,WI,56.8,4.1,2.3288,20621.0,WI,KEWAUNEE,0.0,,-1.0,1.2026118786865945,0.0,1.2026118786865945,0.3360839323140004,0.6639160676859996,VALID,365.0,Good Access
55063,La Crosse County,WI,74.0,4.6,3.404,120262.0,WI,LA CROSSE,2.0,13.3,1.0,1.4825132188604335,1.0986122886681096,0.8475270989142386,0.23685134430640745,0.7631486556935926,VALID,88.0,Highest Access
55065,Lafayette County,WI,67.1,10.7,7.1797,16788.0,WI,LAFAYETTE,0.0,,-1.0,2.1016554751254923,0.0,2.1016554751254923,0.5873321634082225,0.4126678365917775,VALID,1639.0,Moderate Access
55067,Langlade County,WI,75.2,5.0,3.76,19473.0,WI,LANGLADE,0.0,,-1.0,1.5602476682433286,0.0,1.5602476682433286,0.4360294297938012,0.5639705702061988,VALID,858.0,Good Access
55069,Lincoln County,WI,73.0,4.9,3.5770000000000004,28403.0,WI,LINCOLN,0.0,,-1.0,1.5210437616715051,0.0,1.5210437616715051,0.4250734403210224,0.5749265596789777,VALID,799.0,Good Access
55071,Manitowoc County,WI,57.2,4.4,2.5168000000000004,81314.0,WI,MANITOWOC,1.0,13.1,0.0,1.2575514852271652,0.0,1.2575514852271652,0.3514374468877167,0.6485625531122833,VALID,430.0,Good Access
55073,Marathon County,WI,73.2,6.0,4.392,138067.0,WI,MARATHON,2.0,14.350000000000001,0.3333333333333333,1.684916373610006,0.5108256237659907,1.3493547941819142,0.37709295355595723,0.6229070464440427,VALID,562.0,Good Access
55075,Marinette County,WI,71.3,4.3,3.0659,41907.0,WI,MARINETTE,1.0,11.2,1.0,1.4026351207079428,0.6931471805599453,1.0235895943528874,0.2860540645262177,0.7139459354737823,VALID,197.0,Highest Access
55077,Marquette County,WI,72.6,5.5,3.993,15706.0,WI,MARQUETTE,0.0,,-1.0,1.6080369315184722,0.0,1.6080369315184722,0.4493846974479343,0.5506153025520657,VALID,936.0,Good Access
55078,Menominee County,WI,77.3,22.5,17.3925,4256.0,WI,MENOMINEE,0.0,,-1.0,2.9119429728242823,0.0,2.9119429728242823,0.8137764663107467,0.18622353368925326,INSUFFICIENT DATA,,
55079,Milwaukee County,WI,80.3,7.1,5.7013,927656.0,WI,MILWAUKEE,5.0,11.98,-0.15384615384615385,1.9023015374263097,0.0,1.9023015374263097,0.5316203776761593,0.46837962232384067,VALID,1353.0,Moderate Access
55081,Monroe County,WI,75.8,8.9,6.7462,46169.0,WI,MONROE,0.0,,-1.0,2.0472024005371856,0.0,2.0472024005371856,0.5721146158697661,0.4278853841302339,VALID,1552.0,Moderate Access
55083,Oconto County,WI,70.7,3.6,2.5452,39329.0,WI,OCONTO,0.0,,-1.0,1.2655945758821059,0.0,1.2655945758821059,0.35368518248984854,0.6463148175101514,VALID,440.0,Good Access
55085,Oneida County,WI,66.9,4.8,3.2112,38007.0,WI,ONEIDA,2.0,14.0,1.0,1.4377476427088063,1.0986122886681096,0.8219353953096148,0.22969944390155722,0.7703005560984428,VALID,82.0,Highest Access
55087,Outagamie County,WI,60.1,4.4,2.6444000000000005,191537.0,WI,OUTAGAMIE,2.0,13.100000000000001,1.0,1.2931917428575666,1.0986122886681096,0.7392952941130586,0.20660470263948164,0.7933952973605184,VALID,54.0,Highest Access
55089,Ozaukee County,WI,62.9,2.4,1.5095999999999998,92345.0,WI,OZAUKEE,1.0,11.8,1.0,0.9201233778943313,0.6931471805599453,0.6714709344067359,0.18765039333923186,0.8123496066607682,VALID,35.0,Highest Access
55091,Pepin County,WI,59.9,7.6,4.5524,7372.0,WI,PEPIN,0.0,,-1.0,1.714230266718817,0.0,1.714230266718817,0.4790616649818394,0.5209383350181607,INSUFFICIENT DATA,,
55093,Pierce County,WI,67.8,3.2,2.1696,42351.0,WI,PIERCE,0.0,,-1.0,1.1536053969621494,0.0,1.1536053969621494,0.3223884987508351,0.6776115012491649,VALID,314.0,Good Access
55095,Polk County,WI,64.5,6.1,3.9345,45327.0,WI,POLK,0.0,,-1.0,1.5962513506299247,0.0,1.5962513506299247,0.44609107924922364,0.5539089207507764,VALID,917.0,Good Access
55097,Portage County,WI,72.1,5.0,3.605,70375.0,WI,PORTAGE,1.0,12.2,0.0,1.52714266970727,0.0,1.52714266970727,0.42677785138814067,0.5732221486118594,VALID,809.0,Good Access
55099,Price County,WI,62.7,5.9,3.699300000000001,14077.0,WI,PRICE,0.0,,-1.0,1.5474135614537077,0.0,1.5474135614537077,0.43244278878847175,0.5675572112115282,VALID,839.0,Good Access
55101,Racine County,WI,86.7,5.7,4.9419,196888.0,WI,RACINE,2.0,14.7,1.0,1.782028947548414,1.0986122886681096,1.0187550470935027,0.28470299384191144,0.7152970061580886,VALID,190.0,Highest Access
55103,Richland County,WI,65.4,8.2,5.3628,17229.0,WI,RICHLAND,1.0,13.2,1.0,1.8504685320420684,0.6931471805599453,1.350401331117188,0.3773854205228583,0.6226145794771417,VALID,565.0,Good Access
55105,Rock County,WI,77.6,5.2,4.0352,163944.0,WI,ROCK,3.0,14.5,0.5,1.6164532473280053,0.9162907318741551,1.0389989109584252,0.2903603779851505,0.7096396220148495,VALID,208.0,Highest Access
55107,Rusk County,WI,55.1,6.4,3.5264000000000006,14146.0,WI,RUSK,0.0,,-1.0,1.5099269215651658,0.0,1.5099269215651658,0.4219667095427393,0.5780332904572607,VALID,783.0,Good Access
55109,St. Croix County,WI,68.2,3.7,2.5234000000000005,94819.0,WI,ST. CROIX,0.0,,-1.0,1.259426432510903,0.0,1.259426432510903,0.35196142279978593,0.6480385772002141,VALID,435.0,Good Access
55111,Sauk County,WI,59.1,6.4,3.7824,65759.0,WI,SAUK,2.0,13.4,0.3333333333333333,1.5649425125475362,0.5108256237659907,1.2532744740326667,0.3502421861670527,0.6497578138329473,VALID,426.0,Good Access
55113,Sawyer County,WI,52.5,6.4,3.36,18243.0,WI,SAWYER,0.0,,-1.0,1.4724720573609429,0.0,1.4724720573609429,0.4114995103830321,0.5885004896169679,VALID,724.0,Good Access
55115,Shawano County,WI,67.4,6.2,4.178800000000001,40927.0,WI,SHAWANO,0.0,,-1.0,1.6445733692023552,0.0,1.6445733692023552,0.45959523159213,0.54040476840787,VALID,989.0,Moderate Access
55117,Sheboygan County,WI,59.3,4.2,2.4906,117783.0,WI,SHEBOYGAN,2.0,13.45,1.0,1.2500736412085993,1.0986122886681096,0.7146454231126984,0.1997160083536065,0.8002839916463935,VALID,46.0,Highest Access
55119,Taylor County,WI,70.4,7.3,5.139200000000001,19972.0,WI,TAYLOR,0.0,,-1.0,1.814694440510551,0.0,1.814694440510551,0.50713755146109,0.49286244853891004,VALID,1226.0,Moderate Access
55121,Trempealeau County,WI,69.4,8.3,5.760200000000001,30786.0,WI,TREMPEALEAU,0.0,,-1.0,1.9110524754160383,0.0,1.9110524754160383,0.5340659294814815,0.46593407051851854,VALID,1366.0,Moderate Access
55123,Vernon County,WI,70.9,14.7,10.4223,30915.0,WI,VERNON,0.0,,-1.0,2.435567585000183,0.0,2.435567585000183,0.6806478015811233,0.31935219841887674,VALID,2033.0,Low Access
55125,Vilas County,WI,66.7,6.2,4.135400000000001,23410.0,WI,VILAS,0.0,,-1.0,1.6361577371334821,0.0,1.6361577371334821,0.4572433849417347,0.5427566150582652,VALID,976.0,Good Access
55127,Walworth County,WI,72.7,5.7,4.1439,105447.0,WI,WALWORTH,1.0,14.0,0.0,1.6378115466219398,0.0,1.6378115466219398,0.4577055613147023,0.5422944386852977,VALID,977.0,Moderate Access
55129,Washburn County,WI,73.9,5.7,4.2123,16749.0,WI,WASHBURN,0.0,,-1.0,1.6510212170842429,0.0,1.6510212170842429,0.46139715797379355,0.5386028420262065,VALID,999.0,Moderate Access
55131,Washington County,WI,70.0,3.1,2.17,137320.0,WI,WASHINGTON,1.0,13.6,0.0,1.1537315878891892,0.0,1.1537315878891892,0.322423764278919,0.677576235721081,VALID,315.0,Good Access
55133,Waukesha County,WI,70.8,3.0,2.124,409040.0,WI,WAUKESHA,4.0,14.1,0.0,1.1391142319774397,0.0,1.1391142319774397,0.3183387734835351,0.6816612265164649,VALID,298.0,Good Access
55135,Waupaca County,WI,65.2,5.9,3.8468,51714.0,WI,WAUPACA,0.0,,-1.0,1.5783186933752305,0.0,1.5783186933752305,0.4410795887810113,0.5589204112189887,VALID,885.0,Good Access
55137,Waushara County,WI,65.1,8.5,5.533499999999999,24752.0,WI,WAUSHARA,0.0,,-1.0,1.8769427874470637,0.0,1.8769427874470637,0.5245335788821041,0.47546642111789594,VALID,1315.0,Moderate Access
55139,Winnebago County,WI,61.2,4.8,2.9376,171357.0,WI,WINNEBAGO,2.0,12.3,0.0,1.3705714006546543,0.0,1.3705714006546543,0.3830221819795985,0.6169778180204015,VALID,592.0,Good Access
55141,Wood County,WI,73.4,4.5,3.303,74039.0,WI,WOOD,2.0,13.05,0.3333333333333333,1.4593124538564626,0.5108256237659907,1.1686812987647837,0.3266016355498351,0.6733983644501649,VALID,328.0,Good Access
00055,Wisconsin,WI,68.5,,,,WI,WISCONSIN,0.0,,-1.0,,0.0,,,,VALID,,
54001,Barbour County,WV,66.0,5.9,3.894,15454.0,WV,BARBOUR,0.0,,-1.0,1.58800996502048,0.0,1.58800996502048,0.4437879278065794,0.5562120721934206,VALID,901.0,Good Access
54003,Berkeley County,WV,90.4,6.2,5.6048,126165.0,WV,BERKELEY,1.0,14.3,0.0,1.8877966574249971,0.0,1.8877966574249971,0.5275668195873203,0.4724331804126797,VALID,1332.0,Moderate Access
54005,Boone County,WV,84.9,5.5,4.6695,21312.0,WV,BOONE,0.0,,-1.0,1.7351009304297575,0.0,1.7351009304297575,0.48489421566114627,0.5151057843388538,VALID,1113.0,Moderate Access
54007,Braxton County,WV,102.7,9.6,9.8592,12345.0,WV,BRAXTON,0.0,,-1.0,2.3850126469673567,0.0,2.3850126469673567,0.6665196338213645,0.3334803661786355,VALID,1979.0,Low Access
54009,Brooke County,WV,71.4,6.4,4.5696,22053.0,WV,BROOKE,0.0,,-1.0,1.7173232380750374,0.0,1.7173232380750374,0.479926031943746,0.520073968056254,VALID,1090.0,Moderate Access
54011,Cabell County,WV,109.0,7.2,7.848000000000001,93300.0,WV,CABELL,2.0,16.6,-0.25,2.1801914447799793,0.0,2.1801914447799793,0.6092799571872091,0.39072004281279094,VALID,1733.0,Low Access
54013,Calhoun County,WV,82.9,11.4,9.4506,6158.0,WV,CALHOUN,0.0,,-1.0,2.346659393030512,0.0,2.346659393030512,0.6558013691604418,0.34419863083955815,INSUFFICIENT DATA,,
54015,Clay County,WV,90.0,5.4,4.86,7946.0,WV,CLAY,0.0,,-1.0,1.7681496035889213,0.0,1.7681496035889213,0.49413005328252607,0.5058699467174739,INSUFFICIENT DATA,,
54017,Doddridge County,WV,62.8,8.3,5.2124,7767.0,WV,DODDRIDGE,0.0,,-1.0,1.826547294713719,0.0,1.826547294713719,0.5104499699731171,0.4895500300268829,INSUFFICIENT DATA,,
54019,Fayette County,WV,80.6,8.4,6.7704,39987.0,WV,FAYETTE,0.0,,-1.0,2.050321643105984,0.0,2.050321643105984,0.5729863246287946,0.4270136753712054,VALID,1556.0,Moderate Access
54021,Gilmer County,WV,75.7,8.1,6.1317,7376.0,WV,GILMER,0.0,,-1.0,1.9645496351789973,0.0,1.9645496351789973,0.5490163354598439,0.45098366454015615,INSUFFICIENT DATA,,
54023,Grant County,WV,63.4,5.0,3.17,10972.0,WV,GRANT,0.0,,-1.0,1.4279160358107101,0.0,1.4279160358107101,0.3990478098832635,0.6009521901167365,VALID,668.0,Good Access
54025,Greenbrier County,WV,77.7,6.3,4.8951,32688.0,WV,GREENBRIER,1.0,13.0,1.0,1.7741214973738693,0.6931471805599453,1.2946861781937218,0.3618151704564408,0.6381848295435593,VALID,485.0,Good Access
54027,Hampshire County,WV,81.9,8.8,7.207200000000001,23340.0,WV,HAMPSHIRE,0.0,,-1.0,2.105011817791366,0.0,2.105011817791366,0.5882701325579801,0.4117298674420199,VALID,1641.0,Moderate Access
54029,Hancock County,WV,72.3,8.2,5.928599999999999,28658.0,WV,HANCOCK,1.0,13.6,1.0,1.9356577725909618,0.6931471805599453,1.4125691885230836,0.39475895420467083,0.6052410457953292,VALID,647.0,Good Access
54031,Hardy County,WV,74.0,6.7,4.958,14236.0,WV,HARDY,0.0,,-1.0,1.7847348542910906,0.0,1.7847348542910906,0.498764995256063,0.501235004743937,VALID,1175.0,Moderate Access
54033,Harrison County,WV,62.3,7.0,4.361,65407.0,WV,HARRISON,1.0,14.5,-0.3333333333333333,1.6791505248454006,0.0,1.6791505248454006,0.46925822149161395,0.5307417785083861,VALID,1033.0,Moderate Access
54035,Jackson County,WV,95.6,6.2,5.9272,27753.0,WV,JACKSON,0.0,,-1.0,1.9354556911514544,0.0,1.9354556911514544,0.5408856930733917,0.45911430692660826,VALID,1402.0,Moderate Access
54037,Jefferson County,WV,87.0,6.1,5.307,58546.0,WV,JEFFERSON,0.0,,-1.0,1.8416601276815143,0.0,1.8416601276815143,0.514673427617464,0.48532657238253596,VALID,1260.0,Moderate Access
54039,Kanawha County,WV,86.8,4.7,4.0796,178198.0,WV,KANAWHA,1.0,17.9,-0.75,1.6252325183327412,0.0,1.6252325183327412,0.4541902049748497,0.5458097950251504,VALID,960.0,Good Access
54041,Lewis County,WV,76.3,6.6,5.035799999999999,16808.0,WV,LEWIS,0.0,,-1.0,1.7977084058304655,0.0,1.7977084058304655,0.5023906057249978,0.49760939427500217,VALID,1194.0,Moderate Access
54043,Lincoln County,WV,101.5,5.1,5.1765,20170.0,WV,LINCOLN,0.0,,-1.0,1.8207517679947314,0.0,1.8207517679947314,0.5088303423575348,0.49116965764246523,VALID,1236.0,Moderate Access
54045,Logan County,WV,74.8,6.8,5.0864,31826.0,WV,LOGAN,0.0,,-1.0,1.8060567739288795,0.0,1.8060567739288795,0.5047236546734116,0.4952763453265884,VALID,1210.0,Moderate Access
54047,McDowell County,WV,78.7,7.7,6.0599,18413.0,WV,MCDOWELL,0.0,,-1.0,1.954430887098887,0.0,1.954430887098887,0.5461885331529414,0.45381146684705864,VALID,1434.0,Moderate Access
54049,Marion County,WV,62.2,6.4,3.9808,56042.0,WV,MARION,0.0,,-1.0,1.6055905207052066,0.0,1.6055905207052066,0.4487010193795988,0.5512989806204012,VALID,933.0,Good Access
54051,Marshall County,WV,72.8,5.7,4.1496,30129.0,WV,MARSHALL,1.0,15.2,1.0,1.6389190417562691,0.6931471805599453,1.1960205846562635,0.33424191823114374,0.6657580817688562,VALID,354.0,Good Access
54053,Mason County,WV,105.2,5.3,5.5756,25214.0,WV,MASON,0.0,,-1.0,1.8833658286532182,0.0,1.8833658286532182,0.5263285727485681,0.47367142725143185,VALID,1328.0,Moderate Access
54055,Mercer County,WV,87.4,5.7,4.981800000000001,59062.0,WV,MERCER,1.0,14.2,1.0,1.7887215260146039,0.6931471805599453,1.3053407220399982,0.36479270714664813,0.6352072928533519,VALID,500.0,Good Access
54057,Mineral County,WV,75.3,4.9,3.6897,26922.0,WV,MINERAL,1.0,12.3,1.0,1.5453686145274221,0.6931471805599453,1.1277510522276273,0.3151632002153926,0.6848367997846074,VALID,285.0,Good Access
54059,Mingo County,WV,79.7,7.4,5.897800000000001,22979.0,WV,MINGO,0.0,,-1.0,1.9312025201830392,0.0,1.9312025201830392,0.5396970947822873,0.46030290521771267,VALID,1392.0,Moderate Access
54061,Monongalia County,WV,66.2,5.3,3.5086,106520.0,WV,MONONGALIA,2.0,12.95,1.0,1.5059866840378953,1.0986122886681096,0.8609464719020969,0.2406015447849469,0.7593984552150531,VALID,93.0,Highest Access
54063,Monroe County,WV,84.3,8.0,6.744,12401.0,WV,MONROE,0.0,,-1.0,2.046918349974276,0.0,2.046918349974276,0.5720352346231223,0.42796476537687766,VALID,1550.0,Moderate Access
54065,Morgan County,WV,89.1,6.5,5.7915,17327.0,WV,MORGAN,0.0,,-1.0,1.9156718302804083,0.0,1.9156718302804083,0.5353568621382143,0.4646431378617857,VALID,1372.0,Moderate Access
54067,Nicholas County,WV,100.8,6.2,6.2496,24446.0,WV,NICHOLAS,0.0,,-1.0,1.9809462949307366,0.0,1.9809462949307366,0.5535985734901196,0.44640142650988035,VALID,1465.0,Moderate Access
54069,Ohio County,WV,71.4,5.2,3.7128,41904.0,WV,OHIO,1.0,12.8,1.0,1.5502822112253405,0.6931471805599453,1.1313368076223,0.3161652814310496,0.6838347185689504,VALID,289.0,Good Access
54071,Pendleton County,WV,71.0,7.2,5.112,6111.0,WV,PENDLETON,0.0,,-1.0,1.8102540518642194,0.0,1.8102540518642194,0.5058966330037641,0.4941033669962359,INSUFFICIENT DATA,,
54073,Pleasants County,WV,67.8,9.0,6.101999999999999,7572.0,WV,PLEASANTS,0.0,,-1.0,1.960376434520896,0.0,1.960376434520896,0.5478500858057644,0.45214991419423556,INSUFFICIENT DATA,,
54075,Pocahontas County,WV,79.4,5.7,4.5258,7855.0,WV,POCAHONTAS,0.0,,-1.0,1.709428033301923,0.0,1.709428033301923,0.47771962477814367,0.5222803752218563,INSUFFICIENT DATA,,
54077,Preston County,WV,66.9,6.9,4.6161,34204.0,WV,PRESTON,0.0,,-1.0,1.7256374728327866,0.0,1.7256374728327866,0.48224954193153835,0.5177504580684616,VALID,1104.0,Moderate Access
54079,Putnam County,WV,89.1,6.2,5.5242,57250.0,WV,PUTNAM,0.0,,-1.0,1.8755183403281204,0.0,1.8755183403281204,0.5241355005015458,0.4758644994984542,VALID,1313.0,Moderate Access
54081,Raleigh County,WV,84.0,4.6,3.864,73666.0,WV,RALEIGH,2.0,12.149999999999999,0.3333333333333333,1.5818611446638657,0.5108256237659907,1.2668236552945573,0.35402866308353265,0.6459713369164674,VALID,442.0,Good Access
54083,Randolph County,WV,80.7,7.4,5.971800000000001,27782.0,WV,RANDOLPH,1.0,17.6,1.0,1.941873441073054,0.6931471805599453,1.417105146226043,0.3960265805508246,0.6039734194491754,VALID,654.0,Good Access
54085,Ritchie County,WV,64.7,7.0,4.529,8372.0,WV,RITCHIE,0.0,,-1.0,1.7100069673557958,0.0,1.7100069673557958,0.477881414659671,0.522118585340329,INSUFFICIENT DATA,,
54087,Roane County,WV,88.7,6.9,6.120300000000001,13921.0,WV,ROANE,0.0,,-1.0,1.9629498593676982,0.0,1.9629498593676982,0.5485692594289057,0.45143074057109434,VALID,1448.0,Moderate Access
54089,Summers County,WV,82.4,4.4,3.6256,11833.0,WV,SUMMERS,0.0,,-1.0,1.5316060922799446,0.0,1.5316060922799446,0.4280252069451486,0.5719747930548513,VALID,816.0,Good Access
54091,Taylor County,WV,61.9,7.0,4.333,16543.0,WV,TAYLOR,0.0,,-1.0,1.6739139316184652,0.0,1.6739139316184652,0.467794794367013,0.532205205632987,VALID,1029.0,Moderate Access
54093,Tucker County,WV,65.1,4.7,3.0597,6698.0,WV,TUCKER,0.0,,-1.0,1.4011090792579048,0.0,1.4011090792579048,0.39155629285162,0.6084437071483799,INSUFFICIENT DATA,,
54095,Tyler County,WV,67.9,6.7,4.549300000000001,8181.0,WV,TYLER,0.0,,-1.0,1.7136717936776484,0.0,1.7136717936776484,0.4789055931692341,0.5210944068307659,INSUFFICIENT DATA,,
54097,Upshur County,WV,63.3,7.3,4.6209,23758.0,WV,UPSHUR,0.0,,-1.0,1.726491793432937,0.0,1.726491793432937,0.4824882917990925,0.5175117082009075,VALID,1105.0,Moderate Access
54099,Wayne County,WV,100.9,6.0,6.054000000000001,38498.0,WV,WAYNE,0.0,,-1.0,1.9535948318138605,0.0,1.9535948318138605,0.5459548877409814,0.45404511225901856,VALID,1431.0,Moderate Access
54101,Webster County,WV,94.8,4.8,4.5504,8253.0,WV,WEBSTER,0.0,,-1.0,1.7138699972333482,0.0,1.7138699972333482,0.47896098346728344,0.5210390165327166,INSUFFICIENT DATA,,
54103,Wetzel County,WV,70.6,4.0,2.824,14233.0,WV,WETZEL,0.0,,-1.0,1.341296995189155,0.0,1.341296995189155,0.3748411075370738,0.6251588924629262,VALID,547.0,Good Access
54105,Wirt County,WV,74.5,5.1,3.7995,5131.0,WV,WIRT,0.0,,-1.0,1.5685117458214546,0.0,1.5685117458214546,0.43833892277206604,0.561661077227934,INSUFFICIENT DATA,,
54107,Wood County,WV,70.2,6.6,4.6332,83829.0,WV,WOOD,1.0,14.2,1.0,1.7286776643417583,0.6931471805599453,1.2615230027303117,0.3525473338291039,0.6474526661708961,VALID,438.0,Good Access
54109,Wyoming County,WV,79.4,7.1,5.6374,20948.0,WV,WYOMING,0.0,,-1.0,1.8927203205411942,0.0,1.8927203205411942,0.5289427947384124,0.47105720526158756,VALID,1342.0,Moderate Access
00054,West Virginia,WV,80.3,,,,WV,WEST VIRGINIA,0.0,,-1.0,,0.0,,,,VALID,,
56001,Albany County,WY,63.4,7.8,4.9452,37713.0,WY,ALBANY,0.0,,-1.0,1.7825841712926027,0.0,1.7825841712926027,0.49816396177876016,0.5018360382212399,VALID,1172.0,Moderate Access
56003,Big Horn County,WY,62.2,14.6,9.0812,11737.0,WY,BIG HORN,0.0,,-1.0,2.310672303176665,0.0,2.310672303176665,0.645744356682046,0.354255643317954,VALID,1888.0,Low Access
56005,Campbell County,WY,65.6,13.0,8.527999999999999,47018.0,WY,CAMPBELL,0.0,,-1.0,2.254234832052999,0.0,2.254234832052999,0.6299722463601234,0.3700277536398766,VALID,1821.0,Low Access
56007,Carbon County,WY,61.6,13.5,8.316,14549.0,WY,CARBON,0.0,,-1.0,2.2317333520220948,0.0,2.2317333520220948,0.6236839450172743,0.3763160549827257,VALID,1799.0,Low Access
56009,Converse County,WY,64.5,10.6,6.837,13759.0,WY,CONVERSE,0.0,,-1.0,2.0588561080707275,0.0,2.0588561080707275,0.5753713805195444,0.4246286194804556,VALID,1571.0,Moderate Access
56011,Crook County,WY,62.1,6.2,3.850200000000001,7339.0,WY,CROOK,0.0,,-1.0,1.5790199412125676,0.0,1.5790199412125676,0.4412755606775772,0.5587244393224228,INSUFFICIENT DATA,,
56013,Fremont County,WY,63.9,18.6,11.8854,39472.0,WY,FREMONT,1.0,13.7,1.0,2.5560948874719154,0.6931471805599453,1.8653405225403974,0.5212911904750981,0.4787088095249019,VALID,1296.0,Moderate Access
56015,Goshen County,WY,59.1,9.5,5.6145000000000005,12587.0,WY,GOSHEN,0.0,,-1.0,1.8892642089202978,0.0,1.8892642089202978,0.5279769439891786,0.4720230560108214,VALID,1337.0,Moderate Access
56017,Hot Springs County,WY,57.4,13.7,7.8638,4618.0,WY,HOT SPRINGS,0.0,,-1.0,2.1819755665734806,0.0,2.1819755665734806,0.6097785508554687,0.3902214491445313,INSUFFICIENT DATA,,
56019,Johnson County,WY,61.0,10.1,6.1610000000000005,8602.0,WY,JOHNSON,0.0,,-1.0,1.9686496360248027,0.0,1.9686496360248027,0.550162128571628,0.44983787142837195,INSUFFICIENT DATA,,
56021,Laramie County,WY,63.1,9.6,6.0576,100661.0,WY,LARAMIE,1.0,12.1,0.0,1.9541050503685382,0.0,1.9541050503685382,0.5460974742738727,0.4539025257261273,VALID,1432.0,Moderate Access
56023,Lincoln County,WY,61.4,13.1,8.043399999999998,20158.0,WY,LINCOLN,0.0,,-1.0,2.2020352098885696,0.0,2.2020352098885696,0.6153844524149263,0.38461554758507366,VALID,1762.0,Low Access
56025,Natrona County,WY,57.2,11.7,6.6924,79735.0,WY,NATRONA,1.0,13.5,-0.3333333333333333,2.0402328284545552,0.0,2.0402328284545552,0.5701668875680679,0.4298331124319321,VALID,1537.0,Moderate Access
56027,Niobrara County,WY,57.7,8.5,4.9045000000000005,2415.0,WY,NIOBRARA,0.0,,-1.0,1.7757147720591995,0.0,1.7757147720591995,0.4962442279494899,0.5037557720505101,INSUFFICIENT DATA,,
56029,Park County,WY,56.2,10.3,5.7886,30109.0,WY,PARK,1.0,15.6,0.0,1.9152447347444281,0.0,1.9152447347444281,0.5352375053035199,0.4647624946964801,VALID,1371.0,Moderate Access
56031,Platte County,WY,64.1,22.5,14.422499999999998,8606.0,WY,PLATTE,0.0,,-1.0,2.7358274821016564,0.0,2.7358274821016564,0.7645589359400069,0.2354410640599931,INSUFFICIENT DATA,,
56033,Sheridan County,WY,63.2,9.1,5.7512,31585.0,WY,SHERIDAN,1.0,14.9,0.0,1.9097202668616198,0.0,1.9097202668616198,0.5336936282448429,0.4663063717551571,VALID,1363.0,Moderate Access
56035,Sublette County,WY,51.3,9.7,4.9761,8806.0,WY,SUBLETTE,0.0,,-1.0,1.787768181291582,0.0,1.787768181291582,0.49961269390629814,0.5003873060937019,INSUFFICIENT DATA,,
56037,Sweetwater County,WY,64.9,12.9,8.372100000000001,41786.0,WY,SWEETWATER,1.0,14.6,1.0,2.237737190669717,0.6931471805599453,1.6330152221697571,0.4563651724401937,0.5436348275598063,VALID,973.0,Good Access
56039,Teton County,WY,37.1,10.0,3.71,23358.0,WY,TETON,0.0,,-1.0,1.5496879080283263,0.0,1.5496879080283263,0.4330783814961353,0.5669216185038647,VALID,842.0,Good Access
56041,Uinta County,WY,42.1,10.9,4.588900000000001,20605.0,WY,UINTA,0.0,,-1.0,1.7207824878390685,0.0,1.7207824878390685,0.4808927596837227,0.5191072403162773,VALID,1095.0,Moderate Access
56043,Washakie County,WY,64.5,12.4,7.998000000000001,7708.0,WY,WASHAKIE,0.0,,-1.0,2.1970023304189805,0.0,2.1970023304189805,0.6139779554785672,0.38602204452143285,INSUFFICIENT DATA,,
56045,Weston County,WY,54.1,14.9,8.0609,6835.0,WY,WESTON,0.0,,-1.0,2.203968452869565,0.0,2.203968452869565,0.6159247197403089,0.38407528025969107,INSUFFICIENT DATA,,
00056,Wyoming,WY,58.6,,,,WY,WYOMING,0.0,,-1.0,,0.0,,,,VALID,,
